key,english,assamese,konkani,gujarati,marathi,meitei,mizo,odia,punjabi,nepali,bengali,kashmiri,ladakhi
ui_0001,10-digit number,"=IFERROR(GOOGLETRANSLATE($B2,""en"",""as""),$B2)","=IFERROR(GOOGLETRANSLATE($B2,""en"",""gom""),$B2)","=IFERROR(GOOGLETRANSLATE($B2,""en"",""gu""),$B2)","=IFERROR(GOOGLETRANSLATE($B2,""en"",""mr""),$B2)","=IFERROR(GOOGLETRANSLATE($B2,""en"",""mni-Mtei""),$B2)","=IFERROR(GOOGLETRANSLATE($B2,""en"",""lus""),$B2)","=IFERROR(GOOGLETRANSLATE($B2,""en"",""or""),$B2)","=IFERROR(GOOGLETRANSLATE($B2,""en"",""pa""),$B2)","=IFERROR(GOOGLETRANSLATE($B2,""en"",""ne""),$B2)","=IFERROR(GOOGLETRANSLATE($B2,""en"",""bn""),$B2)","=IFERROR(GOOGLETRANSLATE($B2,""en"",""ks""),$B2)",=$B2
ui_0002,3-day trial plan,"=IFERROR(GOOGLETRANSLATE($B3,""en"",""as""),$B3)","=IFERROR(GOOGLETRANSLATE($B3,""en"",""gom""),$B3)","=IFERROR(GOOGLETRANSLATE($B3,""en"",""gu""),$B3)","=IFERROR(GOOGLETRANSLATE($B3,""en"",""mr""),$B3)","=IFERROR(GOOGLETRANSLATE($B3,""en"",""mni-Mtei""),$B3)","=IFERROR(GOOGLETRANSLATE($B3,""en"",""lus""),$B3)","=IFERROR(GOOGLETRANSLATE($B3,""en"",""or""),$B3)","=IFERROR(GOOGLETRANSLATE($B3,""en"",""pa""),$B3)","=IFERROR(GOOGLETRANSLATE($B3,""en"",""ne""),$B3)","=IFERROR(GOOGLETRANSLATE($B3,""en"",""bn""),$B3)","=IFERROR(GOOGLETRANSLATE($B3,""en"",""ks""),$B3)",=$B3
ui_0003,A few permissions are needed,"=IFERROR(GOOGLETRANSLATE($B4,""en"",""as""),$B4)","=IFERROR(GOOGLETRANSLATE($B4,""en"",""gom""),$B4)","=IFERROR(GOOGLETRANSLATE($B4,""en"",""gu""),$B4)","=IFERROR(GOOGLETRANSLATE($B4,""en"",""mr""),$B4)","=IFERROR(GOOGLETRANSLATE($B4,""en"",""mni-Mtei""),$B4)","=IFERROR(GOOGLETRANSLATE($B4,""en"",""lus""),$B4)","=IFERROR(GOOGLETRANSLATE($B4,""en"",""or""),$B4)","=IFERROR(GOOGLETRANSLATE($B4,""en"",""pa""),$B4)","=IFERROR(GOOGLETRANSLATE($B4,""en"",""ne""),$B4)","=IFERROR(GOOGLETRANSLATE($B4,""en"",""bn""),$B4)","=IFERROR(GOOGLETRANSLATE($B4,""en"",""ks""),$B4)",=$B4
ui_0004,A last autosaved project was found. Do you want to restore it?,"=IFERROR(GOOGLETRANSLATE($B5,""en"",""as""),$B5)","=IFERROR(GOOGLETRANSLATE($B5,""en"",""gom""),$B5)","=IFERROR(GOOGLETRANSLATE($B5,""en"",""gu""),$B5)","=IFERROR(GOOGLETRANSLATE($B5,""en"",""mr""),$B5)","=IFERROR(GOOGLETRANSLATE($B5,""en"",""mni-Mtei""),$B5)","=IFERROR(GOOGLETRANSLATE($B5,""en"",""lus""),$B5)","=IFERROR(GOOGLETRANSLATE($B5,""en"",""or""),$B5)","=IFERROR(GOOGLETRANSLATE($B5,""en"",""pa""),$B5)","=IFERROR(GOOGLETRANSLATE($B5,""en"",""ne""),$B5)","=IFERROR(GOOGLETRANSLATE($B5,""en"",""bn""),$B5)","=IFERROR(GOOGLETRANSLATE($B5,""en"",""ks""),$B5)",=$B5
ui_0005,A new app update is ready,"=IFERROR(GOOGLETRANSLATE($B6,""en"",""as""),$B6)","=IFERROR(GOOGLETRANSLATE($B6,""en"",""gom""),$B6)","=IFERROR(GOOGLETRANSLATE($B6,""en"",""gu""),$B6)","=IFERROR(GOOGLETRANSLATE($B6,""en"",""mr""),$B6)","=IFERROR(GOOGLETRANSLATE($B6,""en"",""mni-Mtei""),$B6)","=IFERROR(GOOGLETRANSLATE($B6,""en"",""lus""),$B6)","=IFERROR(GOOGLETRANSLATE($B6,""en"",""or""),$B6)","=IFERROR(GOOGLETRANSLATE($B6,""en"",""pa""),$B6)","=IFERROR(GOOGLETRANSLATE($B6,""en"",""ne""),$B6)","=IFERROR(GOOGLETRANSLATE($B6,""en"",""bn""),$B6)","=IFERROR(GOOGLETRANSLATE($B6,""en"",""ks""),$B6)",=$B6
ui_0006,A newer version is available on the Play Store. Update now for the latest improvements.,"=IFERROR(GOOGLETRANSLATE($B7,""en"",""as""),$B7)","=IFERROR(GOOGLETRANSLATE($B7,""en"",""gom""),$B7)","=IFERROR(GOOGLETRANSLATE($B7,""en"",""gu""),$B7)","=IFERROR(GOOGLETRANSLATE($B7,""en"",""mr""),$B7)","=IFERROR(GOOGLETRANSLATE($B7,""en"",""mni-Mtei""),$B7)","=IFERROR(GOOGLETRANSLATE($B7,""en"",""lus""),$B7)","=IFERROR(GOOGLETRANSLATE($B7,""en"",""or""),$B7)","=IFERROR(GOOGLETRANSLATE($B7,""en"",""pa""),$B7)","=IFERROR(GOOGLETRANSLATE($B7,""en"",""ne""),$B7)","=IFERROR(GOOGLETRANSLATE($B7,""en"",""bn""),$B7)","=IFERROR(GOOGLETRANSLATE($B7,""en"",""ks""),$B7)",=$B7
ui_0007,A Telugu-first app for creating posters with ease,"=IFERROR(GOOGLETRANSLATE($B8,""en"",""as""),$B8)","=IFERROR(GOOGLETRANSLATE($B8,""en"",""gom""),$B8)","=IFERROR(GOOGLETRANSLATE($B8,""en"",""gu""),$B8)","=IFERROR(GOOGLETRANSLATE($B8,""en"",""mr""),$B8)","=IFERROR(GOOGLETRANSLATE($B8,""en"",""mni-Mtei""),$B8)","=IFERROR(GOOGLETRANSLATE($B8,""en"",""lus""),$B8)","=IFERROR(GOOGLETRANSLATE($B8,""en"",""or""),$B8)","=IFERROR(GOOGLETRANSLATE($B8,""en"",""pa""),$B8)","=IFERROR(GOOGLETRANSLATE($B8,""en"",""ne""),$B8)","=IFERROR(GOOGLETRANSLATE($B8,""en"",""bn""),$B8)","=IFERROR(GOOGLETRANSLATE($B8,""en"",""ks""),$B8)",=$B8
ui_0008,About App,"=IFERROR(GOOGLETRANSLATE($B9,""en"",""as""),$B9)","=IFERROR(GOOGLETRANSLATE($B9,""en"",""gom""),$B9)","=IFERROR(GOOGLETRANSLATE($B9,""en"",""gu""),$B9)","=IFERROR(GOOGLETRANSLATE($B9,""en"",""mr""),$B9)","=IFERROR(GOOGLETRANSLATE($B9,""en"",""mni-Mtei""),$B9)","=IFERROR(GOOGLETRANSLATE($B9,""en"",""lus""),$B9)","=IFERROR(GOOGLETRANSLATE($B9,""en"",""or""),$B9)","=IFERROR(GOOGLETRANSLATE($B9,""en"",""pa""),$B9)","=IFERROR(GOOGLETRANSLATE($B9,""en"",""ne""),$B9)","=IFERROR(GOOGLETRANSLATE($B9,""en"",""bn""),$B9)","=IFERROR(GOOGLETRANSLATE($B9,""en"",""ks""),$B9)",=$B9
ui_0009,Account,"=IFERROR(GOOGLETRANSLATE($B10,""en"",""as""),$B10)","=IFERROR(GOOGLETRANSLATE($B10,""en"",""gom""),$B10)","=IFERROR(GOOGLETRANSLATE($B10,""en"",""gu""),$B10)","=IFERROR(GOOGLETRANSLATE($B10,""en"",""mr""),$B10)","=IFERROR(GOOGLETRANSLATE($B10,""en"",""mni-Mtei""),$B10)","=IFERROR(GOOGLETRANSLATE($B10,""en"",""lus""),$B10)","=IFERROR(GOOGLETRANSLATE($B10,""en"",""or""),$B10)","=IFERROR(GOOGLETRANSLATE($B10,""en"",""pa""),$B10)","=IFERROR(GOOGLETRANSLATE($B10,""en"",""ne""),$B10)","=IFERROR(GOOGLETRANSLATE($B10,""en"",""bn""),$B10)","=IFERROR(GOOGLETRANSLATE($B10,""en"",""ks""),$B10)",=$B10
ui_0010,Account and Content Responsibility,"=IFERROR(GOOGLETRANSLATE($B11,""en"",""as""),$B11)","=IFERROR(GOOGLETRANSLATE($B11,""en"",""gom""),$B11)","=IFERROR(GOOGLETRANSLATE($B11,""en"",""gu""),$B11)","=IFERROR(GOOGLETRANSLATE($B11,""en"",""mr""),$B11)","=IFERROR(GOOGLETRANSLATE($B11,""en"",""mni-Mtei""),$B11)","=IFERROR(GOOGLETRANSLATE($B11,""en"",""lus""),$B11)","=IFERROR(GOOGLETRANSLATE($B11,""en"",""or""),$B11)","=IFERROR(GOOGLETRANSLATE($B11,""en"",""pa""),$B11)","=IFERROR(GOOGLETRANSLATE($B11,""en"",""ne""),$B11)","=IFERROR(GOOGLETRANSLATE($B11,""en"",""bn""),$B11)","=IFERROR(GOOGLETRANSLATE($B11,""en"",""ks""),$B11)",=$B11
ui_0011,Account deleted successfully.,"=IFERROR(GOOGLETRANSLATE($B12,""en"",""as""),$B12)","=IFERROR(GOOGLETRANSLATE($B12,""en"",""gom""),$B12)","=IFERROR(GOOGLETRANSLATE($B12,""en"",""gu""),$B12)","=IFERROR(GOOGLETRANSLATE($B12,""en"",""mr""),$B12)","=IFERROR(GOOGLETRANSLATE($B12,""en"",""mni-Mtei""),$B12)","=IFERROR(GOOGLETRANSLATE($B12,""en"",""lus""),$B12)","=IFERROR(GOOGLETRANSLATE($B12,""en"",""or""),$B12)","=IFERROR(GOOGLETRANSLATE($B12,""en"",""pa""),$B12)","=IFERROR(GOOGLETRANSLATE($B12,""en"",""ne""),$B12)","=IFERROR(GOOGLETRANSLATE($B12,""en"",""bn""),$B12)","=IFERROR(GOOGLETRANSLATE($B12,""en"",""ks""),$B12)",=$B12
ui_0012,Account deletion,"=IFERROR(GOOGLETRANSLATE($B13,""en"",""as""),$B13)","=IFERROR(GOOGLETRANSLATE($B13,""en"",""gom""),$B13)","=IFERROR(GOOGLETRANSLATE($B13,""en"",""gu""),$B13)","=IFERROR(GOOGLETRANSLATE($B13,""en"",""mr""),$B13)","=IFERROR(GOOGLETRANSLATE($B13,""en"",""mni-Mtei""),$B13)","=IFERROR(GOOGLETRANSLATE($B13,""en"",""lus""),$B13)","=IFERROR(GOOGLETRANSLATE($B13,""en"",""or""),$B13)","=IFERROR(GOOGLETRANSLATE($B13,""en"",""pa""),$B13)","=IFERROR(GOOGLETRANSLATE($B13,""en"",""ne""),$B13)","=IFERROR(GOOGLETRANSLATE($B13,""en"",""bn""),$B13)","=IFERROR(GOOGLETRANSLATE($B13,""en"",""ks""),$B13)",=$B13
ui_0013,Account Deletion and Device Access,"=IFERROR(GOOGLETRANSLATE($B14,""en"",""as""),$B14)","=IFERROR(GOOGLETRANSLATE($B14,""en"",""gom""),$B14)","=IFERROR(GOOGLETRANSLATE($B14,""en"",""gu""),$B14)","=IFERROR(GOOGLETRANSLATE($B14,""en"",""mr""),$B14)","=IFERROR(GOOGLETRANSLATE($B14,""en"",""mni-Mtei""),$B14)","=IFERROR(GOOGLETRANSLATE($B14,""en"",""lus""),$B14)","=IFERROR(GOOGLETRANSLATE($B14,""en"",""or""),$B14)","=IFERROR(GOOGLETRANSLATE($B14,""en"",""pa""),$B14)","=IFERROR(GOOGLETRANSLATE($B14,""en"",""ne""),$B14)","=IFERROR(GOOGLETRANSLATE($B14,""en"",""bn""),$B14)","=IFERROR(GOOGLETRANSLATE($B14,""en"",""ks""),$B14)",=$B14
ui_0014,Account deletion failed.,"=IFERROR(GOOGLETRANSLATE($B15,""en"",""as""),$B15)","=IFERROR(GOOGLETRANSLATE($B15,""en"",""gom""),$B15)","=IFERROR(GOOGLETRANSLATE($B15,""en"",""gu""),$B15)","=IFERROR(GOOGLETRANSLATE($B15,""en"",""mr""),$B15)","=IFERROR(GOOGLETRANSLATE($B15,""en"",""mni-Mtei""),$B15)","=IFERROR(GOOGLETRANSLATE($B15,""en"",""lus""),$B15)","=IFERROR(GOOGLETRANSLATE($B15,""en"",""or""),$B15)","=IFERROR(GOOGLETRANSLATE($B15,""en"",""pa""),$B15)","=IFERROR(GOOGLETRANSLATE($B15,""en"",""ne""),$B15)","=IFERROR(GOOGLETRANSLATE($B15,""en"",""bn""),$B15)","=IFERROR(GOOGLETRANSLATE($B15,""en"",""ks""),$B15)",=$B15
ui_0015,Activate subscription to share or download posters.,"=IFERROR(GOOGLETRANSLATE($B16,""en"",""as""),$B16)","=IFERROR(GOOGLETRANSLATE($B16,""en"",""gom""),$B16)","=IFERROR(GOOGLETRANSLATE($B16,""en"",""gu""),$B16)","=IFERROR(GOOGLETRANSLATE($B16,""en"",""mr""),$B16)","=IFERROR(GOOGLETRANSLATE($B16,""en"",""mni-Mtei""),$B16)","=IFERROR(GOOGLETRANSLATE($B16,""en"",""lus""),$B16)","=IFERROR(GOOGLETRANSLATE($B16,""en"",""or""),$B16)","=IFERROR(GOOGLETRANSLATE($B16,""en"",""pa""),$B16)","=IFERROR(GOOGLETRANSLATE($B16,""en"",""ne""),$B16)","=IFERROR(GOOGLETRANSLATE($B16,""en"",""bn""),$B16)","=IFERROR(GOOGLETRANSLATE($B16,""en"",""ks""),$B16)",=$B16
ui_0016,Active,"=IFERROR(GOOGLETRANSLATE($B17,""en"",""as""),$B17)","=IFERROR(GOOGLETRANSLATE($B17,""en"",""gom""),$B17)","=IFERROR(GOOGLETRANSLATE($B17,""en"",""gu""),$B17)","=IFERROR(GOOGLETRANSLATE($B17,""en"",""mr""),$B17)","=IFERROR(GOOGLETRANSLATE($B17,""en"",""mni-Mtei""),$B17)","=IFERROR(GOOGLETRANSLATE($B17,""en"",""lus""),$B17)","=IFERROR(GOOGLETRANSLATE($B17,""en"",""or""),$B17)","=IFERROR(GOOGLETRANSLATE($B17,""en"",""pa""),$B17)","=IFERROR(GOOGLETRANSLATE($B17,""en"",""ne""),$B17)","=IFERROR(GOOGLETRANSLATE($B17,""en"",""bn""),$B17)","=IFERROR(GOOGLETRANSLATE($B17,""en"",""ks""),$B17)",=$B17
ui_0017,Add a caption,"=IFERROR(GOOGLETRANSLATE($B18,""en"",""as""),$B18)","=IFERROR(GOOGLETRANSLATE($B18,""en"",""gom""),$B18)","=IFERROR(GOOGLETRANSLATE($B18,""en"",""gu""),$B18)","=IFERROR(GOOGLETRANSLATE($B18,""en"",""mr""),$B18)","=IFERROR(GOOGLETRANSLATE($B18,""en"",""mni-Mtei""),$B18)","=IFERROR(GOOGLETRANSLATE($B18,""en"",""lus""),$B18)","=IFERROR(GOOGLETRANSLATE($B18,""en"",""or""),$B18)","=IFERROR(GOOGLETRANSLATE($B18,""en"",""pa""),$B18)","=IFERROR(GOOGLETRANSLATE($B18,""en"",""ne""),$B18)","=IFERROR(GOOGLETRANSLATE($B18,""en"",""bn""),$B18)","=IFERROR(GOOGLETRANSLATE($B18,""en"",""ks""),$B18)",=$B18
ui_0018,Add details optional,"=IFERROR(GOOGLETRANSLATE($B19,""en"",""as""),$B19)","=IFERROR(GOOGLETRANSLATE($B19,""en"",""gom""),$B19)","=IFERROR(GOOGLETRANSLATE($B19,""en"",""gu""),$B19)","=IFERROR(GOOGLETRANSLATE($B19,""en"",""mr""),$B19)","=IFERROR(GOOGLETRANSLATE($B19,""en"",""mni-Mtei""),$B19)","=IFERROR(GOOGLETRANSLATE($B19,""en"",""lus""),$B19)","=IFERROR(GOOGLETRANSLATE($B19,""en"",""or""),$B19)","=IFERROR(GOOGLETRANSLATE($B19,""en"",""pa""),$B19)","=IFERROR(GOOGLETRANSLATE($B19,""en"",""ne""),$B19)","=IFERROR(GOOGLETRANSLATE($B19,""en"",""bn""),$B19)","=IFERROR(GOOGLETRANSLATE($B19,""en"",""ks""),$B19)",=$B19
ui_0019,Add Photo,"=IFERROR(GOOGLETRANSLATE($B20,""en"",""as""),$B20)","=IFERROR(GOOGLETRANSLATE($B20,""en"",""gom""),$B20)","=IFERROR(GOOGLETRANSLATE($B20,""en"",""gu""),$B20)","=IFERROR(GOOGLETRANSLATE($B20,""en"",""mr""),$B20)","=IFERROR(GOOGLETRANSLATE($B20,""en"",""mni-Mtei""),$B20)","=IFERROR(GOOGLETRANSLATE($B20,""en"",""lus""),$B20)","=IFERROR(GOOGLETRANSLATE($B20,""en"",""or""),$B20)","=IFERROR(GOOGLETRANSLATE($B20,""en"",""pa""),$B20)","=IFERROR(GOOGLETRANSLATE($B20,""en"",""ne""),$B20)","=IFERROR(GOOGLETRANSLATE($B20,""en"",""bn""),$B20)","=IFERROR(GOOGLETRANSLATE($B20,""en"",""ks""),$B20)",=$B20
ui_0020,Add Text,"=IFERROR(GOOGLETRANSLATE($B21,""en"",""as""),$B21)","=IFERROR(GOOGLETRANSLATE($B21,""en"",""gom""),$B21)","=IFERROR(GOOGLETRANSLATE($B21,""en"",""gu""),$B21)","=IFERROR(GOOGLETRANSLATE($B21,""en"",""mr""),$B21)","=IFERROR(GOOGLETRANSLATE($B21,""en"",""mni-Mtei""),$B21)","=IFERROR(GOOGLETRANSLATE($B21,""en"",""lus""),$B21)","=IFERROR(GOOGLETRANSLATE($B21,""en"",""or""),$B21)","=IFERROR(GOOGLETRANSLATE($B21,""en"",""pa""),$B21)","=IFERROR(GOOGLETRANSLATE($B21,""en"",""ne""),$B21)","=IFERROR(GOOGLETRANSLATE($B21,""en"",""bn""),$B21)","=IFERROR(GOOGLETRANSLATE($B21,""en"",""ks""),$B21)",=$B21
ui_0021,Adjust,"=IFERROR(GOOGLETRANSLATE($B22,""en"",""as""),$B22)","=IFERROR(GOOGLETRANSLATE($B22,""en"",""gom""),$B22)","=IFERROR(GOOGLETRANSLATE($B22,""en"",""gu""),$B22)","=IFERROR(GOOGLETRANSLATE($B22,""en"",""mr""),$B22)","=IFERROR(GOOGLETRANSLATE($B22,""en"",""mni-Mtei""),$B22)","=IFERROR(GOOGLETRANSLATE($B22,""en"",""lus""),$B22)","=IFERROR(GOOGLETRANSLATE($B22,""en"",""or""),$B22)","=IFERROR(GOOGLETRANSLATE($B22,""en"",""pa""),$B22)","=IFERROR(GOOGLETRANSLATE($B22,""en"",""ne""),$B22)","=IFERROR(GOOGLETRANSLATE($B22,""en"",""bn""),$B22)","=IFERROR(GOOGLETRANSLATE($B22,""en"",""ks""),$B22)",=$B22
ui_0022,Adjust mode,"=IFERROR(GOOGLETRANSLATE($B23,""en"",""as""),$B23)","=IFERROR(GOOGLETRANSLATE($B23,""en"",""gom""),$B23)","=IFERROR(GOOGLETRANSLATE($B23,""en"",""gu""),$B23)","=IFERROR(GOOGLETRANSLATE($B23,""en"",""mr""),$B23)","=IFERROR(GOOGLETRANSLATE($B23,""en"",""mni-Mtei""),$B23)","=IFERROR(GOOGLETRANSLATE($B23,""en"",""lus""),$B23)","=IFERROR(GOOGLETRANSLATE($B23,""en"",""or""),$B23)","=IFERROR(GOOGLETRANSLATE($B23,""en"",""pa""),$B23)","=IFERROR(GOOGLETRANSLATE($B23,""en"",""ne""),$B23)","=IFERROR(GOOGLETRANSLATE($B23,""en"",""bn""),$B23)","=IFERROR(GOOGLETRANSLATE($B23,""en"",""ks""),$B23)",=$B23
ui_0023,Ads and Third-Party Services,"=IFERROR(GOOGLETRANSLATE($B24,""en"",""as""),$B24)","=IFERROR(GOOGLETRANSLATE($B24,""en"",""gom""),$B24)","=IFERROR(GOOGLETRANSLATE($B24,""en"",""gu""),$B24)","=IFERROR(GOOGLETRANSLATE($B24,""en"",""mr""),$B24)","=IFERROR(GOOGLETRANSLATE($B24,""en"",""mni-Mtei""),$B24)","=IFERROR(GOOGLETRANSLATE($B24,""en"",""lus""),$B24)","=IFERROR(GOOGLETRANSLATE($B24,""en"",""or""),$B24)","=IFERROR(GOOGLETRANSLATE($B24,""en"",""pa""),$B24)","=IFERROR(GOOGLETRANSLATE($B24,""en"",""ne""),$B24)","=IFERROR(GOOGLETRANSLATE($B24,""en"",""bn""),$B24)","=IFERROR(GOOGLETRANSLATE($B24,""en"",""ks""),$B24)",=$B24
ui_0024,"After choosing a poster, it can be customized in the editor.","=IFERROR(GOOGLETRANSLATE($B25,""en"",""as""),$B25)","=IFERROR(GOOGLETRANSLATE($B25,""en"",""gom""),$B25)","=IFERROR(GOOGLETRANSLATE($B25,""en"",""gu""),$B25)","=IFERROR(GOOGLETRANSLATE($B25,""en"",""mr""),$B25)","=IFERROR(GOOGLETRANSLATE($B25,""en"",""mni-Mtei""),$B25)","=IFERROR(GOOGLETRANSLATE($B25,""en"",""lus""),$B25)","=IFERROR(GOOGLETRANSLATE($B25,""en"",""or""),$B25)","=IFERROR(GOOGLETRANSLATE($B25,""en"",""pa""),$B25)","=IFERROR(GOOGLETRANSLATE($B25,""en"",""ne""),$B25)","=IFERROR(GOOGLETRANSLATE($B25,""en"",""bn""),$B25)","=IFERROR(GOOGLETRANSLATE($B25,""en"",""ks""),$B25)",=$B25
ui_0025,"After login, the home screen shows poster categories and designs.","=IFERROR(GOOGLETRANSLATE($B26,""en"",""as""),$B26)","=IFERROR(GOOGLETRANSLATE($B26,""en"",""gom""),$B26)","=IFERROR(GOOGLETRANSLATE($B26,""en"",""gu""),$B26)","=IFERROR(GOOGLETRANSLATE($B26,""en"",""mr""),$B26)","=IFERROR(GOOGLETRANSLATE($B26,""en"",""mni-Mtei""),$B26)","=IFERROR(GOOGLETRANSLATE($B26,""en"",""lus""),$B26)","=IFERROR(GOOGLETRANSLATE($B26,""en"",""or""),$B26)","=IFERROR(GOOGLETRANSLATE($B26,""en"",""pa""),$B26)","=IFERROR(GOOGLETRANSLATE($B26,""en"",""ne""),$B26)","=IFERROR(GOOGLETRANSLATE($B26,""en"",""bn""),$B26)","=IFERROR(GOOGLETRANSLATE($B26,""en"",""ks""),$B26)",=$B26
ui_0026,"After selecting a State or Union Territory, the app switches to the region language and shows relevant categories, including political party categories.","=IFERROR(GOOGLETRANSLATE($B27,""en"",""as""),$B27)","=IFERROR(GOOGLETRANSLATE($B27,""en"",""gom""),$B27)","=IFERROR(GOOGLETRANSLATE($B27,""en"",""gu""),$B27)","=IFERROR(GOOGLETRANSLATE($B27,""en"",""mr""),$B27)","=IFERROR(GOOGLETRANSLATE($B27,""en"",""mni-Mtei""),$B27)","=IFERROR(GOOGLETRANSLATE($B27,""en"",""lus""),$B27)","=IFERROR(GOOGLETRANSLATE($B27,""en"",""or""),$B27)","=IFERROR(GOOGLETRANSLATE($B27,""en"",""pa""),$B27)","=IFERROR(GOOGLETRANSLATE($B27,""en"",""ne""),$B27)","=IFERROR(GOOGLETRANSLATE($B27,""en"",""bn""),$B27)","=IFERROR(GOOGLETRANSLATE($B27,""en"",""ks""),$B27)",=$B27
ui_0027,"After you confirm deletion, the app starts removing your sign-in access, profile photo, poster identity details, and app-linked personal data. Play Store or Apple billing records may remain separately for legal or accounting purposes.","=IFERROR(GOOGLETRANSLATE($B28,""en"",""as""),$B28)","=IFERROR(GOOGLETRANSLATE($B28,""en"",""gom""),$B28)","=IFERROR(GOOGLETRANSLATE($B28,""en"",""gu""),$B28)","=IFERROR(GOOGLETRANSLATE($B28,""en"",""mr""),$B28)","=IFERROR(GOOGLETRANSLATE($B28,""en"",""mni-Mtei""),$B28)","=IFERROR(GOOGLETRANSLATE($B28,""en"",""lus""),$B28)","=IFERROR(GOOGLETRANSLATE($B28,""en"",""or""),$B28)","=IFERROR(GOOGLETRANSLATE($B28,""en"",""pa""),$B28)","=IFERROR(GOOGLETRANSLATE($B28,""en"",""ne""),$B28)","=IFERROR(GOOGLETRANSLATE($B28,""en"",""bn""),$B28)","=IFERROR(GOOGLETRANSLATE($B28,""en"",""ks""),$B28)",=$B28
ui_0028,AI is processing the selected photo layer,"=IFERROR(GOOGLETRANSLATE($B29,""en"",""as""),$B29)","=IFERROR(GOOGLETRANSLATE($B29,""en"",""gom""),$B29)","=IFERROR(GOOGLETRANSLATE($B29,""en"",""gu""),$B29)","=IFERROR(GOOGLETRANSLATE($B29,""en"",""mr""),$B29)","=IFERROR(GOOGLETRANSLATE($B29,""en"",""mni-Mtei""),$B29)","=IFERROR(GOOGLETRANSLATE($B29,""en"",""lus""),$B29)","=IFERROR(GOOGLETRANSLATE($B29,""en"",""or""),$B29)","=IFERROR(GOOGLETRANSLATE($B29,""en"",""pa""),$B29)","=IFERROR(GOOGLETRANSLATE($B29,""en"",""ne""),$B29)","=IFERROR(GOOGLETRANSLATE($B29,""en"",""bn""),$B29)","=IFERROR(GOOGLETRANSLATE($B29,""en"",""ks""),$B29)",=$B29
ui_0029,Alignment & Shadow,"=IFERROR(GOOGLETRANSLATE($B30,""en"",""as""),$B30)","=IFERROR(GOOGLETRANSLATE($B30,""en"",""gom""),$B30)","=IFERROR(GOOGLETRANSLATE($B30,""en"",""gu""),$B30)","=IFERROR(GOOGLETRANSLATE($B30,""en"",""mr""),$B30)","=IFERROR(GOOGLETRANSLATE($B30,""en"",""mni-Mtei""),$B30)","=IFERROR(GOOGLETRANSLATE($B30,""en"",""lus""),$B30)","=IFERROR(GOOGLETRANSLATE($B30,""en"",""or""),$B30)","=IFERROR(GOOGLETRANSLATE($B30,""en"",""pa""),$B30)","=IFERROR(GOOGLETRANSLATE($B30,""en"",""ne""),$B30)","=IFERROR(GOOGLETRANSLATE($B30,""en"",""bn""),$B30)","=IFERROR(GOOGLETRANSLATE($B30,""en"",""ks""),$B30)",=$B30
ui_0030,All,"=IFERROR(GOOGLETRANSLATE($B31,""en"",""as""),$B31)","=IFERROR(GOOGLETRANSLATE($B31,""en"",""gom""),$B31)","=IFERROR(GOOGLETRANSLATE($B31,""en"",""gu""),$B31)","=IFERROR(GOOGLETRANSLATE($B31,""en"",""mr""),$B31)","=IFERROR(GOOGLETRANSLATE($B31,""en"",""mni-Mtei""),$B31)","=IFERROR(GOOGLETRANSLATE($B31,""en"",""lus""),$B31)","=IFERROR(GOOGLETRANSLATE($B31,""en"",""or""),$B31)","=IFERROR(GOOGLETRANSLATE($B31,""en"",""pa""),$B31)","=IFERROR(GOOGLETRANSLATE($B31,""en"",""ne""),$B31)","=IFERROR(GOOGLETRANSLATE($B31,""en"",""bn""),$B31)","=IFERROR(GOOGLETRANSLATE($B31,""en"",""ks""),$B31)",=$B31
ui_0031,Allow,"=IFERROR(GOOGLETRANSLATE($B32,""en"",""as""),$B32)","=IFERROR(GOOGLETRANSLATE($B32,""en"",""gom""),$B32)","=IFERROR(GOOGLETRANSLATE($B32,""en"",""gu""),$B32)","=IFERROR(GOOGLETRANSLATE($B32,""en"",""mr""),$B32)","=IFERROR(GOOGLETRANSLATE($B32,""en"",""mni-Mtei""),$B32)","=IFERROR(GOOGLETRANSLATE($B32,""en"",""lus""),$B32)","=IFERROR(GOOGLETRANSLATE($B32,""en"",""or""),$B32)","=IFERROR(GOOGLETRANSLATE($B32,""en"",""pa""),$B32)","=IFERROR(GOOGLETRANSLATE($B32,""en"",""ne""),$B32)","=IFERROR(GOOGLETRANSLATE($B32,""en"",""bn""),$B32)","=IFERROR(GOOGLETRANSLATE($B32,""en"",""ks""),$B32)",=$B32
ui_0032,Allow camera from settings.,"=IFERROR(GOOGLETRANSLATE($B33,""en"",""as""),$B33)","=IFERROR(GOOGLETRANSLATE($B33,""en"",""gom""),$B33)","=IFERROR(GOOGLETRANSLATE($B33,""en"",""gu""),$B33)","=IFERROR(GOOGLETRANSLATE($B33,""en"",""mr""),$B33)","=IFERROR(GOOGLETRANSLATE($B33,""en"",""mni-Mtei""),$B33)","=IFERROR(GOOGLETRANSLATE($B33,""en"",""lus""),$B33)","=IFERROR(GOOGLETRANSLATE($B33,""en"",""or""),$B33)","=IFERROR(GOOGLETRANSLATE($B33,""en"",""pa""),$B33)","=IFERROR(GOOGLETRANSLATE($B33,""en"",""ne""),$B33)","=IFERROR(GOOGLETRANSLATE($B33,""en"",""bn""),$B33)","=IFERROR(GOOGLETRANSLATE($B33,""en"",""ks""),$B33)",=$B33
ui_0033,Allow from Settings,"=IFERROR(GOOGLETRANSLATE($B34,""en"",""as""),$B34)","=IFERROR(GOOGLETRANSLATE($B34,""en"",""gom""),$B34)","=IFERROR(GOOGLETRANSLATE($B34,""en"",""gu""),$B34)","=IFERROR(GOOGLETRANSLATE($B34,""en"",""mr""),$B34)","=IFERROR(GOOGLETRANSLATE($B34,""en"",""mni-Mtei""),$B34)","=IFERROR(GOOGLETRANSLATE($B34,""en"",""lus""),$B34)","=IFERROR(GOOGLETRANSLATE($B34,""en"",""or""),$B34)","=IFERROR(GOOGLETRANSLATE($B34,""en"",""pa""),$B34)","=IFERROR(GOOGLETRANSLATE($B34,""en"",""ne""),$B34)","=IFERROR(GOOGLETRANSLATE($B34,""en"",""bn""),$B34)","=IFERROR(GOOGLETRANSLATE($B34,""en"",""ks""),$B34)",=$B34
ui_0034,Allow gallery permission and try exporting again,"=IFERROR(GOOGLETRANSLATE($B35,""en"",""as""),$B35)","=IFERROR(GOOGLETRANSLATE($B35,""en"",""gom""),$B35)","=IFERROR(GOOGLETRANSLATE($B35,""en"",""gu""),$B35)","=IFERROR(GOOGLETRANSLATE($B35,""en"",""mr""),$B35)","=IFERROR(GOOGLETRANSLATE($B35,""en"",""mni-Mtei""),$B35)","=IFERROR(GOOGLETRANSLATE($B35,""en"",""lus""),$B35)","=IFERROR(GOOGLETRANSLATE($B35,""en"",""or""),$B35)","=IFERROR(GOOGLETRANSLATE($B35,""en"",""pa""),$B35)","=IFERROR(GOOGLETRANSLATE($B35,""en"",""ne""),$B35)","=IFERROR(GOOGLETRANSLATE($B35,""en"",""bn""),$B35)","=IFERROR(GOOGLETRANSLATE($B35,""en"",""ks""),$B35)",=$B35
ui_0035,Allow location from settings.,"=IFERROR(GOOGLETRANSLATE($B36,""en"",""as""),$B36)","=IFERROR(GOOGLETRANSLATE($B36,""en"",""gom""),$B36)","=IFERROR(GOOGLETRANSLATE($B36,""en"",""gu""),$B36)","=IFERROR(GOOGLETRANSLATE($B36,""en"",""mr""),$B36)","=IFERROR(GOOGLETRANSLATE($B36,""en"",""mni-Mtei""),$B36)","=IFERROR(GOOGLETRANSLATE($B36,""en"",""lus""),$B36)","=IFERROR(GOOGLETRANSLATE($B36,""en"",""or""),$B36)","=IFERROR(GOOGLETRANSLATE($B36,""en"",""pa""),$B36)","=IFERROR(GOOGLETRANSLATE($B36,""en"",""ne""),$B36)","=IFERROR(GOOGLETRANSLATE($B36,""en"",""bn""),$B36)","=IFERROR(GOOGLETRANSLATE($B36,""en"",""ks""),$B36)",=$B36
ui_0036,Allow notifications from settings.,"=IFERROR(GOOGLETRANSLATE($B37,""en"",""as""),$B37)","=IFERROR(GOOGLETRANSLATE($B37,""en"",""gom""),$B37)","=IFERROR(GOOGLETRANSLATE($B37,""en"",""gu""),$B37)","=IFERROR(GOOGLETRANSLATE($B37,""en"",""mr""),$B37)","=IFERROR(GOOGLETRANSLATE($B37,""en"",""mni-Mtei""),$B37)","=IFERROR(GOOGLETRANSLATE($B37,""en"",""lus""),$B37)","=IFERROR(GOOGLETRANSLATE($B37,""en"",""or""),$B37)","=IFERROR(GOOGLETRANSLATE($B37,""en"",""pa""),$B37)","=IFERROR(GOOGLETRANSLATE($B37,""en"",""ne""),$B37)","=IFERROR(GOOGLETRANSLATE($B37,""en"",""bn""),$B37)","=IFERROR(GOOGLETRANSLATE($B37,""en"",""ks""),$B37)",=$B37
ui_0037,Allow photos from settings.,"=IFERROR(GOOGLETRANSLATE($B38,""en"",""as""),$B38)","=IFERROR(GOOGLETRANSLATE($B38,""en"",""gom""),$B38)","=IFERROR(GOOGLETRANSLATE($B38,""en"",""gu""),$B38)","=IFERROR(GOOGLETRANSLATE($B38,""en"",""mr""),$B38)","=IFERROR(GOOGLETRANSLATE($B38,""en"",""mni-Mtei""),$B38)","=IFERROR(GOOGLETRANSLATE($B38,""en"",""lus""),$B38)","=IFERROR(GOOGLETRANSLATE($B38,""en"",""or""),$B38)","=IFERROR(GOOGLETRANSLATE($B38,""en"",""pa""),$B38)","=IFERROR(GOOGLETRANSLATE($B38,""en"",""ne""),$B38)","=IFERROR(GOOGLETRANSLATE($B38,""en"",""bn""),$B38)","=IFERROR(GOOGLETRANSLATE($B38,""en"",""ks""),$B38)",=$B38
ui_0038,Allowed,"=IFERROR(GOOGLETRANSLATE($B39,""en"",""as""),$B39)","=IFERROR(GOOGLETRANSLATE($B39,""en"",""gom""),$B39)","=IFERROR(GOOGLETRANSLATE($B39,""en"",""gu""),$B39)","=IFERROR(GOOGLETRANSLATE($B39,""en"",""mr""),$B39)","=IFERROR(GOOGLETRANSLATE($B39,""en"",""mni-Mtei""),$B39)","=IFERROR(GOOGLETRANSLATE($B39,""en"",""lus""),$B39)","=IFERROR(GOOGLETRANSLATE($B39,""en"",""or""),$B39)","=IFERROR(GOOGLETRANSLATE($B39,""en"",""pa""),$B39)","=IFERROR(GOOGLETRANSLATE($B39,""en"",""ne""),$B39)","=IFERROR(GOOGLETRANSLATE($B39,""en"",""bn""),$B39)","=IFERROR(GOOGLETRANSLATE($B39,""en"",""ks""),$B39)",=$B39
ui_0039,Already have an account?,"=IFERROR(GOOGLETRANSLATE($B40,""en"",""as""),$B40)","=IFERROR(GOOGLETRANSLATE($B40,""en"",""gom""),$B40)","=IFERROR(GOOGLETRANSLATE($B40,""en"",""gu""),$B40)","=IFERROR(GOOGLETRANSLATE($B40,""en"",""mr""),$B40)","=IFERROR(GOOGLETRANSLATE($B40,""en"",""mni-Mtei""),$B40)","=IFERROR(GOOGLETRANSLATE($B40,""en"",""lus""),$B40)","=IFERROR(GOOGLETRANSLATE($B40,""en"",""or""),$B40)","=IFERROR(GOOGLETRANSLATE($B40,""en"",""pa""),$B40)","=IFERROR(GOOGLETRANSLATE($B40,""en"",""ne""),$B40)","=IFERROR(GOOGLETRANSLATE($B40,""en"",""bn""),$B40)","=IFERROR(GOOGLETRANSLATE($B40,""en"",""ks""),$B40)",=$B40
ui_0040,An account already exists with this email.,"=IFERROR(GOOGLETRANSLATE($B41,""en"",""as""),$B41)","=IFERROR(GOOGLETRANSLATE($B41,""en"",""gom""),$B41)","=IFERROR(GOOGLETRANSLATE($B41,""en"",""gu""),$B41)","=IFERROR(GOOGLETRANSLATE($B41,""en"",""mr""),$B41)","=IFERROR(GOOGLETRANSLATE($B41,""en"",""mni-Mtei""),$B41)","=IFERROR(GOOGLETRANSLATE($B41,""en"",""lus""),$B41)","=IFERROR(GOOGLETRANSLATE($B41,""en"",""or""),$B41)","=IFERROR(GOOGLETRANSLATE($B41,""en"",""pa""),$B41)","=IFERROR(GOOGLETRANSLATE($B41,""en"",""ne""),$B41)","=IFERROR(GOOGLETRANSLATE($B41,""en"",""bn""),$B41)","=IFERROR(GOOGLETRANSLATE($B41,""en"",""ks""),$B41)",=$B41
ui_0041,An active plan was restored from the backend,"=IFERROR(GOOGLETRANSLATE($B42,""en"",""as""),$B42)","=IFERROR(GOOGLETRANSLATE($B42,""en"",""gom""),$B42)","=IFERROR(GOOGLETRANSLATE($B42,""en"",""gu""),$B42)","=IFERROR(GOOGLETRANSLATE($B42,""en"",""mr""),$B42)","=IFERROR(GOOGLETRANSLATE($B42,""en"",""mni-Mtei""),$B42)","=IFERROR(GOOGLETRANSLATE($B42,""en"",""lus""),$B42)","=IFERROR(GOOGLETRANSLATE($B42,""en"",""or""),$B42)","=IFERROR(GOOGLETRANSLATE($B42,""en"",""pa""),$B42)","=IFERROR(GOOGLETRANSLATE($B42,""en"",""ne""),$B42)","=IFERROR(GOOGLETRANSLATE($B42,""en"",""bn""),$B42)","=IFERROR(GOOGLETRANSLATE($B42,""en"",""ks""),$B42)",=$B42
ui_0042,and,"=IFERROR(GOOGLETRANSLATE($B43,""en"",""as""),$B43)","=IFERROR(GOOGLETRANSLATE($B43,""en"",""gom""),$B43)","=IFERROR(GOOGLETRANSLATE($B43,""en"",""gu""),$B43)","=IFERROR(GOOGLETRANSLATE($B43,""en"",""mr""),$B43)","=IFERROR(GOOGLETRANSLATE($B43,""en"",""mni-Mtei""),$B43)","=IFERROR(GOOGLETRANSLATE($B43,""en"",""lus""),$B43)","=IFERROR(GOOGLETRANSLATE($B43,""en"",""or""),$B43)","=IFERROR(GOOGLETRANSLATE($B43,""en"",""pa""),$B43)","=IFERROR(GOOGLETRANSLATE($B43,""en"",""ne""),$B43)","=IFERROR(GOOGLETRANSLATE($B43,""en"",""bn""),$B43)","=IFERROR(GOOGLETRANSLATE($B43,""en"",""ks""),$B43)",=$B43
ui_0043,Another payment is already in progress.,"=IFERROR(GOOGLETRANSLATE($B44,""en"",""as""),$B44)","=IFERROR(GOOGLETRANSLATE($B44,""en"",""gom""),$B44)","=IFERROR(GOOGLETRANSLATE($B44,""en"",""gu""),$B44)","=IFERROR(GOOGLETRANSLATE($B44,""en"",""mr""),$B44)","=IFERROR(GOOGLETRANSLATE($B44,""en"",""mni-Mtei""),$B44)","=IFERROR(GOOGLETRANSLATE($B44,""en"",""lus""),$B44)","=IFERROR(GOOGLETRANSLATE($B44,""en"",""or""),$B44)","=IFERROR(GOOGLETRANSLATE($B44,""en"",""pa""),$B44)","=IFERROR(GOOGLETRANSLATE($B44,""en"",""ne""),$B44)","=IFERROR(GOOGLETRANSLATE($B44,""en"",""bn""),$B44)","=IFERROR(GOOGLETRANSLATE($B44,""en"",""ks""),$B44)",=$B44
ui_0044,App details and version info,"=IFERROR(GOOGLETRANSLATE($B45,""en"",""as""),$B45)","=IFERROR(GOOGLETRANSLATE($B45,""en"",""gom""),$B45)","=IFERROR(GOOGLETRANSLATE($B45,""en"",""gu""),$B45)","=IFERROR(GOOGLETRANSLATE($B45,""en"",""mr""),$B45)","=IFERROR(GOOGLETRANSLATE($B45,""en"",""mni-Mtei""),$B45)","=IFERROR(GOOGLETRANSLATE($B45,""en"",""lus""),$B45)","=IFERROR(GOOGLETRANSLATE($B45,""en"",""or""),$B45)","=IFERROR(GOOGLETRANSLATE($B45,""en"",""pa""),$B45)","=IFERROR(GOOGLETRANSLATE($B45,""en"",""ne""),$B45)","=IFERROR(GOOGLETRANSLATE($B45,""en"",""bn""),$B45)","=IFERROR(GOOGLETRANSLATE($B45,""en"",""ks""),$B45)",=$B45
ui_0045,App Settings,"=IFERROR(GOOGLETRANSLATE($B46,""en"",""as""),$B46)","=IFERROR(GOOGLETRANSLATE($B46,""en"",""gom""),$B46)","=IFERROR(GOOGLETRANSLATE($B46,""en"",""gu""),$B46)","=IFERROR(GOOGLETRANSLATE($B46,""en"",""mr""),$B46)","=IFERROR(GOOGLETRANSLATE($B46,""en"",""mni-Mtei""),$B46)","=IFERROR(GOOGLETRANSLATE($B46,""en"",""lus""),$B46)","=IFERROR(GOOGLETRANSLATE($B46,""en"",""or""),$B46)","=IFERROR(GOOGLETRANSLATE($B46,""en"",""pa""),$B46)","=IFERROR(GOOGLETRANSLATE($B46,""en"",""ne""),$B46)","=IFERROR(GOOGLETRANSLATE($B46,""en"",""bn""),$B46)","=IFERROR(GOOGLETRANSLATE($B46,""en"",""ks""),$B46)",=$B46
ui_0046,App settings opened.,"=IFERROR(GOOGLETRANSLATE($B47,""en"",""as""),$B47)","=IFERROR(GOOGLETRANSLATE($B47,""en"",""gom""),$B47)","=IFERROR(GOOGLETRANSLATE($B47,""en"",""gu""),$B47)","=IFERROR(GOOGLETRANSLATE($B47,""en"",""mr""),$B47)","=IFERROR(GOOGLETRANSLATE($B47,""en"",""mni-Mtei""),$B47)","=IFERROR(GOOGLETRANSLATE($B47,""en"",""lus""),$B47)","=IFERROR(GOOGLETRANSLATE($B47,""en"",""or""),$B47)","=IFERROR(GOOGLETRANSLATE($B47,""en"",""pa""),$B47)","=IFERROR(GOOGLETRANSLATE($B47,""en"",""ne""),$B47)","=IFERROR(GOOGLETRANSLATE($B47,""en"",""bn""),$B47)","=IFERROR(GOOGLETRANSLATE($B47,""en"",""ks""),$B47)",=$B47
ui_0047,Apply,"=IFERROR(GOOGLETRANSLATE($B48,""en"",""as""),$B48)","=IFERROR(GOOGLETRANSLATE($B48,""en"",""gom""),$B48)","=IFERROR(GOOGLETRANSLATE($B48,""en"",""gu""),$B48)","=IFERROR(GOOGLETRANSLATE($B48,""en"",""mr""),$B48)","=IFERROR(GOOGLETRANSLATE($B48,""en"",""mni-Mtei""),$B48)","=IFERROR(GOOGLETRANSLATE($B48,""en"",""lus""),$B48)","=IFERROR(GOOGLETRANSLATE($B48,""en"",""or""),$B48)","=IFERROR(GOOGLETRANSLATE($B48,""en"",""pa""),$B48)","=IFERROR(GOOGLETRANSLATE($B48,""en"",""ne""),$B48)","=IFERROR(GOOGLETRANSLATE($B48,""en"",""bn""),$B48)","=IFERROR(GOOGLETRANSLATE($B48,""en"",""ks""),$B48)",=$B48
ui_0048,Applying eraser,"=IFERROR(GOOGLETRANSLATE($B49,""en"",""as""),$B49)","=IFERROR(GOOGLETRANSLATE($B49,""en"",""gom""),$B49)","=IFERROR(GOOGLETRANSLATE($B49,""en"",""gu""),$B49)","=IFERROR(GOOGLETRANSLATE($B49,""en"",""mr""),$B49)","=IFERROR(GOOGLETRANSLATE($B49,""en"",""mni-Mtei""),$B49)","=IFERROR(GOOGLETRANSLATE($B49,""en"",""lus""),$B49)","=IFERROR(GOOGLETRANSLATE($B49,""en"",""or""),$B49)","=IFERROR(GOOGLETRANSLATE($B49,""en"",""pa""),$B49)","=IFERROR(GOOGLETRANSLATE($B49,""en"",""ne""),$B49)","=IFERROR(GOOGLETRANSLATE($B49,""en"",""bn""),$B49)","=IFERROR(GOOGLETRANSLATE($B49,""en"",""ks""),$B49)",=$B49
ui_0049,Applying magic wand,"=IFERROR(GOOGLETRANSLATE($B50,""en"",""as""),$B50)","=IFERROR(GOOGLETRANSLATE($B50,""en"",""gom""),$B50)","=IFERROR(GOOGLETRANSLATE($B50,""en"",""gu""),$B50)","=IFERROR(GOOGLETRANSLATE($B50,""en"",""mr""),$B50)","=IFERROR(GOOGLETRANSLATE($B50,""en"",""mni-Mtei""),$B50)","=IFERROR(GOOGLETRANSLATE($B50,""en"",""lus""),$B50)","=IFERROR(GOOGLETRANSLATE($B50,""en"",""or""),$B50)","=IFERROR(GOOGLETRANSLATE($B50,""en"",""pa""),$B50)","=IFERROR(GOOGLETRANSLATE($B50,""en"",""ne""),$B50)","=IFERROR(GOOGLETRANSLATE($B50,""en"",""bn""),$B50)","=IFERROR(GOOGLETRANSLATE($B50,""en"",""ks""),$B50)",=$B50
ui_0050,Applying...,"=IFERROR(GOOGLETRANSLATE($B51,""en"",""as""),$B51)","=IFERROR(GOOGLETRANSLATE($B51,""en"",""gom""),$B51)","=IFERROR(GOOGLETRANSLATE($B51,""en"",""gu""),$B51)","=IFERROR(GOOGLETRANSLATE($B51,""en"",""mr""),$B51)","=IFERROR(GOOGLETRANSLATE($B51,""en"",""mni-Mtei""),$B51)","=IFERROR(GOOGLETRANSLATE($B51,""en"",""lus""),$B51)","=IFERROR(GOOGLETRANSLATE($B51,""en"",""or""),$B51)","=IFERROR(GOOGLETRANSLATE($B51,""en"",""pa""),$B51)","=IFERROR(GOOGLETRANSLATE($B51,""en"",""ne""),$B51)","=IFERROR(GOOGLETRANSLATE($B51,""en"",""bn""),$B51)","=IFERROR(GOOGLETRANSLATE($B51,""en"",""ks""),$B51)",=$B51
ui_0051,Approved,"=IFERROR(GOOGLETRANSLATE($B52,""en"",""as""),$B52)","=IFERROR(GOOGLETRANSLATE($B52,""en"",""gom""),$B52)","=IFERROR(GOOGLETRANSLATE($B52,""en"",""gu""),$B52)","=IFERROR(GOOGLETRANSLATE($B52,""en"",""mr""),$B52)","=IFERROR(GOOGLETRANSLATE($B52,""en"",""mni-Mtei""),$B52)","=IFERROR(GOOGLETRANSLATE($B52,""en"",""lus""),$B52)","=IFERROR(GOOGLETRANSLATE($B52,""en"",""or""),$B52)","=IFERROR(GOOGLETRANSLATE($B52,""en"",""pa""),$B52)","=IFERROR(GOOGLETRANSLATE($B52,""en"",""ne""),$B52)","=IFERROR(GOOGLETRANSLATE($B52,""en"",""bn""),$B52)","=IFERROR(GOOGLETRANSLATE($B52,""en"",""ks""),$B52)",=$B52
ui_0052,Authentication is not configured on this build.,"=IFERROR(GOOGLETRANSLATE($B53,""en"",""as""),$B53)","=IFERROR(GOOGLETRANSLATE($B53,""en"",""gom""),$B53)","=IFERROR(GOOGLETRANSLATE($B53,""en"",""gu""),$B53)","=IFERROR(GOOGLETRANSLATE($B53,""en"",""mr""),$B53)","=IFERROR(GOOGLETRANSLATE($B53,""en"",""mni-Mtei""),$B53)","=IFERROR(GOOGLETRANSLATE($B53,""en"",""lus""),$B53)","=IFERROR(GOOGLETRANSLATE($B53,""en"",""or""),$B53)","=IFERROR(GOOGLETRANSLATE($B53,""en"",""pa""),$B53)","=IFERROR(GOOGLETRANSLATE($B53,""en"",""ne""),$B53)","=IFERROR(GOOGLETRANSLATE($B53,""en"",""bn""),$B53)","=IFERROR(GOOGLETRANSLATE($B53,""en"",""ks""),$B53)",=$B53
ui_0053,Auto-renewal,"=IFERROR(GOOGLETRANSLATE($B54,""en"",""as""),$B54)","=IFERROR(GOOGLETRANSLATE($B54,""en"",""gom""),$B54)","=IFERROR(GOOGLETRANSLATE($B54,""en"",""gu""),$B54)","=IFERROR(GOOGLETRANSLATE($B54,""en"",""mr""),$B54)","=IFERROR(GOOGLETRANSLATE($B54,""en"",""mni-Mtei""),$B54)","=IFERROR(GOOGLETRANSLATE($B54,""en"",""lus""),$B54)","=IFERROR(GOOGLETRANSLATE($B54,""en"",""or""),$B54)","=IFERROR(GOOGLETRANSLATE($B54,""en"",""pa""),$B54)","=IFERROR(GOOGLETRANSLATE($B54,""en"",""ne""),$B54)","=IFERROR(GOOGLETRANSLATE($B54,""en"",""bn""),$B54)","=IFERROR(GOOGLETRANSLATE($B54,""en"",""ks""),$B54)",=$B54
ui_0054,Available languages,"=IFERROR(GOOGLETRANSLATE($B55,""en"",""as""),$B55)","=IFERROR(GOOGLETRANSLATE($B55,""en"",""gom""),$B55)","=IFERROR(GOOGLETRANSLATE($B55,""en"",""gu""),$B55)","=IFERROR(GOOGLETRANSLATE($B55,""en"",""mr""),$B55)","=IFERROR(GOOGLETRANSLATE($B55,""en"",""mni-Mtei""),$B55)","=IFERROR(GOOGLETRANSLATE($B55,""en"",""lus""),$B55)","=IFERROR(GOOGLETRANSLATE($B55,""en"",""or""),$B55)","=IFERROR(GOOGLETRANSLATE($B55,""en"",""pa""),$B55)","=IFERROR(GOOGLETRANSLATE($B55,""en"",""ne""),$B55)","=IFERROR(GOOGLETRANSLATE($B55,""en"",""bn""),$B55)","=IFERROR(GOOGLETRANSLATE($B55,""en"",""ks""),$B55)",=$B55
ui_0055,Back,"=IFERROR(GOOGLETRANSLATE($B56,""en"",""as""),$B56)","=IFERROR(GOOGLETRANSLATE($B56,""en"",""gom""),$B56)","=IFERROR(GOOGLETRANSLATE($B56,""en"",""gu""),$B56)","=IFERROR(GOOGLETRANSLATE($B56,""en"",""mr""),$B56)","=IFERROR(GOOGLETRANSLATE($B56,""en"",""mni-Mtei""),$B56)","=IFERROR(GOOGLETRANSLATE($B56,""en"",""lus""),$B56)","=IFERROR(GOOGLETRANSLATE($B56,""en"",""or""),$B56)","=IFERROR(GOOGLETRANSLATE($B56,""en"",""pa""),$B56)","=IFERROR(GOOGLETRANSLATE($B56,""en"",""ne""),$B56)","=IFERROR(GOOGLETRANSLATE($B56,""en"",""bn""),$B56)","=IFERROR(GOOGLETRANSLATE($B56,""en"",""ks""),$B56)",=$B56
ui_0056,Background,"=IFERROR(GOOGLETRANSLATE($B57,""en"",""as""),$B57)","=IFERROR(GOOGLETRANSLATE($B57,""en"",""gom""),$B57)","=IFERROR(GOOGLETRANSLATE($B57,""en"",""gu""),$B57)","=IFERROR(GOOGLETRANSLATE($B57,""en"",""mr""),$B57)","=IFERROR(GOOGLETRANSLATE($B57,""en"",""mni-Mtei""),$B57)","=IFERROR(GOOGLETRANSLATE($B57,""en"",""lus""),$B57)","=IFERROR(GOOGLETRANSLATE($B57,""en"",""or""),$B57)","=IFERROR(GOOGLETRANSLATE($B57,""en"",""pa""),$B57)","=IFERROR(GOOGLETRANSLATE($B57,""en"",""ne""),$B57)","=IFERROR(GOOGLETRANSLATE($B57,""en"",""bn""),$B57)","=IFERROR(GOOGLETRANSLATE($B57,""en"",""ks""),$B57)",=$B57
ui_0057,Background Colors,"=IFERROR(GOOGLETRANSLATE($B58,""en"",""as""),$B58)","=IFERROR(GOOGLETRANSLATE($B58,""en"",""gom""),$B58)","=IFERROR(GOOGLETRANSLATE($B58,""en"",""gu""),$B58)","=IFERROR(GOOGLETRANSLATE($B58,""en"",""mr""),$B58)","=IFERROR(GOOGLETRANSLATE($B58,""en"",""mni-Mtei""),$B58)","=IFERROR(GOOGLETRANSLATE($B58,""en"",""lus""),$B58)","=IFERROR(GOOGLETRANSLATE($B58,""en"",""or""),$B58)","=IFERROR(GOOGLETRANSLATE($B58,""en"",""pa""),$B58)","=IFERROR(GOOGLETRANSLATE($B58,""en"",""ne""),$B58)","=IFERROR(GOOGLETRANSLATE($B58,""en"",""bn""),$B58)","=IFERROR(GOOGLETRANSLATE($B58,""en"",""ks""),$B58)",=$B58
ui_0058,Background Opacity,"=IFERROR(GOOGLETRANSLATE($B59,""en"",""as""),$B59)","=IFERROR(GOOGLETRANSLATE($B59,""en"",""gom""),$B59)","=IFERROR(GOOGLETRANSLATE($B59,""en"",""gu""),$B59)","=IFERROR(GOOGLETRANSLATE($B59,""en"",""mr""),$B59)","=IFERROR(GOOGLETRANSLATE($B59,""en"",""mni-Mtei""),$B59)","=IFERROR(GOOGLETRANSLATE($B59,""en"",""lus""),$B59)","=IFERROR(GOOGLETRANSLATE($B59,""en"",""or""),$B59)","=IFERROR(GOOGLETRANSLATE($B59,""en"",""pa""),$B59)","=IFERROR(GOOGLETRANSLATE($B59,""en"",""ne""),$B59)","=IFERROR(GOOGLETRANSLATE($B59,""en"",""bn""),$B59)","=IFERROR(GOOGLETRANSLATE($B59,""en"",""ks""),$B59)",=$B59
ui_0059,Background remove processing,"=IFERROR(GOOGLETRANSLATE($B60,""en"",""as""),$B60)","=IFERROR(GOOGLETRANSLATE($B60,""en"",""gom""),$B60)","=IFERROR(GOOGLETRANSLATE($B60,""en"",""gu""),$B60)","=IFERROR(GOOGLETRANSLATE($B60,""en"",""mr""),$B60)","=IFERROR(GOOGLETRANSLATE($B60,""en"",""mni-Mtei""),$B60)","=IFERROR(GOOGLETRANSLATE($B60,""en"",""lus""),$B60)","=IFERROR(GOOGLETRANSLATE($B60,""en"",""or""),$B60)","=IFERROR(GOOGLETRANSLATE($B60,""en"",""pa""),$B60)","=IFERROR(GOOGLETRANSLATE($B60,""en"",""ne""),$B60)","=IFERROR(GOOGLETRANSLATE($B60,""en"",""bn""),$B60)","=IFERROR(GOOGLETRANSLATE($B60,""en"",""ks""),$B60)",=$B60
ui_0060,"Background tool: choose White, Color, Gradient, or Image.","=IFERROR(GOOGLETRANSLATE($B61,""en"",""as""),$B61)","=IFERROR(GOOGLETRANSLATE($B61,""en"",""gom""),$B61)","=IFERROR(GOOGLETRANSLATE($B61,""en"",""gu""),$B61)","=IFERROR(GOOGLETRANSLATE($B61,""en"",""mr""),$B61)","=IFERROR(GOOGLETRANSLATE($B61,""en"",""mni-Mtei""),$B61)","=IFERROR(GOOGLETRANSLATE($B61,""en"",""lus""),$B61)","=IFERROR(GOOGLETRANSLATE($B61,""en"",""or""),$B61)","=IFERROR(GOOGLETRANSLATE($B61,""en"",""pa""),$B61)","=IFERROR(GOOGLETRANSLATE($B61,""en"",""ne""),$B61)","=IFERROR(GOOGLETRANSLATE($B61,""en"",""bn""),$B61)","=IFERROR(GOOGLETRANSLATE($B61,""en"",""ks""),$B61)",=$B61
ui_0061,Banner unavailable,"=IFERROR(GOOGLETRANSLATE($B62,""en"",""as""),$B62)","=IFERROR(GOOGLETRANSLATE($B62,""en"",""gom""),$B62)","=IFERROR(GOOGLETRANSLATE($B62,""en"",""gu""),$B62)","=IFERROR(GOOGLETRANSLATE($B62,""en"",""mr""),$B62)","=IFERROR(GOOGLETRANSLATE($B62,""en"",""mni-Mtei""),$B62)","=IFERROR(GOOGLETRANSLATE($B62,""en"",""lus""),$B62)","=IFERROR(GOOGLETRANSLATE($B62,""en"",""or""),$B62)","=IFERROR(GOOGLETRANSLATE($B62,""en"",""pa""),$B62)","=IFERROR(GOOGLETRANSLATE($B62,""en"",""ne""),$B62)","=IFERROR(GOOGLETRANSLATE($B62,""en"",""bn""),$B62)","=IFERROR(GOOGLETRANSLATE($B62,""en"",""ks""),$B62)",=$B62
ui_0062,Billing service is unavailable,"=IFERROR(GOOGLETRANSLATE($B63,""en"",""as""),$B63)","=IFERROR(GOOGLETRANSLATE($B63,""en"",""gom""),$B63)","=IFERROR(GOOGLETRANSLATE($B63,""en"",""gu""),$B63)","=IFERROR(GOOGLETRANSLATE($B63,""en"",""mr""),$B63)","=IFERROR(GOOGLETRANSLATE($B63,""en"",""mni-Mtei""),$B63)","=IFERROR(GOOGLETRANSLATE($B63,""en"",""lus""),$B63)","=IFERROR(GOOGLETRANSLATE($B63,""en"",""or""),$B63)","=IFERROR(GOOGLETRANSLATE($B63,""en"",""pa""),$B63)","=IFERROR(GOOGLETRANSLATE($B63,""en"",""ne""),$B63)","=IFERROR(GOOGLETRANSLATE($B63,""en"",""bn""),$B63)","=IFERROR(GOOGLETRANSLATE($B63,""en"",""ks""),$B63)",=$B63
ui_0063,Blur,"=IFERROR(GOOGLETRANSLATE($B64,""en"",""as""),$B64)","=IFERROR(GOOGLETRANSLATE($B64,""en"",""gom""),$B64)","=IFERROR(GOOGLETRANSLATE($B64,""en"",""gu""),$B64)","=IFERROR(GOOGLETRANSLATE($B64,""en"",""mr""),$B64)","=IFERROR(GOOGLETRANSLATE($B64,""en"",""mni-Mtei""),$B64)","=IFERROR(GOOGLETRANSLATE($B64,""en"",""lus""),$B64)","=IFERROR(GOOGLETRANSLATE($B64,""en"",""or""),$B64)","=IFERROR(GOOGLETRANSLATE($B64,""en"",""pa""),$B64)","=IFERROR(GOOGLETRANSLATE($B64,""en"",""ne""),$B64)","=IFERROR(GOOGLETRANSLATE($B64,""en"",""bn""),$B64)","=IFERROR(GOOGLETRANSLATE($B64,""en"",""ks""),$B64)",=$B64
ui_0064,Border,"=IFERROR(GOOGLETRANSLATE($B65,""en"",""as""),$B65)","=IFERROR(GOOGLETRANSLATE($B65,""en"",""gom""),$B65)","=IFERROR(GOOGLETRANSLATE($B65,""en"",""gu""),$B65)","=IFERROR(GOOGLETRANSLATE($B65,""en"",""mr""),$B65)","=IFERROR(GOOGLETRANSLATE($B65,""en"",""mni-Mtei""),$B65)","=IFERROR(GOOGLETRANSLATE($B65,""en"",""lus""),$B65)","=IFERROR(GOOGLETRANSLATE($B65,""en"",""or""),$B65)","=IFERROR(GOOGLETRANSLATE($B65,""en"",""pa""),$B65)","=IFERROR(GOOGLETRANSLATE($B65,""en"",""ne""),$B65)","=IFERROR(GOOGLETRANSLATE($B65,""en"",""bn""),$B65)","=IFERROR(GOOGLETRANSLATE($B65,""en"",""ks""),$B65)",=$B65
ui_0065,Brightness,"=IFERROR(GOOGLETRANSLATE($B66,""en"",""as""),$B66)","=IFERROR(GOOGLETRANSLATE($B66,""en"",""gom""),$B66)","=IFERROR(GOOGLETRANSLATE($B66,""en"",""gu""),$B66)","=IFERROR(GOOGLETRANSLATE($B66,""en"",""mr""),$B66)","=IFERROR(GOOGLETRANSLATE($B66,""en"",""mni-Mtei""),$B66)","=IFERROR(GOOGLETRANSLATE($B66,""en"",""lus""),$B66)","=IFERROR(GOOGLETRANSLATE($B66,""en"",""or""),$B66)","=IFERROR(GOOGLETRANSLATE($B66,""en"",""pa""),$B66)","=IFERROR(GOOGLETRANSLATE($B66,""en"",""ne""),$B66)","=IFERROR(GOOGLETRANSLATE($B66,""en"",""bn""),$B66)","=IFERROR(GOOGLETRANSLATE($B66,""en"",""ks""),$B66)",=$B66
ui_0066,Bring front,"=IFERROR(GOOGLETRANSLATE($B67,""en"",""as""),$B67)","=IFERROR(GOOGLETRANSLATE($B67,""en"",""gom""),$B67)","=IFERROR(GOOGLETRANSLATE($B67,""en"",""gu""),$B67)","=IFERROR(GOOGLETRANSLATE($B67,""en"",""mr""),$B67)","=IFERROR(GOOGLETRANSLATE($B67,""en"",""mni-Mtei""),$B67)","=IFERROR(GOOGLETRANSLATE($B67,""en"",""lus""),$B67)","=IFERROR(GOOGLETRANSLATE($B67,""en"",""or""),$B67)","=IFERROR(GOOGLETRANSLATE($B67,""en"",""pa""),$B67)","=IFERROR(GOOGLETRANSLATE($B67,""en"",""ne""),$B67)","=IFERROR(GOOGLETRANSLATE($B67,""en"",""bn""),$B67)","=IFERROR(GOOGLETRANSLATE($B67,""en"",""ks""),$B67)",=$B67
ui_0067,Browse posters by category and quickly choose a suitable design.,"=IFERROR(GOOGLETRANSLATE($B68,""en"",""as""),$B68)","=IFERROR(GOOGLETRANSLATE($B68,""en"",""gom""),$B68)","=IFERROR(GOOGLETRANSLATE($B68,""en"",""gu""),$B68)","=IFERROR(GOOGLETRANSLATE($B68,""en"",""mr""),$B68)","=IFERROR(GOOGLETRANSLATE($B68,""en"",""mni-Mtei""),$B68)","=IFERROR(GOOGLETRANSLATE($B68,""en"",""lus""),$B68)","=IFERROR(GOOGLETRANSLATE($B68,""en"",""or""),$B68)","=IFERROR(GOOGLETRANSLATE($B68,""en"",""pa""),$B68)","=IFERROR(GOOGLETRANSLATE($B68,""en"",""ne""),$B68)","=IFERROR(GOOGLETRANSLATE($B68,""en"",""bn""),$B68)","=IFERROR(GOOGLETRANSLATE($B68,""en"",""ks""),$B68)",=$B68
ui_0068,Brush,"=IFERROR(GOOGLETRANSLATE($B69,""en"",""as""),$B69)","=IFERROR(GOOGLETRANSLATE($B69,""en"",""gom""),$B69)","=IFERROR(GOOGLETRANSLATE($B69,""en"",""gu""),$B69)","=IFERROR(GOOGLETRANSLATE($B69,""en"",""mr""),$B69)","=IFERROR(GOOGLETRANSLATE($B69,""en"",""mni-Mtei""),$B69)","=IFERROR(GOOGLETRANSLATE($B69,""en"",""lus""),$B69)","=IFERROR(GOOGLETRANSLATE($B69,""en"",""or""),$B69)","=IFERROR(GOOGLETRANSLATE($B69,""en"",""pa""),$B69)","=IFERROR(GOOGLETRANSLATE($B69,""en"",""ne""),$B69)","=IFERROR(GOOGLETRANSLATE($B69,""en"",""bn""),$B69)","=IFERROR(GOOGLETRANSLATE($B69,""en"",""ks""),$B69)",=$B69
ui_0069,Build,"=IFERROR(GOOGLETRANSLATE($B70,""en"",""as""),$B70)","=IFERROR(GOOGLETRANSLATE($B70,""en"",""gom""),$B70)","=IFERROR(GOOGLETRANSLATE($B70,""en"",""gu""),$B70)","=IFERROR(GOOGLETRANSLATE($B70,""en"",""mr""),$B70)","=IFERROR(GOOGLETRANSLATE($B70,""en"",""mni-Mtei""),$B70)","=IFERROR(GOOGLETRANSLATE($B70,""en"",""lus""),$B70)","=IFERROR(GOOGLETRANSLATE($B70,""en"",""or""),$B70)","=IFERROR(GOOGLETRANSLATE($B70,""en"",""pa""),$B70)","=IFERROR(GOOGLETRANSLATE($B70,""en"",""ne""),$B70)","=IFERROR(GOOGLETRANSLATE($B70,""en"",""bn""),$B70)","=IFERROR(GOOGLETRANSLATE($B70,""en"",""ks""),$B70)",=$B70
ui_0070,Business,"=IFERROR(GOOGLETRANSLATE($B71,""en"",""as""),$B71)","=IFERROR(GOOGLETRANSLATE($B71,""en"",""gom""),$B71)","=IFERROR(GOOGLETRANSLATE($B71,""en"",""gu""),$B71)","=IFERROR(GOOGLETRANSLATE($B71,""en"",""mr""),$B71)","=IFERROR(GOOGLETRANSLATE($B71,""en"",""mni-Mtei""),$B71)","=IFERROR(GOOGLETRANSLATE($B71,""en"",""lus""),$B71)","=IFERROR(GOOGLETRANSLATE($B71,""en"",""or""),$B71)","=IFERROR(GOOGLETRANSLATE($B71,""en"",""pa""),$B71)","=IFERROR(GOOGLETRANSLATE($B71,""en"",""ne""),$B71)","=IFERROR(GOOGLETRANSLATE($B71,""en"",""bn""),$B71)","=IFERROR(GOOGLETRANSLATE($B71,""en"",""ks""),$B71)",=$B71
ui_0071,Business Details,"=IFERROR(GOOGLETRANSLATE($B72,""en"",""as""),$B72)","=IFERROR(GOOGLETRANSLATE($B72,""en"",""gom""),$B72)","=IFERROR(GOOGLETRANSLATE($B72,""en"",""gu""),$B72)","=IFERROR(GOOGLETRANSLATE($B72,""en"",""mr""),$B72)","=IFERROR(GOOGLETRANSLATE($B72,""en"",""mni-Mtei""),$B72)","=IFERROR(GOOGLETRANSLATE($B72,""en"",""lus""),$B72)","=IFERROR(GOOGLETRANSLATE($B72,""en"",""or""),$B72)","=IFERROR(GOOGLETRANSLATE($B72,""en"",""pa""),$B72)","=IFERROR(GOOGLETRANSLATE($B72,""en"",""ne""),$B72)","=IFERROR(GOOGLETRANSLATE($B72,""en"",""bn""),$B72)","=IFERROR(GOOGLETRANSLATE($B72,""en"",""ks""),$B72)",=$B72
ui_0072,Business logo update failed,"=IFERROR(GOOGLETRANSLATE($B73,""en"",""as""),$B73)","=IFERROR(GOOGLETRANSLATE($B73,""en"",""gom""),$B73)","=IFERROR(GOOGLETRANSLATE($B73,""en"",""gu""),$B73)","=IFERROR(GOOGLETRANSLATE($B73,""en"",""mr""),$B73)","=IFERROR(GOOGLETRANSLATE($B73,""en"",""mni-Mtei""),$B73)","=IFERROR(GOOGLETRANSLATE($B73,""en"",""lus""),$B73)","=IFERROR(GOOGLETRANSLATE($B73,""en"",""or""),$B73)","=IFERROR(GOOGLETRANSLATE($B73,""en"",""pa""),$B73)","=IFERROR(GOOGLETRANSLATE($B73,""en"",""ne""),$B73)","=IFERROR(GOOGLETRANSLATE($B73,""en"",""bn""),$B73)","=IFERROR(GOOGLETRANSLATE($B73,""en"",""ks""),$B73)",=$B73
ui_0073,Business Name,"=IFERROR(GOOGLETRANSLATE($B74,""en"",""as""),$B74)","=IFERROR(GOOGLETRANSLATE($B74,""en"",""gom""),$B74)","=IFERROR(GOOGLETRANSLATE($B74,""en"",""gu""),$B74)","=IFERROR(GOOGLETRANSLATE($B74,""en"",""mr""),$B74)","=IFERROR(GOOGLETRANSLATE($B74,""en"",""mni-Mtei""),$B74)","=IFERROR(GOOGLETRANSLATE($B74,""en"",""lus""),$B74)","=IFERROR(GOOGLETRANSLATE($B74,""en"",""or""),$B74)","=IFERROR(GOOGLETRANSLATE($B74,""en"",""pa""),$B74)","=IFERROR(GOOGLETRANSLATE($B74,""en"",""ne""),$B74)","=IFERROR(GOOGLETRANSLATE($B74,""en"",""bn""),$B74)","=IFERROR(GOOGLETRANSLATE($B74,""en"",""ks""),$B74)",=$B74
ui_0074,Business preview,"=IFERROR(GOOGLETRANSLATE($B75,""en"",""as""),$B75)","=IFERROR(GOOGLETRANSLATE($B75,""en"",""gom""),$B75)","=IFERROR(GOOGLETRANSLATE($B75,""en"",""gu""),$B75)","=IFERROR(GOOGLETRANSLATE($B75,""en"",""mr""),$B75)","=IFERROR(GOOGLETRANSLATE($B75,""en"",""mni-Mtei""),$B75)","=IFERROR(GOOGLETRANSLATE($B75,""en"",""lus""),$B75)","=IFERROR(GOOGLETRANSLATE($B75,""en"",""or""),$B75)","=IFERROR(GOOGLETRANSLATE($B75,""en"",""pa""),$B75)","=IFERROR(GOOGLETRANSLATE($B75,""en"",""ne""),$B75)","=IFERROR(GOOGLETRANSLATE($B75,""en"",""bn""),$B75)","=IFERROR(GOOGLETRANSLATE($B75,""en"",""ks""),$B75)",=$B75
ui_0075,Business Tagline,"=IFERROR(GOOGLETRANSLATE($B76,""en"",""as""),$B76)","=IFERROR(GOOGLETRANSLATE($B76,""en"",""gom""),$B76)","=IFERROR(GOOGLETRANSLATE($B76,""en"",""gu""),$B76)","=IFERROR(GOOGLETRANSLATE($B76,""en"",""mr""),$B76)","=IFERROR(GOOGLETRANSLATE($B76,""en"",""mni-Mtei""),$B76)","=IFERROR(GOOGLETRANSLATE($B76,""en"",""lus""),$B76)","=IFERROR(GOOGLETRANSLATE($B76,""en"",""or""),$B76)","=IFERROR(GOOGLETRANSLATE($B76,""en"",""pa""),$B76)","=IFERROR(GOOGLETRANSLATE($B76,""en"",""ne""),$B76)","=IFERROR(GOOGLETRANSLATE($B76,""en"",""bn""),$B76)","=IFERROR(GOOGLETRANSLATE($B76,""en"",""ks""),$B76)",=$B76
ui_0076,Business WhatsApp Number,"=IFERROR(GOOGLETRANSLATE($B77,""en"",""as""),$B77)","=IFERROR(GOOGLETRANSLATE($B77,""en"",""gom""),$B77)","=IFERROR(GOOGLETRANSLATE($B77,""en"",""gu""),$B77)","=IFERROR(GOOGLETRANSLATE($B77,""en"",""mr""),$B77)","=IFERROR(GOOGLETRANSLATE($B77,""en"",""mni-Mtei""),$B77)","=IFERROR(GOOGLETRANSLATE($B77,""en"",""lus""),$B77)","=IFERROR(GOOGLETRANSLATE($B77,""en"",""or""),$B77)","=IFERROR(GOOGLETRANSLATE($B77,""en"",""pa""),$B77)","=IFERROR(GOOGLETRANSLATE($B77,""en"",""ne""),$B77)","=IFERROR(GOOGLETRANSLATE($B77,""en"",""bn""),$B77)","=IFERROR(GOOGLETRANSLATE($B77,""en"",""ks""),$B77)",=$B77
ui_0077,Buy,"=IFERROR(GOOGLETRANSLATE($B78,""en"",""as""),$B78)","=IFERROR(GOOGLETRANSLATE($B78,""en"",""gom""),$B78)","=IFERROR(GOOGLETRANSLATE($B78,""en"",""gu""),$B78)","=IFERROR(GOOGLETRANSLATE($B78,""en"",""mr""),$B78)","=IFERROR(GOOGLETRANSLATE($B78,""en"",""mni-Mtei""),$B78)","=IFERROR(GOOGLETRANSLATE($B78,""en"",""lus""),$B78)","=IFERROR(GOOGLETRANSLATE($B78,""en"",""or""),$B78)","=IFERROR(GOOGLETRANSLATE($B78,""en"",""pa""),$B78)","=IFERROR(GOOGLETRANSLATE($B78,""en"",""ne""),$B78)","=IFERROR(GOOGLETRANSLATE($B78,""en"",""bn""),$B78)","=IFERROR(GOOGLETRANSLATE($B78,""en"",""ks""),$B78)",=$B78
ui_0078,"By continuing, you agree to our Privacy Policy and Terms & Conditions.","=IFERROR(GOOGLETRANSLATE($B79,""en"",""as""),$B79)","=IFERROR(GOOGLETRANSLATE($B79,""en"",""gom""),$B79)","=IFERROR(GOOGLETRANSLATE($B79,""en"",""gu""),$B79)","=IFERROR(GOOGLETRANSLATE($B79,""en"",""mr""),$B79)","=IFERROR(GOOGLETRANSLATE($B79,""en"",""mni-Mtei""),$B79)","=IFERROR(GOOGLETRANSLATE($B79,""en"",""lus""),$B79)","=IFERROR(GOOGLETRANSLATE($B79,""en"",""or""),$B79)","=IFERROR(GOOGLETRANSLATE($B79,""en"",""pa""),$B79)","=IFERROR(GOOGLETRANSLATE($B79,""en"",""ne""),$B79)","=IFERROR(GOOGLETRANSLATE($B79,""en"",""bn""),$B79)","=IFERROR(GOOGLETRANSLATE($B79,""en"",""ks""),$B79)",=$B79
ui_0079,Camera,"=IFERROR(GOOGLETRANSLATE($B80,""en"",""as""),$B80)","=IFERROR(GOOGLETRANSLATE($B80,""en"",""gom""),$B80)","=IFERROR(GOOGLETRANSLATE($B80,""en"",""gu""),$B80)","=IFERROR(GOOGLETRANSLATE($B80,""en"",""mr""),$B80)","=IFERROR(GOOGLETRANSLATE($B80,""en"",""mni-Mtei""),$B80)","=IFERROR(GOOGLETRANSLATE($B80,""en"",""lus""),$B80)","=IFERROR(GOOGLETRANSLATE($B80,""en"",""or""),$B80)","=IFERROR(GOOGLETRANSLATE($B80,""en"",""pa""),$B80)","=IFERROR(GOOGLETRANSLATE($B80,""en"",""ne""),$B80)","=IFERROR(GOOGLETRANSLATE($B80,""en"",""bn""),$B80)","=IFERROR(GOOGLETRANSLATE($B80,""en"",""ks""),$B80)",=$B80
ui_0080,Camera access granted.,"=IFERROR(GOOGLETRANSLATE($B81,""en"",""as""),$B81)","=IFERROR(GOOGLETRANSLATE($B81,""en"",""gom""),$B81)","=IFERROR(GOOGLETRANSLATE($B81,""en"",""gu""),$B81)","=IFERROR(GOOGLETRANSLATE($B81,""en"",""mr""),$B81)","=IFERROR(GOOGLETRANSLATE($B81,""en"",""mni-Mtei""),$B81)","=IFERROR(GOOGLETRANSLATE($B81,""en"",""lus""),$B81)","=IFERROR(GOOGLETRANSLATE($B81,""en"",""or""),$B81)","=IFERROR(GOOGLETRANSLATE($B81,""en"",""pa""),$B81)","=IFERROR(GOOGLETRANSLATE($B81,""en"",""ne""),$B81)","=IFERROR(GOOGLETRANSLATE($B81,""en"",""bn""),$B81)","=IFERROR(GOOGLETRANSLATE($B81,""en"",""ks""),$B81)",=$B81
ui_0081,Camera access is off.,"=IFERROR(GOOGLETRANSLATE($B82,""en"",""as""),$B82)","=IFERROR(GOOGLETRANSLATE($B82,""en"",""gom""),$B82)","=IFERROR(GOOGLETRANSLATE($B82,""en"",""gu""),$B82)","=IFERROR(GOOGLETRANSLATE($B82,""en"",""mr""),$B82)","=IFERROR(GOOGLETRANSLATE($B82,""en"",""mni-Mtei""),$B82)","=IFERROR(GOOGLETRANSLATE($B82,""en"",""lus""),$B82)","=IFERROR(GOOGLETRANSLATE($B82,""en"",""or""),$B82)","=IFERROR(GOOGLETRANSLATE($B82,""en"",""pa""),$B82)","=IFERROR(GOOGLETRANSLATE($B82,""en"",""ne""),$B82)","=IFERROR(GOOGLETRANSLATE($B82,""en"",""bn""),$B82)","=IFERROR(GOOGLETRANSLATE($B82,""en"",""ks""),$B82)",=$B82
ui_0082,Cancel,"=IFERROR(GOOGLETRANSLATE($B83,""en"",""as""),$B83)","=IFERROR(GOOGLETRANSLATE($B83,""en"",""gom""),$B83)","=IFERROR(GOOGLETRANSLATE($B83,""en"",""gu""),$B83)","=IFERROR(GOOGLETRANSLATE($B83,""en"",""mr""),$B83)","=IFERROR(GOOGLETRANSLATE($B83,""en"",""mni-Mtei""),$B83)","=IFERROR(GOOGLETRANSLATE($B83,""en"",""lus""),$B83)","=IFERROR(GOOGLETRANSLATE($B83,""en"",""or""),$B83)","=IFERROR(GOOGLETRANSLATE($B83,""en"",""pa""),$B83)","=IFERROR(GOOGLETRANSLATE($B83,""en"",""ne""),$B83)","=IFERROR(GOOGLETRANSLATE($B83,""en"",""bn""),$B83)","=IFERROR(GOOGLETRANSLATE($B83,""en"",""ks""),$B83)",=$B83
ui_0083,Canvas is empty,"=IFERROR(GOOGLETRANSLATE($B84,""en"",""as""),$B84)","=IFERROR(GOOGLETRANSLATE($B84,""en"",""gom""),$B84)","=IFERROR(GOOGLETRANSLATE($B84,""en"",""gu""),$B84)","=IFERROR(GOOGLETRANSLATE($B84,""en"",""mr""),$B84)","=IFERROR(GOOGLETRANSLATE($B84,""en"",""mni-Mtei""),$B84)","=IFERROR(GOOGLETRANSLATE($B84,""en"",""lus""),$B84)","=IFERROR(GOOGLETRANSLATE($B84,""en"",""or""),$B84)","=IFERROR(GOOGLETRANSLATE($B84,""en"",""pa""),$B84)","=IFERROR(GOOGLETRANSLATE($B84,""en"",""ne""),$B84)","=IFERROR(GOOGLETRANSLATE($B84,""en"",""bn""),$B84)","=IFERROR(GOOGLETRANSLATE($B84,""en"",""ks""),$B84)",=$B84
ui_0084,Capture failed. Please try again.,"=IFERROR(GOOGLETRANSLATE($B85,""en"",""as""),$B85)","=IFERROR(GOOGLETRANSLATE($B85,""en"",""gom""),$B85)","=IFERROR(GOOGLETRANSLATE($B85,""en"",""gu""),$B85)","=IFERROR(GOOGLETRANSLATE($B85,""en"",""mr""),$B85)","=IFERROR(GOOGLETRANSLATE($B85,""en"",""mni-Mtei""),$B85)","=IFERROR(GOOGLETRANSLATE($B85,""en"",""lus""),$B85)","=IFERROR(GOOGLETRANSLATE($B85,""en"",""or""),$B85)","=IFERROR(GOOGLETRANSLATE($B85,""en"",""pa""),$B85)","=IFERROR(GOOGLETRANSLATE($B85,""en"",""ne""),$B85)","=IFERROR(GOOGLETRANSLATE($B85,""en"",""bn""),$B85)","=IFERROR(GOOGLETRANSLATE($B85,""en"",""ks""),$B85)",=$B85
ui_0085,Category,"=IFERROR(GOOGLETRANSLATE($B86,""en"",""as""),$B86)","=IFERROR(GOOGLETRANSLATE($B86,""en"",""gom""),$B86)","=IFERROR(GOOGLETRANSLATE($B86,""en"",""gu""),$B86)","=IFERROR(GOOGLETRANSLATE($B86,""en"",""mr""),$B86)","=IFERROR(GOOGLETRANSLATE($B86,""en"",""mni-Mtei""),$B86)","=IFERROR(GOOGLETRANSLATE($B86,""en"",""lus""),$B86)","=IFERROR(GOOGLETRANSLATE($B86,""en"",""or""),$B86)","=IFERROR(GOOGLETRANSLATE($B86,""en"",""pa""),$B86)","=IFERROR(GOOGLETRANSLATE($B86,""en"",""ne""),$B86)","=IFERROR(GOOGLETRANSLATE($B86,""en"",""bn""),$B86)","=IFERROR(GOOGLETRANSLATE($B86,""en"",""ks""),$B86)",=$B86
ui_0086,Category is required,"=IFERROR(GOOGLETRANSLATE($B87,""en"",""as""),$B87)","=IFERROR(GOOGLETRANSLATE($B87,""en"",""gom""),$B87)","=IFERROR(GOOGLETRANSLATE($B87,""en"",""gu""),$B87)","=IFERROR(GOOGLETRANSLATE($B87,""en"",""mr""),$B87)","=IFERROR(GOOGLETRANSLATE($B87,""en"",""mni-Mtei""),$B87)","=IFERROR(GOOGLETRANSLATE($B87,""en"",""lus""),$B87)","=IFERROR(GOOGLETRANSLATE($B87,""en"",""or""),$B87)","=IFERROR(GOOGLETRANSLATE($B87,""en"",""pa""),$B87)","=IFERROR(GOOGLETRANSLATE($B87,""en"",""ne""),$B87)","=IFERROR(GOOGLETRANSLATE($B87,""en"",""bn""),$B87)","=IFERROR(GOOGLETRANSLATE($B87,""en"",""ks""),$B87)",=$B87
ui_0087,Center,"=IFERROR(GOOGLETRANSLATE($B88,""en"",""as""),$B88)","=IFERROR(GOOGLETRANSLATE($B88,""en"",""gom""),$B88)","=IFERROR(GOOGLETRANSLATE($B88,""en"",""gu""),$B88)","=IFERROR(GOOGLETRANSLATE($B88,""en"",""mr""),$B88)","=IFERROR(GOOGLETRANSLATE($B88,""en"",""mni-Mtei""),$B88)","=IFERROR(GOOGLETRANSLATE($B88,""en"",""lus""),$B88)","=IFERROR(GOOGLETRANSLATE($B88,""en"",""or""),$B88)","=IFERROR(GOOGLETRANSLATE($B88,""en"",""pa""),$B88)","=IFERROR(GOOGLETRANSLATE($B88,""en"",""ne""),$B88)","=IFERROR(GOOGLETRANSLATE($B88,""en"",""bn""),$B88)","=IFERROR(GOOGLETRANSLATE($B88,""en"",""ks""),$B88)",=$B88
ui_0088,Change logo,"=IFERROR(GOOGLETRANSLATE($B89,""en"",""as""),$B89)","=IFERROR(GOOGLETRANSLATE($B89,""en"",""gom""),$B89)","=IFERROR(GOOGLETRANSLATE($B89,""en"",""gu""),$B89)","=IFERROR(GOOGLETRANSLATE($B89,""en"",""mr""),$B89)","=IFERROR(GOOGLETRANSLATE($B89,""en"",""mni-Mtei""),$B89)","=IFERROR(GOOGLETRANSLATE($B89,""en"",""lus""),$B89)","=IFERROR(GOOGLETRANSLATE($B89,""en"",""or""),$B89)","=IFERROR(GOOGLETRANSLATE($B89,""en"",""pa""),$B89)","=IFERROR(GOOGLETRANSLATE($B89,""en"",""ne""),$B89)","=IFERROR(GOOGLETRANSLATE($B89,""en"",""bn""),$B89)","=IFERROR(GOOGLETRANSLATE($B89,""en"",""ks""),$B89)",=$B89
ui_0089,Change photo,"=IFERROR(GOOGLETRANSLATE($B90,""en"",""as""),$B90)","=IFERROR(GOOGLETRANSLATE($B90,""en"",""gom""),$B90)","=IFERROR(GOOGLETRANSLATE($B90,""en"",""gu""),$B90)","=IFERROR(GOOGLETRANSLATE($B90,""en"",""mr""),$B90)","=IFERROR(GOOGLETRANSLATE($B90,""en"",""mni-Mtei""),$B90)","=IFERROR(GOOGLETRANSLATE($B90,""en"",""lus""),$B90)","=IFERROR(GOOGLETRANSLATE($B90,""en"",""or""),$B90)","=IFERROR(GOOGLETRANSLATE($B90,""en"",""pa""),$B90)","=IFERROR(GOOGLETRANSLATE($B90,""en"",""ne""),$B90)","=IFERROR(GOOGLETRANSLATE($B90,""en"",""bn""),$B90)","=IFERROR(GOOGLETRANSLATE($B90,""en"",""ks""),$B90)",=$B90
ui_0090,Check,"=IFERROR(GOOGLETRANSLATE($B91,""en"",""as""),$B91)","=IFERROR(GOOGLETRANSLATE($B91,""en"",""gom""),$B91)","=IFERROR(GOOGLETRANSLATE($B91,""en"",""gu""),$B91)","=IFERROR(GOOGLETRANSLATE($B91,""en"",""mr""),$B91)","=IFERROR(GOOGLETRANSLATE($B91,""en"",""mni-Mtei""),$B91)","=IFERROR(GOOGLETRANSLATE($B91,""en"",""lus""),$B91)","=IFERROR(GOOGLETRANSLATE($B91,""en"",""or""),$B91)","=IFERROR(GOOGLETRANSLATE($B91,""en"",""pa""),$B91)","=IFERROR(GOOGLETRANSLATE($B91,""en"",""ne""),$B91)","=IFERROR(GOOGLETRANSLATE($B91,""en"",""bn""),$B91)","=IFERROR(GOOGLETRANSLATE($B91,""en"",""ks""),$B91)",=$B91
ui_0091,Checking plan status...,"=IFERROR(GOOGLETRANSLATE($B92,""en"",""as""),$B92)","=IFERROR(GOOGLETRANSLATE($B92,""en"",""gom""),$B92)","=IFERROR(GOOGLETRANSLATE($B92,""en"",""gu""),$B92)","=IFERROR(GOOGLETRANSLATE($B92,""en"",""mr""),$B92)","=IFERROR(GOOGLETRANSLATE($B92,""en"",""mni-Mtei""),$B92)","=IFERROR(GOOGLETRANSLATE($B92,""en"",""lus""),$B92)","=IFERROR(GOOGLETRANSLATE($B92,""en"",""or""),$B92)","=IFERROR(GOOGLETRANSLATE($B92,""en"",""pa""),$B92)","=IFERROR(GOOGLETRANSLATE($B92,""en"",""ne""),$B92)","=IFERROR(GOOGLETRANSLATE($B92,""en"",""bn""),$B92)","=IFERROR(GOOGLETRANSLATE($B92,""en"",""ks""),$B92)",=$B92
ui_0092,Checking subscription status...,"=IFERROR(GOOGLETRANSLATE($B93,""en"",""as""),$B93)","=IFERROR(GOOGLETRANSLATE($B93,""en"",""gom""),$B93)","=IFERROR(GOOGLETRANSLATE($B93,""en"",""gu""),$B93)","=IFERROR(GOOGLETRANSLATE($B93,""en"",""mr""),$B93)","=IFERROR(GOOGLETRANSLATE($B93,""en"",""mni-Mtei""),$B93)","=IFERROR(GOOGLETRANSLATE($B93,""en"",""lus""),$B93)","=IFERROR(GOOGLETRANSLATE($B93,""en"",""or""),$B93)","=IFERROR(GOOGLETRANSLATE($B93,""en"",""pa""),$B93)","=IFERROR(GOOGLETRANSLATE($B93,""en"",""ne""),$B93)","=IFERROR(GOOGLETRANSLATE($B93,""en"",""bn""),$B93)","=IFERROR(GOOGLETRANSLATE($B93,""en"",""ks""),$B93)",=$B93
ui_0093,Children's Privacy,"=IFERROR(GOOGLETRANSLATE($B94,""en"",""as""),$B94)","=IFERROR(GOOGLETRANSLATE($B94,""en"",""gom""),$B94)","=IFERROR(GOOGLETRANSLATE($B94,""en"",""gu""),$B94)","=IFERROR(GOOGLETRANSLATE($B94,""en"",""mr""),$B94)","=IFERROR(GOOGLETRANSLATE($B94,""en"",""mni-Mtei""),$B94)","=IFERROR(GOOGLETRANSLATE($B94,""en"",""lus""),$B94)","=IFERROR(GOOGLETRANSLATE($B94,""en"",""or""),$B94)","=IFERROR(GOOGLETRANSLATE($B94,""en"",""pa""),$B94)","=IFERROR(GOOGLETRANSLATE($B94,""en"",""ne""),$B94)","=IFERROR(GOOGLETRANSLATE($B94,""en"",""bn""),$B94)","=IFERROR(GOOGLETRANSLATE($B94,""en"",""ks""),$B94)",=$B94
ui_0094,Choose and share with your name,"=IFERROR(GOOGLETRANSLATE($B95,""en"",""as""),$B95)","=IFERROR(GOOGLETRANSLATE($B95,""en"",""gom""),$B95)","=IFERROR(GOOGLETRANSLATE($B95,""en"",""gu""),$B95)","=IFERROR(GOOGLETRANSLATE($B95,""en"",""mr""),$B95)","=IFERROR(GOOGLETRANSLATE($B95,""en"",""mni-Mtei""),$B95)","=IFERROR(GOOGLETRANSLATE($B95,""en"",""lus""),$B95)","=IFERROR(GOOGLETRANSLATE($B95,""en"",""or""),$B95)","=IFERROR(GOOGLETRANSLATE($B95,""en"",""pa""),$B95)","=IFERROR(GOOGLETRANSLATE($B95,""en"",""ne""),$B95)","=IFERROR(GOOGLETRANSLATE($B95,""en"",""bn""),$B95)","=IFERROR(GOOGLETRANSLATE($B95,""en"",""ks""),$B95)",=$B95
ui_0095,Choose the closest reason. Reports help keep the community safe and may be reviewed by our team.,"=IFERROR(GOOGLETRANSLATE($B96,""en"",""as""),$B96)","=IFERROR(GOOGLETRANSLATE($B96,""en"",""gom""),$B96)","=IFERROR(GOOGLETRANSLATE($B96,""en"",""gu""),$B96)","=IFERROR(GOOGLETRANSLATE($B96,""en"",""mr""),$B96)","=IFERROR(GOOGLETRANSLATE($B96,""en"",""mni-Mtei""),$B96)","=IFERROR(GOOGLETRANSLATE($B96,""en"",""lus""),$B96)","=IFERROR(GOOGLETRANSLATE($B96,""en"",""or""),$B96)","=IFERROR(GOOGLETRANSLATE($B96,""en"",""pa""),$B96)","=IFERROR(GOOGLETRANSLATE($B96,""en"",""ne""),$B96)","=IFERROR(GOOGLETRANSLATE($B96,""en"",""bn""),$B96)","=IFERROR(GOOGLETRANSLATE($B96,""en"",""ks""),$B96)",=$B96
ui_0096,Choose the language you want in the app. You can change it later too.,"=IFERROR(GOOGLETRANSLATE($B97,""en"",""as""),$B97)","=IFERROR(GOOGLETRANSLATE($B97,""en"",""gom""),$B97)","=IFERROR(GOOGLETRANSLATE($B97,""en"",""gu""),$B97)","=IFERROR(GOOGLETRANSLATE($B97,""en"",""mr""),$B97)","=IFERROR(GOOGLETRANSLATE($B97,""en"",""mni-Mtei""),$B97)","=IFERROR(GOOGLETRANSLATE($B97,""en"",""lus""),$B97)","=IFERROR(GOOGLETRANSLATE($B97,""en"",""or""),$B97)","=IFERROR(GOOGLETRANSLATE($B97,""en"",""pa""),$B97)","=IFERROR(GOOGLETRANSLATE($B97,""en"",""ne""),$B97)","=IFERROR(GOOGLETRANSLATE($B97,""en"",""bn""),$B97)","=IFERROR(GOOGLETRANSLATE($B97,""en"",""ks""),$B97)",=$B97
ui_0097,Choose your app language,"=IFERROR(GOOGLETRANSLATE($B98,""en"",""as""),$B98)","=IFERROR(GOOGLETRANSLATE($B98,""en"",""gom""),$B98)","=IFERROR(GOOGLETRANSLATE($B98,""en"",""gu""),$B98)","=IFERROR(GOOGLETRANSLATE($B98,""en"",""mr""),$B98)","=IFERROR(GOOGLETRANSLATE($B98,""en"",""mni-Mtei""),$B98)","=IFERROR(GOOGLETRANSLATE($B98,""en"",""lus""),$B98)","=IFERROR(GOOGLETRANSLATE($B98,""en"",""or""),$B98)","=IFERROR(GOOGLETRANSLATE($B98,""en"",""pa""),$B98)","=IFERROR(GOOGLETRANSLATE($B98,""en"",""ne""),$B98)","=IFERROR(GOOGLETRANSLATE($B98,""en"",""bn""),$B98)","=IFERROR(GOOGLETRANSLATE($B98,""en"",""ks""),$B98)",=$B98
ui_0098,Choose your language,"=IFERROR(GOOGLETRANSLATE($B99,""en"",""as""),$B99)","=IFERROR(GOOGLETRANSLATE($B99,""en"",""gom""),$B99)","=IFERROR(GOOGLETRANSLATE($B99,""en"",""gu""),$B99)","=IFERROR(GOOGLETRANSLATE($B99,""en"",""mr""),$B99)","=IFERROR(GOOGLETRANSLATE($B99,""en"",""mni-Mtei""),$B99)","=IFERROR(GOOGLETRANSLATE($B99,""en"",""lus""),$B99)","=IFERROR(GOOGLETRANSLATE($B99,""en"",""or""),$B99)","=IFERROR(GOOGLETRANSLATE($B99,""en"",""pa""),$B99)","=IFERROR(GOOGLETRANSLATE($B99,""en"",""ne""),$B99)","=IFERROR(GOOGLETRANSLATE($B99,""en"",""bn""),$B99)","=IFERROR(GOOGLETRANSLATE($B99,""en"",""ks""),$B99)",=$B99
ui_0099,Christian,"=IFERROR(GOOGLETRANSLATE($B100,""en"",""as""),$B100)","=IFERROR(GOOGLETRANSLATE($B100,""en"",""gom""),$B100)","=IFERROR(GOOGLETRANSLATE($B100,""en"",""gu""),$B100)","=IFERROR(GOOGLETRANSLATE($B100,""en"",""mr""),$B100)","=IFERROR(GOOGLETRANSLATE($B100,""en"",""mni-Mtei""),$B100)","=IFERROR(GOOGLETRANSLATE($B100,""en"",""lus""),$B100)","=IFERROR(GOOGLETRANSLATE($B100,""en"",""or""),$B100)","=IFERROR(GOOGLETRANSLATE($B100,""en"",""pa""),$B100)","=IFERROR(GOOGLETRANSLATE($B100,""en"",""ne""),$B100)","=IFERROR(GOOGLETRANSLATE($B100,""en"",""bn""),$B100)","=IFERROR(GOOGLETRANSLATE($B100,""en"",""ks""),$B100)",=$B100
ui_0100,Close,"=IFERROR(GOOGLETRANSLATE($B101,""en"",""as""),$B101)","=IFERROR(GOOGLETRANSLATE($B101,""en"",""gom""),$B101)","=IFERROR(GOOGLETRANSLATE($B101,""en"",""gu""),$B101)","=IFERROR(GOOGLETRANSLATE($B101,""en"",""mr""),$B101)","=IFERROR(GOOGLETRANSLATE($B101,""en"",""mni-Mtei""),$B101)","=IFERROR(GOOGLETRANSLATE($B101,""en"",""lus""),$B101)","=IFERROR(GOOGLETRANSLATE($B101,""en"",""or""),$B101)","=IFERROR(GOOGLETRANSLATE($B101,""en"",""pa""),$B101)","=IFERROR(GOOGLETRANSLATE($B101,""en"",""ne""),$B101)","=IFERROR(GOOGLETRANSLATE($B101,""en"",""bn""),$B101)","=IFERROR(GOOGLETRANSLATE($B101,""en"",""ks""),$B101)",=$B101
ui_0101,Color,"=IFERROR(GOOGLETRANSLATE($B102,""en"",""as""),$B102)","=IFERROR(GOOGLETRANSLATE($B102,""en"",""gom""),$B102)","=IFERROR(GOOGLETRANSLATE($B102,""en"",""gu""),$B102)","=IFERROR(GOOGLETRANSLATE($B102,""en"",""mr""),$B102)","=IFERROR(GOOGLETRANSLATE($B102,""en"",""mni-Mtei""),$B102)","=IFERROR(GOOGLETRANSLATE($B102,""en"",""lus""),$B102)","=IFERROR(GOOGLETRANSLATE($B102,""en"",""or""),$B102)","=IFERROR(GOOGLETRANSLATE($B102,""en"",""pa""),$B102)","=IFERROR(GOOGLETRANSLATE($B102,""en"",""ne""),$B102)","=IFERROR(GOOGLETRANSLATE($B102,""en"",""bn""),$B102)","=IFERROR(GOOGLETRANSLATE($B102,""en"",""ks""),$B102)",=$B102
ui_0102,Community Contribution,"=IFERROR(GOOGLETRANSLATE($B103,""en"",""as""),$B103)","=IFERROR(GOOGLETRANSLATE($B103,""en"",""gom""),$B103)","=IFERROR(GOOGLETRANSLATE($B103,""en"",""gu""),$B103)","=IFERROR(GOOGLETRANSLATE($B103,""en"",""mr""),$B103)","=IFERROR(GOOGLETRANSLATE($B103,""en"",""mni-Mtei""),$B103)","=IFERROR(GOOGLETRANSLATE($B103,""en"",""lus""),$B103)","=IFERROR(GOOGLETRANSLATE($B103,""en"",""or""),$B103)","=IFERROR(GOOGLETRANSLATE($B103,""en"",""pa""),$B103)","=IFERROR(GOOGLETRANSLATE($B103,""en"",""ne""),$B103)","=IFERROR(GOOGLETRANSLATE($B103,""en"",""bn""),$B103)","=IFERROR(GOOGLETRANSLATE($B103,""en"",""ks""),$B103)",=$B103
ui_0103,"Community quote/image submissions are reviewed by a manager, who may customize and publish the poster in the correct category.","=IFERROR(GOOGLETRANSLATE($B104,""en"",""as""),$B104)","=IFERROR(GOOGLETRANSLATE($B104,""en"",""gom""),$B104)","=IFERROR(GOOGLETRANSLATE($B104,""en"",""gu""),$B104)","=IFERROR(GOOGLETRANSLATE($B104,""en"",""mr""),$B104)","=IFERROR(GOOGLETRANSLATE($B104,""en"",""mni-Mtei""),$B104)","=IFERROR(GOOGLETRANSLATE($B104,""en"",""lus""),$B104)","=IFERROR(GOOGLETRANSLATE($B104,""en"",""or""),$B104)","=IFERROR(GOOGLETRANSLATE($B104,""en"",""pa""),$B104)","=IFERROR(GOOGLETRANSLATE($B104,""en"",""ne""),$B104)","=IFERROR(GOOGLETRANSLATE($B104,""en"",""bn""),$B104)","=IFERROR(GOOGLETRANSLATE($B104,""en"",""ks""),$B104)",=$B104
ui_0104,"Community Status, Replies, and 24-Hour Retention","=IFERROR(GOOGLETRANSLATE($B105,""en"",""as""),$B105)","=IFERROR(GOOGLETRANSLATE($B105,""en"",""gom""),$B105)","=IFERROR(GOOGLETRANSLATE($B105,""en"",""gu""),$B105)","=IFERROR(GOOGLETRANSLATE($B105,""en"",""mr""),$B105)","=IFERROR(GOOGLETRANSLATE($B105,""en"",""mni-Mtei""),$B105)","=IFERROR(GOOGLETRANSLATE($B105,""en"",""lus""),$B105)","=IFERROR(GOOGLETRANSLATE($B105,""en"",""or""),$B105)","=IFERROR(GOOGLETRANSLATE($B105,""en"",""pa""),$B105)","=IFERROR(GOOGLETRANSLATE($B105,""en"",""ne""),$B105)","=IFERROR(GOOGLETRANSLATE($B105,""en"",""bn""),$B105)","=IFERROR(GOOGLETRANSLATE($B105,""en"",""ks""),$B105)",=$B105
ui_0105,"Community Status, Replies, and Temporary Content","=IFERROR(GOOGLETRANSLATE($B106,""en"",""as""),$B106)","=IFERROR(GOOGLETRANSLATE($B106,""en"",""gom""),$B106)","=IFERROR(GOOGLETRANSLATE($B106,""en"",""gu""),$B106)","=IFERROR(GOOGLETRANSLATE($B106,""en"",""mr""),$B106)","=IFERROR(GOOGLETRANSLATE($B106,""en"",""mni-Mtei""),$B106)","=IFERROR(GOOGLETRANSLATE($B106,""en"",""lus""),$B106)","=IFERROR(GOOGLETRANSLATE($B106,""en"",""or""),$B106)","=IFERROR(GOOGLETRANSLATE($B106,""en"",""pa""),$B106)","=IFERROR(GOOGLETRANSLATE($B106,""en"",""ne""),$B106)","=IFERROR(GOOGLETRANSLATE($B106,""en"",""bn""),$B106)","=IFERROR(GOOGLETRANSLATE($B106,""en"",""ks""),$B106)",=$B106
ui_0106,"Community upload lets users send an image, quote, or both for manager review; approved posters appear in the appropriate category.","=IFERROR(GOOGLETRANSLATE($B107,""en"",""as""),$B107)","=IFERROR(GOOGLETRANSLATE($B107,""en"",""gom""),$B107)","=IFERROR(GOOGLETRANSLATE($B107,""en"",""gu""),$B107)","=IFERROR(GOOGLETRANSLATE($B107,""en"",""mr""),$B107)","=IFERROR(GOOGLETRANSLATE($B107,""en"",""mni-Mtei""),$B107)","=IFERROR(GOOGLETRANSLATE($B107,""en"",""lus""),$B107)","=IFERROR(GOOGLETRANSLATE($B107,""en"",""or""),$B107)","=IFERROR(GOOGLETRANSLATE($B107,""en"",""pa""),$B107)","=IFERROR(GOOGLETRANSLATE($B107,""en"",""ne""),$B107)","=IFERROR(GOOGLETRANSLATE($B107,""en"",""bn""),$B107)","=IFERROR(GOOGLETRANSLATE($B107,""en"",""ks""),$B107)",=$B107
ui_0107,Community Uploads and Review,"=IFERROR(GOOGLETRANSLATE($B108,""en"",""as""),$B108)","=IFERROR(GOOGLETRANSLATE($B108,""en"",""gom""),$B108)","=IFERROR(GOOGLETRANSLATE($B108,""en"",""gu""),$B108)","=IFERROR(GOOGLETRANSLATE($B108,""en"",""mr""),$B108)","=IFERROR(GOOGLETRANSLATE($B108,""en"",""mni-Mtei""),$B108)","=IFERROR(GOOGLETRANSLATE($B108,""en"",""lus""),$B108)","=IFERROR(GOOGLETRANSLATE($B108,""en"",""or""),$B108)","=IFERROR(GOOGLETRANSLATE($B108,""en"",""pa""),$B108)","=IFERROR(GOOGLETRANSLATE($B108,""en"",""ne""),$B108)","=IFERROR(GOOGLETRANSLATE($B108,""en"",""bn""),$B108)","=IFERROR(GOOGLETRANSLATE($B108,""en"",""ks""),$B108)",=$B108
ui_0108,"Community Uploads, Moderation, and Reporting","=IFERROR(GOOGLETRANSLATE($B109,""en"",""as""),$B109)","=IFERROR(GOOGLETRANSLATE($B109,""en"",""gom""),$B109)","=IFERROR(GOOGLETRANSLATE($B109,""en"",""gu""),$B109)","=IFERROR(GOOGLETRANSLATE($B109,""en"",""mr""),$B109)","=IFERROR(GOOGLETRANSLATE($B109,""en"",""mni-Mtei""),$B109)","=IFERROR(GOOGLETRANSLATE($B109,""en"",""lus""),$B109)","=IFERROR(GOOGLETRANSLATE($B109,""en"",""or""),$B109)","=IFERROR(GOOGLETRANSLATE($B109,""en"",""pa""),$B109)","=IFERROR(GOOGLETRANSLATE($B109,""en"",""ne""),$B109)","=IFERROR(GOOGLETRANSLATE($B109,""en"",""bn""),$B109)","=IFERROR(GOOGLETRANSLATE($B109,""en"",""ks""),$B109)",=$B109
ui_0109,Confirm account deletion,"=IFERROR(GOOGLETRANSLATE($B110,""en"",""as""),$B110)","=IFERROR(GOOGLETRANSLATE($B110,""en"",""gom""),$B110)","=IFERROR(GOOGLETRANSLATE($B110,""en"",""gu""),$B110)","=IFERROR(GOOGLETRANSLATE($B110,""en"",""mr""),$B110)","=IFERROR(GOOGLETRANSLATE($B110,""en"",""mni-Mtei""),$B110)","=IFERROR(GOOGLETRANSLATE($B110,""en"",""lus""),$B110)","=IFERROR(GOOGLETRANSLATE($B110,""en"",""or""),$B110)","=IFERROR(GOOGLETRANSLATE($B110,""en"",""pa""),$B110)","=IFERROR(GOOGLETRANSLATE($B110,""en"",""ne""),$B110)","=IFERROR(GOOGLETRANSLATE($B110,""en"",""bn""),$B110)","=IFERROR(GOOGLETRANSLATE($B110,""en"",""ks""),$B110)",=$B110
ui_0110,Congratulations! You received 30 days Premium free.,"=IFERROR(GOOGLETRANSLATE($B111,""en"",""as""),$B111)","=IFERROR(GOOGLETRANSLATE($B111,""en"",""gom""),$B111)","=IFERROR(GOOGLETRANSLATE($B111,""en"",""gu""),$B111)","=IFERROR(GOOGLETRANSLATE($B111,""en"",""mr""),$B111)","=IFERROR(GOOGLETRANSLATE($B111,""en"",""mni-Mtei""),$B111)","=IFERROR(GOOGLETRANSLATE($B111,""en"",""lus""),$B111)","=IFERROR(GOOGLETRANSLATE($B111,""en"",""or""),$B111)","=IFERROR(GOOGLETRANSLATE($B111,""en"",""pa""),$B111)","=IFERROR(GOOGLETRANSLATE($B111,""en"",""ne""),$B111)","=IFERROR(GOOGLETRANSLATE($B111,""en"",""bn""),$B111)","=IFERROR(GOOGLETRANSLATE($B111,""en"",""ks""),$B111)",=$B111
ui_0111,Contact Information,"=IFERROR(GOOGLETRANSLATE($B112,""en"",""as""),$B112)","=IFERROR(GOOGLETRANSLATE($B112,""en"",""gom""),$B112)","=IFERROR(GOOGLETRANSLATE($B112,""en"",""gu""),$B112)","=IFERROR(GOOGLETRANSLATE($B112,""en"",""mr""),$B112)","=IFERROR(GOOGLETRANSLATE($B112,""en"",""mni-Mtei""),$B112)","=IFERROR(GOOGLETRANSLATE($B112,""en"",""lus""),$B112)","=IFERROR(GOOGLETRANSLATE($B112,""en"",""or""),$B112)","=IFERROR(GOOGLETRANSLATE($B112,""en"",""pa""),$B112)","=IFERROR(GOOGLETRANSLATE($B112,""en"",""ne""),$B112)","=IFERROR(GOOGLETRANSLATE($B112,""en"",""bn""),$B112)","=IFERROR(GOOGLETRANSLATE($B112,""en"",""ks""),$B112)",=$B112
ui_0112,Continue,"=IFERROR(GOOGLETRANSLATE($B113,""en"",""as""),$B113)","=IFERROR(GOOGLETRANSLATE($B113,""en"",""gom""),$B113)","=IFERROR(GOOGLETRANSLATE($B113,""en"",""gu""),$B113)","=IFERROR(GOOGLETRANSLATE($B113,""en"",""mr""),$B113)","=IFERROR(GOOGLETRANSLATE($B113,""en"",""mni-Mtei""),$B113)","=IFERROR(GOOGLETRANSLATE($B113,""en"",""lus""),$B113)","=IFERROR(GOOGLETRANSLATE($B113,""en"",""or""),$B113)","=IFERROR(GOOGLETRANSLATE($B113,""en"",""pa""),$B113)","=IFERROR(GOOGLETRANSLATE($B113,""en"",""ne""),$B113)","=IFERROR(GOOGLETRANSLATE($B113,""en"",""bn""),$B113)","=IFERROR(GOOGLETRANSLATE($B113,""en"",""ks""),$B113)",=$B113
ui_0113,Continue with Google,"=IFERROR(GOOGLETRANSLATE($B114,""en"",""as""),$B114)","=IFERROR(GOOGLETRANSLATE($B114,""en"",""gom""),$B114)","=IFERROR(GOOGLETRANSLATE($B114,""en"",""gu""),$B114)","=IFERROR(GOOGLETRANSLATE($B114,""en"",""mr""),$B114)","=IFERROR(GOOGLETRANSLATE($B114,""en"",""mni-Mtei""),$B114)","=IFERROR(GOOGLETRANSLATE($B114,""en"",""lus""),$B114)","=IFERROR(GOOGLETRANSLATE($B114,""en"",""or""),$B114)","=IFERROR(GOOGLETRANSLATE($B114,""en"",""pa""),$B114)","=IFERROR(GOOGLETRANSLATE($B114,""en"",""ne""),$B114)","=IFERROR(GOOGLETRANSLATE($B114,""en"",""bn""),$B114)","=IFERROR(GOOGLETRANSLATE($B114,""en"",""ks""),$B114)",=$B114
ui_0114,Contrast,"=IFERROR(GOOGLETRANSLATE($B115,""en"",""as""),$B115)","=IFERROR(GOOGLETRANSLATE($B115,""en"",""gom""),$B115)","=IFERROR(GOOGLETRANSLATE($B115,""en"",""gu""),$B115)","=IFERROR(GOOGLETRANSLATE($B115,""en"",""mr""),$B115)","=IFERROR(GOOGLETRANSLATE($B115,""en"",""mni-Mtei""),$B115)","=IFERROR(GOOGLETRANSLATE($B115,""en"",""lus""),$B115)","=IFERROR(GOOGLETRANSLATE($B115,""en"",""or""),$B115)","=IFERROR(GOOGLETRANSLATE($B115,""en"",""pa""),$B115)","=IFERROR(GOOGLETRANSLATE($B115,""en"",""ne""),$B115)","=IFERROR(GOOGLETRANSLATE($B115,""en"",""bn""),$B115)","=IFERROR(GOOGLETRANSLATE($B115,""en"",""ks""),$B115)",=$B115
ui_0115,Control alerts and updates,"=IFERROR(GOOGLETRANSLATE($B116,""en"",""as""),$B116)","=IFERROR(GOOGLETRANSLATE($B116,""en"",""gom""),$B116)","=IFERROR(GOOGLETRANSLATE($B116,""en"",""gu""),$B116)","=IFERROR(GOOGLETRANSLATE($B116,""en"",""mr""),$B116)","=IFERROR(GOOGLETRANSLATE($B116,""en"",""mni-Mtei""),$B116)","=IFERROR(GOOGLETRANSLATE($B116,""en"",""lus""),$B116)","=IFERROR(GOOGLETRANSLATE($B116,""en"",""or""),$B116)","=IFERROR(GOOGLETRANSLATE($B116,""en"",""pa""),$B116)","=IFERROR(GOOGLETRANSLATE($B116,""en"",""ne""),$B116)","=IFERROR(GOOGLETRANSLATE($B116,""en"",""bn""),$B116)","=IFERROR(GOOGLETRANSLATE($B116,""en"",""ks""),$B116)",=$B116
ui_0116,Copyright or trademark issue,"=IFERROR(GOOGLETRANSLATE($B117,""en"",""as""),$B117)","=IFERROR(GOOGLETRANSLATE($B117,""en"",""gom""),$B117)","=IFERROR(GOOGLETRANSLATE($B117,""en"",""gu""),$B117)","=IFERROR(GOOGLETRANSLATE($B117,""en"",""mr""),$B117)","=IFERROR(GOOGLETRANSLATE($B117,""en"",""mni-Mtei""),$B117)","=IFERROR(GOOGLETRANSLATE($B117,""en"",""lus""),$B117)","=IFERROR(GOOGLETRANSLATE($B117,""en"",""or""),$B117)","=IFERROR(GOOGLETRANSLATE($B117,""en"",""pa""),$B117)","=IFERROR(GOOGLETRANSLATE($B117,""en"",""ne""),$B117)","=IFERROR(GOOGLETRANSLATE($B117,""en"",""bn""),$B117)","=IFERROR(GOOGLETRANSLATE($B117,""en"",""ks""),$B117)",=$B117
ui_0117,Corner Radius,"=IFERROR(GOOGLETRANSLATE($B118,""en"",""as""),$B118)","=IFERROR(GOOGLETRANSLATE($B118,""en"",""gom""),$B118)","=IFERROR(GOOGLETRANSLATE($B118,""en"",""gu""),$B118)","=IFERROR(GOOGLETRANSLATE($B118,""en"",""mr""),$B118)","=IFERROR(GOOGLETRANSLATE($B118,""en"",""mni-Mtei""),$B118)","=IFERROR(GOOGLETRANSLATE($B118,""en"",""lus""),$B118)","=IFERROR(GOOGLETRANSLATE($B118,""en"",""or""),$B118)","=IFERROR(GOOGLETRANSLATE($B118,""en"",""pa""),$B118)","=IFERROR(GOOGLETRANSLATE($B118,""en"",""ne""),$B118)","=IFERROR(GOOGLETRANSLATE($B118,""en"",""bn""),$B118)","=IFERROR(GOOGLETRANSLATE($B118,""en"",""ks""),$B118)",=$B118
ui_0118,Could not add the extra photo.,"=IFERROR(GOOGLETRANSLATE($B119,""en"",""as""),$B119)","=IFERROR(GOOGLETRANSLATE($B119,""en"",""gom""),$B119)","=IFERROR(GOOGLETRANSLATE($B119,""en"",""gu""),$B119)","=IFERROR(GOOGLETRANSLATE($B119,""en"",""mr""),$B119)","=IFERROR(GOOGLETRANSLATE($B119,""en"",""mni-Mtei""),$B119)","=IFERROR(GOOGLETRANSLATE($B119,""en"",""lus""),$B119)","=IFERROR(GOOGLETRANSLATE($B119,""en"",""or""),$B119)","=IFERROR(GOOGLETRANSLATE($B119,""en"",""pa""),$B119)","=IFERROR(GOOGLETRANSLATE($B119,""en"",""ne""),$B119)","=IFERROR(GOOGLETRANSLATE($B119,""en"",""bn""),$B119)","=IFERROR(GOOGLETRANSLATE($B119,""en"",""ks""),$B119)",=$B119
ui_0119,Could not load downloads.,"=IFERROR(GOOGLETRANSLATE($B120,""en"",""as""),$B120)","=IFERROR(GOOGLETRANSLATE($B120,""en"",""gom""),$B120)","=IFERROR(GOOGLETRANSLATE($B120,""en"",""gu""),$B120)","=IFERROR(GOOGLETRANSLATE($B120,""en"",""mr""),$B120)","=IFERROR(GOOGLETRANSLATE($B120,""en"",""mni-Mtei""),$B120)","=IFERROR(GOOGLETRANSLATE($B120,""en"",""lus""),$B120)","=IFERROR(GOOGLETRANSLATE($B120,""en"",""or""),$B120)","=IFERROR(GOOGLETRANSLATE($B120,""en"",""pa""),$B120)","=IFERROR(GOOGLETRANSLATE($B120,""en"",""ne""),$B120)","=IFERROR(GOOGLETRANSLATE($B120,""en"",""bn""),$B120)","=IFERROR(GOOGLETRANSLATE($B120,""en"",""ks""),$B120)",=$B120
ui_0120,Could not open editor. Please try again.,"=IFERROR(GOOGLETRANSLATE($B121,""en"",""as""),$B121)","=IFERROR(GOOGLETRANSLATE($B121,""en"",""gom""),$B121)","=IFERROR(GOOGLETRANSLATE($B121,""en"",""gu""),$B121)","=IFERROR(GOOGLETRANSLATE($B121,""en"",""mr""),$B121)","=IFERROR(GOOGLETRANSLATE($B121,""en"",""mni-Mtei""),$B121)","=IFERROR(GOOGLETRANSLATE($B121,""en"",""lus""),$B121)","=IFERROR(GOOGLETRANSLATE($B121,""en"",""or""),$B121)","=IFERROR(GOOGLETRANSLATE($B121,""en"",""pa""),$B121)","=IFERROR(GOOGLETRANSLATE($B121,""en"",""ne""),$B121)","=IFERROR(GOOGLETRANSLATE($B121,""en"",""bn""),$B121)","=IFERROR(GOOGLETRANSLATE($B121,""en"",""ks""),$B121)",=$B121
ui_0121,Could not open settings. Please try again.,"=IFERROR(GOOGLETRANSLATE($B122,""en"",""as""),$B122)","=IFERROR(GOOGLETRANSLATE($B122,""en"",""gom""),$B122)","=IFERROR(GOOGLETRANSLATE($B122,""en"",""gu""),$B122)","=IFERROR(GOOGLETRANSLATE($B122,""en"",""mr""),$B122)","=IFERROR(GOOGLETRANSLATE($B122,""en"",""mni-Mtei""),$B122)","=IFERROR(GOOGLETRANSLATE($B122,""en"",""lus""),$B122)","=IFERROR(GOOGLETRANSLATE($B122,""en"",""or""),$B122)","=IFERROR(GOOGLETRANSLATE($B122,""en"",""pa""),$B122)","=IFERROR(GOOGLETRANSLATE($B122,""en"",""ne""),$B122)","=IFERROR(GOOGLETRANSLATE($B122,""en"",""bn""),$B122)","=IFERROR(GOOGLETRANSLATE($B122,""en"",""ks""),$B122)",=$B122
ui_0122,Could not open the link. Please try again.,"=IFERROR(GOOGLETRANSLATE($B123,""en"",""as""),$B123)","=IFERROR(GOOGLETRANSLATE($B123,""en"",""gom""),$B123)","=IFERROR(GOOGLETRANSLATE($B123,""en"",""gu""),$B123)","=IFERROR(GOOGLETRANSLATE($B123,""en"",""mr""),$B123)","=IFERROR(GOOGLETRANSLATE($B123,""en"",""mni-Mtei""),$B123)","=IFERROR(GOOGLETRANSLATE($B123,""en"",""lus""),$B123)","=IFERROR(GOOGLETRANSLATE($B123,""en"",""or""),$B123)","=IFERROR(GOOGLETRANSLATE($B123,""en"",""pa""),$B123)","=IFERROR(GOOGLETRANSLATE($B123,""en"",""ne""),$B123)","=IFERROR(GOOGLETRANSLATE($B123,""en"",""bn""),$B123)","=IFERROR(GOOGLETRANSLATE($B123,""en"",""ks""),$B123)",=$B123
ui_0123,Could not open the mail app. Please try again.,"=IFERROR(GOOGLETRANSLATE($B124,""en"",""as""),$B124)","=IFERROR(GOOGLETRANSLATE($B124,""en"",""gom""),$B124)","=IFERROR(GOOGLETRANSLATE($B124,""en"",""gu""),$B124)","=IFERROR(GOOGLETRANSLATE($B124,""en"",""mr""),$B124)","=IFERROR(GOOGLETRANSLATE($B124,""en"",""mni-Mtei""),$B124)","=IFERROR(GOOGLETRANSLATE($B124,""en"",""lus""),$B124)","=IFERROR(GOOGLETRANSLATE($B124,""en"",""or""),$B124)","=IFERROR(GOOGLETRANSLATE($B124,""en"",""pa""),$B124)","=IFERROR(GOOGLETRANSLATE($B124,""en"",""ne""),$B124)","=IFERROR(GOOGLETRANSLATE($B124,""en"",""bn""),$B124)","=IFERROR(GOOGLETRANSLATE($B124,""en"",""ks""),$B124)",=$B124
ui_0124,Could not open the Play Store. Please try again.,"=IFERROR(GOOGLETRANSLATE($B125,""en"",""as""),$B125)","=IFERROR(GOOGLETRANSLATE($B125,""en"",""gom""),$B125)","=IFERROR(GOOGLETRANSLATE($B125,""en"",""gu""),$B125)","=IFERROR(GOOGLETRANSLATE($B125,""en"",""mr""),$B125)","=IFERROR(GOOGLETRANSLATE($B125,""en"",""mni-Mtei""),$B125)","=IFERROR(GOOGLETRANSLATE($B125,""en"",""lus""),$B125)","=IFERROR(GOOGLETRANSLATE($B125,""en"",""or""),$B125)","=IFERROR(GOOGLETRANSLATE($B125,""en"",""pa""),$B125)","=IFERROR(GOOGLETRANSLATE($B125,""en"",""ne""),$B125)","=IFERROR(GOOGLETRANSLATE($B125,""en"",""bn""),$B125)","=IFERROR(GOOGLETRANSLATE($B125,""en"",""ks""),$B125)",=$B125
ui_0125,Could not refresh status. Pull down to retry.,"=IFERROR(GOOGLETRANSLATE($B126,""en"",""as""),$B126)","=IFERROR(GOOGLETRANSLATE($B126,""en"",""gom""),$B126)","=IFERROR(GOOGLETRANSLATE($B126,""en"",""gu""),$B126)","=IFERROR(GOOGLETRANSLATE($B126,""en"",""mr""),$B126)","=IFERROR(GOOGLETRANSLATE($B126,""en"",""mni-Mtei""),$B126)","=IFERROR(GOOGLETRANSLATE($B126,""en"",""lus""),$B126)","=IFERROR(GOOGLETRANSLATE($B126,""en"",""or""),$B126)","=IFERROR(GOOGLETRANSLATE($B126,""en"",""pa""),$B126)","=IFERROR(GOOGLETRANSLATE($B126,""en"",""ne""),$B126)","=IFERROR(GOOGLETRANSLATE($B126,""en"",""bn""),$B126)","=IFERROR(GOOGLETRANSLATE($B126,""en"",""ks""),$B126)",=$B126
ui_0126,Could not save language. Please try again.,"=IFERROR(GOOGLETRANSLATE($B127,""en"",""as""),$B127)","=IFERROR(GOOGLETRANSLATE($B127,""en"",""gom""),$B127)","=IFERROR(GOOGLETRANSLATE($B127,""en"",""gu""),$B127)","=IFERROR(GOOGLETRANSLATE($B127,""en"",""mr""),$B127)","=IFERROR(GOOGLETRANSLATE($B127,""en"",""mni-Mtei""),$B127)","=IFERROR(GOOGLETRANSLATE($B127,""en"",""lus""),$B127)","=IFERROR(GOOGLETRANSLATE($B127,""en"",""or""),$B127)","=IFERROR(GOOGLETRANSLATE($B127,""en"",""pa""),$B127)","=IFERROR(GOOGLETRANSLATE($B127,""en"",""ne""),$B127)","=IFERROR(GOOGLETRANSLATE($B127,""en"",""bn""),$B127)","=IFERROR(GOOGLETRANSLATE($B127,""en"",""ks""),$B127)",=$B127
ui_0127,Could not save parties. Please try again.,"=IFERROR(GOOGLETRANSLATE($B128,""en"",""as""),$B128)","=IFERROR(GOOGLETRANSLATE($B128,""en"",""gom""),$B128)","=IFERROR(GOOGLETRANSLATE($B128,""en"",""gu""),$B128)","=IFERROR(GOOGLETRANSLATE($B128,""en"",""mr""),$B128)","=IFERROR(GOOGLETRANSLATE($B128,""en"",""mni-Mtei""),$B128)","=IFERROR(GOOGLETRANSLATE($B128,""en"",""lus""),$B128)","=IFERROR(GOOGLETRANSLATE($B128,""en"",""or""),$B128)","=IFERROR(GOOGLETRANSLATE($B128,""en"",""pa""),$B128)","=IFERROR(GOOGLETRANSLATE($B128,""en"",""ne""),$B128)","=IFERROR(GOOGLETRANSLATE($B128,""en"",""bn""),$B128)","=IFERROR(GOOGLETRANSLATE($B128,""en"",""ks""),$B128)",=$B128
ui_0128,Could not save your selection. Please try again.,"=IFERROR(GOOGLETRANSLATE($B129,""en"",""as""),$B129)","=IFERROR(GOOGLETRANSLATE($B129,""en"",""gom""),$B129)","=IFERROR(GOOGLETRANSLATE($B129,""en"",""gu""),$B129)","=IFERROR(GOOGLETRANSLATE($B129,""en"",""mr""),$B129)","=IFERROR(GOOGLETRANSLATE($B129,""en"",""mni-Mtei""),$B129)","=IFERROR(GOOGLETRANSLATE($B129,""en"",""lus""),$B129)","=IFERROR(GOOGLETRANSLATE($B129,""en"",""or""),$B129)","=IFERROR(GOOGLETRANSLATE($B129,""en"",""pa""),$B129)","=IFERROR(GOOGLETRANSLATE($B129,""en"",""ne""),$B129)","=IFERROR(GOOGLETRANSLATE($B129,""en"",""bn""),$B129)","=IFERROR(GOOGLETRANSLATE($B129,""en"",""ks""),$B129)",=$B129
ui_0129,Create,"=IFERROR(GOOGLETRANSLATE($B130,""en"",""as""),$B130)","=IFERROR(GOOGLETRANSLATE($B130,""en"",""gom""),$B130)","=IFERROR(GOOGLETRANSLATE($B130,""en"",""gu""),$B130)","=IFERROR(GOOGLETRANSLATE($B130,""en"",""mr""),$B130)","=IFERROR(GOOGLETRANSLATE($B130,""en"",""mni-Mtei""),$B130)","=IFERROR(GOOGLETRANSLATE($B130,""en"",""lus""),$B130)","=IFERROR(GOOGLETRANSLATE($B130,""en"",""or""),$B130)","=IFERROR(GOOGLETRANSLATE($B130,""en"",""pa""),$B130)","=IFERROR(GOOGLETRANSLATE($B130,""en"",""ne""),$B130)","=IFERROR(GOOGLETRANSLATE($B130,""en"",""bn""),$B130)","=IFERROR(GOOGLETRANSLATE($B130,""en"",""ks""),$B130)",=$B130
ui_0130,Create & Share,"=IFERROR(GOOGLETRANSLATE($B131,""en"",""as""),$B131)","=IFERROR(GOOGLETRANSLATE($B131,""en"",""gom""),$B131)","=IFERROR(GOOGLETRANSLATE($B131,""en"",""gu""),$B131)","=IFERROR(GOOGLETRANSLATE($B131,""en"",""mr""),$B131)","=IFERROR(GOOGLETRANSLATE($B131,""en"",""mni-Mtei""),$B131)","=IFERROR(GOOGLETRANSLATE($B131,""en"",""lus""),$B131)","=IFERROR(GOOGLETRANSLATE($B131,""en"",""or""),$B131)","=IFERROR(GOOGLETRANSLATE($B131,""en"",""pa""),$B131)","=IFERROR(GOOGLETRANSLATE($B131,""en"",""ne""),$B131)","=IFERROR(GOOGLETRANSLATE($B131,""en"",""bn""),$B131)","=IFERROR(GOOGLETRANSLATE($B131,""en"",""ks""),$B131)",=$B131
ui_0131,Crop,"=IFERROR(GOOGLETRANSLATE($B132,""en"",""as""),$B132)","=IFERROR(GOOGLETRANSLATE($B132,""en"",""gom""),$B132)","=IFERROR(GOOGLETRANSLATE($B132,""en"",""gu""),$B132)","=IFERROR(GOOGLETRANSLATE($B132,""en"",""mr""),$B132)","=IFERROR(GOOGLETRANSLATE($B132,""en"",""mni-Mtei""),$B132)","=IFERROR(GOOGLETRANSLATE($B132,""en"",""lus""),$B132)","=IFERROR(GOOGLETRANSLATE($B132,""en"",""or""),$B132)","=IFERROR(GOOGLETRANSLATE($B132,""en"",""pa""),$B132)","=IFERROR(GOOGLETRANSLATE($B132,""en"",""ne""),$B132)","=IFERROR(GOOGLETRANSLATE($B132,""en"",""bn""),$B132)","=IFERROR(GOOGLETRANSLATE($B132,""en"",""ks""),$B132)",=$B132
ui_0132,Crop failed,"=IFERROR(GOOGLETRANSLATE($B133,""en"",""as""),$B133)","=IFERROR(GOOGLETRANSLATE($B133,""en"",""gom""),$B133)","=IFERROR(GOOGLETRANSLATE($B133,""en"",""gu""),$B133)","=IFERROR(GOOGLETRANSLATE($B133,""en"",""mr""),$B133)","=IFERROR(GOOGLETRANSLATE($B133,""en"",""mni-Mtei""),$B133)","=IFERROR(GOOGLETRANSLATE($B133,""en"",""lus""),$B133)","=IFERROR(GOOGLETRANSLATE($B133,""en"",""or""),$B133)","=IFERROR(GOOGLETRANSLATE($B133,""en"",""pa""),$B133)","=IFERROR(GOOGLETRANSLATE($B133,""en"",""ne""),$B133)","=IFERROR(GOOGLETRANSLATE($B133,""en"",""bn""),$B133)","=IFERROR(GOOGLETRANSLATE($B133,""en"",""ks""),$B133)",=$B133
ui_0133,Crop Logo,"=IFERROR(GOOGLETRANSLATE($B134,""en"",""as""),$B134)","=IFERROR(GOOGLETRANSLATE($B134,""en"",""gom""),$B134)","=IFERROR(GOOGLETRANSLATE($B134,""en"",""gu""),$B134)","=IFERROR(GOOGLETRANSLATE($B134,""en"",""mr""),$B134)","=IFERROR(GOOGLETRANSLATE($B134,""en"",""mni-Mtei""),$B134)","=IFERROR(GOOGLETRANSLATE($B134,""en"",""lus""),$B134)","=IFERROR(GOOGLETRANSLATE($B134,""en"",""or""),$B134)","=IFERROR(GOOGLETRANSLATE($B134,""en"",""pa""),$B134)","=IFERROR(GOOGLETRANSLATE($B134,""en"",""ne""),$B134)","=IFERROR(GOOGLETRANSLATE($B134,""en"",""bn""),$B134)","=IFERROR(GOOGLETRANSLATE($B134,""en"",""ks""),$B134)",=$B134
ui_0134,Crop mode,"=IFERROR(GOOGLETRANSLATE($B135,""en"",""as""),$B135)","=IFERROR(GOOGLETRANSLATE($B135,""en"",""gom""),$B135)","=IFERROR(GOOGLETRANSLATE($B135,""en"",""gu""),$B135)","=IFERROR(GOOGLETRANSLATE($B135,""en"",""mr""),$B135)","=IFERROR(GOOGLETRANSLATE($B135,""en"",""mni-Mtei""),$B135)","=IFERROR(GOOGLETRANSLATE($B135,""en"",""lus""),$B135)","=IFERROR(GOOGLETRANSLATE($B135,""en"",""or""),$B135)","=IFERROR(GOOGLETRANSLATE($B135,""en"",""pa""),$B135)","=IFERROR(GOOGLETRANSLATE($B135,""en"",""ne""),$B135)","=IFERROR(GOOGLETRANSLATE($B135,""en"",""bn""),$B135)","=IFERROR(GOOGLETRANSLATE($B135,""en"",""ks""),$B135)",=$B135
ui_0135,Crop Photo,"=IFERROR(GOOGLETRANSLATE($B136,""en"",""as""),$B136)","=IFERROR(GOOGLETRANSLATE($B136,""en"",""gom""),$B136)","=IFERROR(GOOGLETRANSLATE($B136,""en"",""gu""),$B136)","=IFERROR(GOOGLETRANSLATE($B136,""en"",""mr""),$B136)","=IFERROR(GOOGLETRANSLATE($B136,""en"",""mni-Mtei""),$B136)","=IFERROR(GOOGLETRANSLATE($B136,""en"",""lus""),$B136)","=IFERROR(GOOGLETRANSLATE($B136,""en"",""or""),$B136)","=IFERROR(GOOGLETRANSLATE($B136,""en"",""pa""),$B136)","=IFERROR(GOOGLETRANSLATE($B136,""en"",""ne""),$B136)","=IFERROR(GOOGLETRANSLATE($B136,""en"",""bn""),$B136)","=IFERROR(GOOGLETRANSLATE($B136,""en"",""ks""),$B136)",=$B136
ui_0136,Current language,"=IFERROR(GOOGLETRANSLATE($B137,""en"",""as""),$B137)","=IFERROR(GOOGLETRANSLATE($B137,""en"",""gom""),$B137)","=IFERROR(GOOGLETRANSLATE($B137,""en"",""gu""),$B137)","=IFERROR(GOOGLETRANSLATE($B137,""en"",""mr""),$B137)","=IFERROR(GOOGLETRANSLATE($B137,""en"",""mni-Mtei""),$B137)","=IFERROR(GOOGLETRANSLATE($B137,""en"",""lus""),$B137)","=IFERROR(GOOGLETRANSLATE($B137,""en"",""or""),$B137)","=IFERROR(GOOGLETRANSLATE($B137,""en"",""pa""),$B137)","=IFERROR(GOOGLETRANSLATE($B137,""en"",""ne""),$B137)","=IFERROR(GOOGLETRANSLATE($B137,""en"",""bn""),$B137)","=IFERROR(GOOGLETRANSLATE($B137,""en"",""ks""),$B137)",=$B137
ui_0137,Custom,"=IFERROR(GOOGLETRANSLATE($B138,""en"",""as""),$B138)","=IFERROR(GOOGLETRANSLATE($B138,""en"",""gom""),$B138)","=IFERROR(GOOGLETRANSLATE($B138,""en"",""gu""),$B138)","=IFERROR(GOOGLETRANSLATE($B138,""en"",""mr""),$B138)","=IFERROR(GOOGLETRANSLATE($B138,""en"",""mni-Mtei""),$B138)","=IFERROR(GOOGLETRANSLATE($B138,""en"",""lus""),$B138)","=IFERROR(GOOGLETRANSLATE($B138,""en"",""or""),$B138)","=IFERROR(GOOGLETRANSLATE($B138,""en"",""pa""),$B138)","=IFERROR(GOOGLETRANSLATE($B138,""en"",""ne""),$B138)","=IFERROR(GOOGLETRANSLATE($B138,""en"",""bn""),$B138)","=IFERROR(GOOGLETRANSLATE($B138,""en"",""ks""),$B138)",=$B138
ui_0138,"Customize the selected template in the editor, then save or share it.","=IFERROR(GOOGLETRANSLATE($B139,""en"",""as""),$B139)","=IFERROR(GOOGLETRANSLATE($B139,""en"",""gom""),$B139)","=IFERROR(GOOGLETRANSLATE($B139,""en"",""gu""),$B139)","=IFERROR(GOOGLETRANSLATE($B139,""en"",""mr""),$B139)","=IFERROR(GOOGLETRANSLATE($B139,""en"",""mni-Mtei""),$B139)","=IFERROR(GOOGLETRANSLATE($B139,""en"",""lus""),$B139)","=IFERROR(GOOGLETRANSLATE($B139,""en"",""or""),$B139)","=IFERROR(GOOGLETRANSLATE($B139,""en"",""pa""),$B139)","=IFERROR(GOOGLETRANSLATE($B139,""en"",""ne""),$B139)","=IFERROR(GOOGLETRANSLATE($B139,""en"",""bn""),$B139)","=IFERROR(GOOGLETRANSLATE($B139,""en"",""ks""),$B139)",=$B139
ui_0139,Data Protection,"=IFERROR(GOOGLETRANSLATE($B140,""en"",""as""),$B140)","=IFERROR(GOOGLETRANSLATE($B140,""en"",""gom""),$B140)","=IFERROR(GOOGLETRANSLATE($B140,""en"",""gu""),$B140)","=IFERROR(GOOGLETRANSLATE($B140,""en"",""mr""),$B140)","=IFERROR(GOOGLETRANSLATE($B140,""en"",""mni-Mtei""),$B140)","=IFERROR(GOOGLETRANSLATE($B140,""en"",""lus""),$B140)","=IFERROR(GOOGLETRANSLATE($B140,""en"",""or""),$B140)","=IFERROR(GOOGLETRANSLATE($B140,""en"",""pa""),$B140)","=IFERROR(GOOGLETRANSLATE($B140,""en"",""ne""),$B140)","=IFERROR(GOOGLETRANSLATE($B140,""en"",""bn""),$B140)","=IFERROR(GOOGLETRANSLATE($B140,""en"",""ks""),$B140)",=$B140
ui_0140,Data Sharing,"=IFERROR(GOOGLETRANSLATE($B141,""en"",""as""),$B141)","=IFERROR(GOOGLETRANSLATE($B141,""en"",""gom""),$B141)","=IFERROR(GOOGLETRANSLATE($B141,""en"",""gu""),$B141)","=IFERROR(GOOGLETRANSLATE($B141,""en"",""mr""),$B141)","=IFERROR(GOOGLETRANSLATE($B141,""en"",""mni-Mtei""),$B141)","=IFERROR(GOOGLETRANSLATE($B141,""en"",""lus""),$B141)","=IFERROR(GOOGLETRANSLATE($B141,""en"",""or""),$B141)","=IFERROR(GOOGLETRANSLATE($B141,""en"",""pa""),$B141)","=IFERROR(GOOGLETRANSLATE($B141,""en"",""ne""),$B141)","=IFERROR(GOOGLETRANSLATE($B141,""en"",""bn""),$B141)","=IFERROR(GOOGLETRANSLATE($B141,""en"",""ks""),$B141)",=$B141
ui_0141,Delete,"=IFERROR(GOOGLETRANSLATE($B142,""en"",""as""),$B142)","=IFERROR(GOOGLETRANSLATE($B142,""en"",""gom""),$B142)","=IFERROR(GOOGLETRANSLATE($B142,""en"",""gu""),$B142)","=IFERROR(GOOGLETRANSLATE($B142,""en"",""mr""),$B142)","=IFERROR(GOOGLETRANSLATE($B142,""en"",""mni-Mtei""),$B142)","=IFERROR(GOOGLETRANSLATE($B142,""en"",""lus""),$B142)","=IFERROR(GOOGLETRANSLATE($B142,""en"",""or""),$B142)","=IFERROR(GOOGLETRANSLATE($B142,""en"",""pa""),$B142)","=IFERROR(GOOGLETRANSLATE($B142,""en"",""ne""),$B142)","=IFERROR(GOOGLETRANSLATE($B142,""en"",""bn""),$B142)","=IFERROR(GOOGLETRANSLATE($B142,""en"",""ks""),$B142)",=$B142
ui_0142,Delete account,"=IFERROR(GOOGLETRANSLATE($B143,""en"",""as""),$B143)","=IFERROR(GOOGLETRANSLATE($B143,""en"",""gom""),$B143)","=IFERROR(GOOGLETRANSLATE($B143,""en"",""gu""),$B143)","=IFERROR(GOOGLETRANSLATE($B143,""en"",""mr""),$B143)","=IFERROR(GOOGLETRANSLATE($B143,""en"",""mni-Mtei""),$B143)","=IFERROR(GOOGLETRANSLATE($B143,""en"",""lus""),$B143)","=IFERROR(GOOGLETRANSLATE($B143,""en"",""or""),$B143)","=IFERROR(GOOGLETRANSLATE($B143,""en"",""pa""),$B143)","=IFERROR(GOOGLETRANSLATE($B143,""en"",""ne""),$B143)","=IFERROR(GOOGLETRANSLATE($B143,""en"",""bn""),$B143)","=IFERROR(GOOGLETRANSLATE($B143,""en"",""ks""),$B143)",=$B143
ui_0143,Delete layer,"=IFERROR(GOOGLETRANSLATE($B144,""en"",""as""),$B144)","=IFERROR(GOOGLETRANSLATE($B144,""en"",""gom""),$B144)","=IFERROR(GOOGLETRANSLATE($B144,""en"",""gu""),$B144)","=IFERROR(GOOGLETRANSLATE($B144,""en"",""mr""),$B144)","=IFERROR(GOOGLETRANSLATE($B144,""en"",""mni-Mtei""),$B144)","=IFERROR(GOOGLETRANSLATE($B144,""en"",""lus""),$B144)","=IFERROR(GOOGLETRANSLATE($B144,""en"",""or""),$B144)","=IFERROR(GOOGLETRANSLATE($B144,""en"",""pa""),$B144)","=IFERROR(GOOGLETRANSLATE($B144,""en"",""ne""),$B144)","=IFERROR(GOOGLETRANSLATE($B144,""en"",""bn""),$B144)","=IFERROR(GOOGLETRANSLATE($B144,""en"",""ks""),$B144)",=$B144
ui_0144,Delete my account,"=IFERROR(GOOGLETRANSLATE($B145,""en"",""as""),$B145)","=IFERROR(GOOGLETRANSLATE($B145,""en"",""gom""),$B145)","=IFERROR(GOOGLETRANSLATE($B145,""en"",""gu""),$B145)","=IFERROR(GOOGLETRANSLATE($B145,""en"",""mr""),$B145)","=IFERROR(GOOGLETRANSLATE($B145,""en"",""mni-Mtei""),$B145)","=IFERROR(GOOGLETRANSLATE($B145,""en"",""lus""),$B145)","=IFERROR(GOOGLETRANSLATE($B145,""en"",""or""),$B145)","=IFERROR(GOOGLETRANSLATE($B145,""en"",""pa""),$B145)","=IFERROR(GOOGLETRANSLATE($B145,""en"",""ne""),$B145)","=IFERROR(GOOGLETRANSLATE($B145,""en"",""bn""),$B145)","=IFERROR(GOOGLETRANSLATE($B145,""en"",""ks""),$B145)",=$B145
ui_0145,Delete selected,"=IFERROR(GOOGLETRANSLATE($B146,""en"",""as""),$B146)","=IFERROR(GOOGLETRANSLATE($B146,""en"",""gom""),$B146)","=IFERROR(GOOGLETRANSLATE($B146,""en"",""gu""),$B146)","=IFERROR(GOOGLETRANSLATE($B146,""en"",""mr""),$B146)","=IFERROR(GOOGLETRANSLATE($B146,""en"",""mni-Mtei""),$B146)","=IFERROR(GOOGLETRANSLATE($B146,""en"",""lus""),$B146)","=IFERROR(GOOGLETRANSLATE($B146,""en"",""or""),$B146)","=IFERROR(GOOGLETRANSLATE($B146,""en"",""pa""),$B146)","=IFERROR(GOOGLETRANSLATE($B146,""en"",""ne""),$B146)","=IFERROR(GOOGLETRANSLATE($B146,""en"",""bn""),$B146)","=IFERROR(GOOGLETRANSLATE($B146,""en"",""ks""),$B146)",=$B146
ui_0146,Designation,"=IFERROR(GOOGLETRANSLATE($B147,""en"",""as""),$B147)","=IFERROR(GOOGLETRANSLATE($B147,""en"",""gom""),$B147)","=IFERROR(GOOGLETRANSLATE($B147,""en"",""gu""),$B147)","=IFERROR(GOOGLETRANSLATE($B147,""en"",""mr""),$B147)","=IFERROR(GOOGLETRANSLATE($B147,""en"",""mni-Mtei""),$B147)","=IFERROR(GOOGLETRANSLATE($B147,""en"",""lus""),$B147)","=IFERROR(GOOGLETRANSLATE($B147,""en"",""or""),$B147)","=IFERROR(GOOGLETRANSLATE($B147,""en"",""pa""),$B147)","=IFERROR(GOOGLETRANSLATE($B147,""en"",""ne""),$B147)","=IFERROR(GOOGLETRANSLATE($B147,""en"",""bn""),$B147)","=IFERROR(GOOGLETRANSLATE($B147,""en"",""ks""),$B147)",=$B147
ui_0147,Device Access and Sessions,"=IFERROR(GOOGLETRANSLATE($B148,""en"",""as""),$B148)","=IFERROR(GOOGLETRANSLATE($B148,""en"",""gom""),$B148)","=IFERROR(GOOGLETRANSLATE($B148,""en"",""gu""),$B148)","=IFERROR(GOOGLETRANSLATE($B148,""en"",""mr""),$B148)","=IFERROR(GOOGLETRANSLATE($B148,""en"",""mni-Mtei""),$B148)","=IFERROR(GOOGLETRANSLATE($B148,""en"",""lus""),$B148)","=IFERROR(GOOGLETRANSLATE($B148,""en"",""or""),$B148)","=IFERROR(GOOGLETRANSLATE($B148,""en"",""pa""),$B148)","=IFERROR(GOOGLETRANSLATE($B148,""en"",""ne""),$B148)","=IFERROR(GOOGLETRANSLATE($B148,""en"",""bn""),$B148)","=IFERROR(GOOGLETRANSLATE($B148,""en"",""ks""),$B148)",=$B148
ui_0148,Display Name,"=IFERROR(GOOGLETRANSLATE($B149,""en"",""as""),$B149)","=IFERROR(GOOGLETRANSLATE($B149,""en"",""gom""),$B149)","=IFERROR(GOOGLETRANSLATE($B149,""en"",""gu""),$B149)","=IFERROR(GOOGLETRANSLATE($B149,""en"",""mr""),$B149)","=IFERROR(GOOGLETRANSLATE($B149,""en"",""mni-Mtei""),$B149)","=IFERROR(GOOGLETRANSLATE($B149,""en"",""lus""),$B149)","=IFERROR(GOOGLETRANSLATE($B149,""en"",""or""),$B149)","=IFERROR(GOOGLETRANSLATE($B149,""en"",""pa""),$B149)","=IFERROR(GOOGLETRANSLATE($B149,""en"",""ne""),$B149)","=IFERROR(GOOGLETRANSLATE($B149,""en"",""bn""),$B149)","=IFERROR(GOOGLETRANSLATE($B149,""en"",""ks""),$B149)",=$B149
ui_0149,Don't have an account?,"=IFERROR(GOOGLETRANSLATE($B150,""en"",""as""),$B150)","=IFERROR(GOOGLETRANSLATE($B150,""en"",""gom""),$B150)","=IFERROR(GOOGLETRANSLATE($B150,""en"",""gu""),$B150)","=IFERROR(GOOGLETRANSLATE($B150,""en"",""mr""),$B150)","=IFERROR(GOOGLETRANSLATE($B150,""en"",""mni-Mtei""),$B150)","=IFERROR(GOOGLETRANSLATE($B150,""en"",""lus""),$B150)","=IFERROR(GOOGLETRANSLATE($B150,""en"",""or""),$B150)","=IFERROR(GOOGLETRANSLATE($B150,""en"",""pa""),$B150)","=IFERROR(GOOGLETRANSLATE($B150,""en"",""ne""),$B150)","=IFERROR(GOOGLETRANSLATE($B150,""en"",""bn""),$B150)","=IFERROR(GOOGLETRANSLATE($B150,""en"",""ks""),$B150)",=$B150
ui_0150,Download,"=IFERROR(GOOGLETRANSLATE($B151,""en"",""as""),$B151)","=IFERROR(GOOGLETRANSLATE($B151,""en"",""gom""),$B151)","=IFERROR(GOOGLETRANSLATE($B151,""en"",""gu""),$B151)","=IFERROR(GOOGLETRANSLATE($B151,""en"",""mr""),$B151)","=IFERROR(GOOGLETRANSLATE($B151,""en"",""mni-Mtei""),$B151)","=IFERROR(GOOGLETRANSLATE($B151,""en"",""lus""),$B151)","=IFERROR(GOOGLETRANSLATE($B151,""en"",""or""),$B151)","=IFERROR(GOOGLETRANSLATE($B151,""en"",""pa""),$B151)","=IFERROR(GOOGLETRANSLATE($B151,""en"",""ne""),$B151)","=IFERROR(GOOGLETRANSLATE($B151,""en"",""bn""),$B151)","=IFERROR(GOOGLETRANSLATE($B151,""en"",""ks""),$B151)",=$B151
ui_0151,Download failed. Please try again.,"=IFERROR(GOOGLETRANSLATE($B152,""en"",""as""),$B152)","=IFERROR(GOOGLETRANSLATE($B152,""en"",""gom""),$B152)","=IFERROR(GOOGLETRANSLATE($B152,""en"",""gu""),$B152)","=IFERROR(GOOGLETRANSLATE($B152,""en"",""mr""),$B152)","=IFERROR(GOOGLETRANSLATE($B152,""en"",""mni-Mtei""),$B152)","=IFERROR(GOOGLETRANSLATE($B152,""en"",""lus""),$B152)","=IFERROR(GOOGLETRANSLATE($B152,""en"",""or""),$B152)","=IFERROR(GOOGLETRANSLATE($B152,""en"",""pa""),$B152)","=IFERROR(GOOGLETRANSLATE($B152,""en"",""ne""),$B152)","=IFERROR(GOOGLETRANSLATE($B152,""en"",""bn""),$B152)","=IFERROR(GOOGLETRANSLATE($B152,""en"",""ks""),$B152)",=$B152
ui_0152,Draft save failed,"=IFERROR(GOOGLETRANSLATE($B153,""en"",""as""),$B153)","=IFERROR(GOOGLETRANSLATE($B153,""en"",""gom""),$B153)","=IFERROR(GOOGLETRANSLATE($B153,""en"",""gu""),$B153)","=IFERROR(GOOGLETRANSLATE($B153,""en"",""mr""),$B153)","=IFERROR(GOOGLETRANSLATE($B153,""en"",""mni-Mtei""),$B153)","=IFERROR(GOOGLETRANSLATE($B153,""en"",""lus""),$B153)","=IFERROR(GOOGLETRANSLATE($B153,""en"",""or""),$B153)","=IFERROR(GOOGLETRANSLATE($B153,""en"",""pa""),$B153)","=IFERROR(GOOGLETRANSLATE($B153,""en"",""ne""),$B153)","=IFERROR(GOOGLETRANSLATE($B153,""en"",""bn""),$B153)","=IFERROR(GOOGLETRANSLATE($B153,""en"",""ks""),$B153)",=$B153
ui_0153,Draft saved in app storage,"=IFERROR(GOOGLETRANSLATE($B154,""en"",""as""),$B154)","=IFERROR(GOOGLETRANSLATE($B154,""en"",""gom""),$B154)","=IFERROR(GOOGLETRANSLATE($B154,""en"",""gu""),$B154)","=IFERROR(GOOGLETRANSLATE($B154,""en"",""mr""),$B154)","=IFERROR(GOOGLETRANSLATE($B154,""en"",""mni-Mtei""),$B154)","=IFERROR(GOOGLETRANSLATE($B154,""en"",""lus""),$B154)","=IFERROR(GOOGLETRANSLATE($B154,""en"",""or""),$B154)","=IFERROR(GOOGLETRANSLATE($B154,""en"",""pa""),$B154)","=IFERROR(GOOGLETRANSLATE($B154,""en"",""ne""),$B154)","=IFERROR(GOOGLETRANSLATE($B154,""en"",""bn""),$B154)","=IFERROR(GOOGLETRANSLATE($B154,""en"",""ks""),$B154)",=$B154
ui_0154,Drafts,"=IFERROR(GOOGLETRANSLATE($B155,""en"",""as""),$B155)","=IFERROR(GOOGLETRANSLATE($B155,""en"",""gom""),$B155)","=IFERROR(GOOGLETRANSLATE($B155,""en"",""gu""),$B155)","=IFERROR(GOOGLETRANSLATE($B155,""en"",""mr""),$B155)","=IFERROR(GOOGLETRANSLATE($B155,""en"",""mni-Mtei""),$B155)","=IFERROR(GOOGLETRANSLATE($B155,""en"",""lus""),$B155)","=IFERROR(GOOGLETRANSLATE($B155,""en"",""or""),$B155)","=IFERROR(GOOGLETRANSLATE($B155,""en"",""pa""),$B155)","=IFERROR(GOOGLETRANSLATE($B155,""en"",""ne""),$B155)","=IFERROR(GOOGLETRANSLATE($B155,""en"",""bn""),$B155)","=IFERROR(GOOGLETRANSLATE($B155,""en"",""ks""),$B155)",=$B155
ui_0155,Drag on the photo to erase,"=IFERROR(GOOGLETRANSLATE($B156,""en"",""as""),$B156)","=IFERROR(GOOGLETRANSLATE($B156,""en"",""gom""),$B156)","=IFERROR(GOOGLETRANSLATE($B156,""en"",""gu""),$B156)","=IFERROR(GOOGLETRANSLATE($B156,""en"",""mr""),$B156)","=IFERROR(GOOGLETRANSLATE($B156,""en"",""mni-Mtei""),$B156)","=IFERROR(GOOGLETRANSLATE($B156,""en"",""lus""),$B156)","=IFERROR(GOOGLETRANSLATE($B156,""en"",""or""),$B156)","=IFERROR(GOOGLETRANSLATE($B156,""en"",""pa""),$B156)","=IFERROR(GOOGLETRANSLATE($B156,""en"",""ne""),$B156)","=IFERROR(GOOGLETRANSLATE($B156,""en"",""bn""),$B156)","=IFERROR(GOOGLETRANSLATE($B156,""en"",""ks""),$B156)",=$B156
ui_0156,Duplicate selected,"=IFERROR(GOOGLETRANSLATE($B157,""en"",""as""),$B157)","=IFERROR(GOOGLETRANSLATE($B157,""en"",""gom""),$B157)","=IFERROR(GOOGLETRANSLATE($B157,""en"",""gu""),$B157)","=IFERROR(GOOGLETRANSLATE($B157,""en"",""mr""),$B157)","=IFERROR(GOOGLETRANSLATE($B157,""en"",""mni-Mtei""),$B157)","=IFERROR(GOOGLETRANSLATE($B157,""en"",""lus""),$B157)","=IFERROR(GOOGLETRANSLATE($B157,""en"",""or""),$B157)","=IFERROR(GOOGLETRANSLATE($B157,""en"",""pa""),$B157)","=IFERROR(GOOGLETRANSLATE($B157,""en"",""ne""),$B157)","=IFERROR(GOOGLETRANSLATE($B157,""en"",""bn""),$B157)","=IFERROR(GOOGLETRANSLATE($B157,""en"",""ks""),$B157)",=$B157
ui_0157,Edit,"=IFERROR(GOOGLETRANSLATE($B158,""en"",""as""),$B158)","=IFERROR(GOOGLETRANSLATE($B158,""en"",""gom""),$B158)","=IFERROR(GOOGLETRANSLATE($B158,""en"",""gu""),$B158)","=IFERROR(GOOGLETRANSLATE($B158,""en"",""mr""),$B158)","=IFERROR(GOOGLETRANSLATE($B158,""en"",""mni-Mtei""),$B158)","=IFERROR(GOOGLETRANSLATE($B158,""en"",""lus""),$B158)","=IFERROR(GOOGLETRANSLATE($B158,""en"",""or""),$B158)","=IFERROR(GOOGLETRANSLATE($B158,""en"",""pa""),$B158)","=IFERROR(GOOGLETRANSLATE($B158,""en"",""ne""),$B158)","=IFERROR(GOOGLETRANSLATE($B158,""en"",""bn""),$B158)","=IFERROR(GOOGLETRANSLATE($B158,""en"",""ks""),$B158)",=$B158
ui_0158,Edit Text,"=IFERROR(GOOGLETRANSLATE($B159,""en"",""as""),$B159)","=IFERROR(GOOGLETRANSLATE($B159,""en"",""gom""),$B159)","=IFERROR(GOOGLETRANSLATE($B159,""en"",""gu""),$B159)","=IFERROR(GOOGLETRANSLATE($B159,""en"",""mr""),$B159)","=IFERROR(GOOGLETRANSLATE($B159,""en"",""mni-Mtei""),$B159)","=IFERROR(GOOGLETRANSLATE($B159,""en"",""lus""),$B159)","=IFERROR(GOOGLETRANSLATE($B159,""en"",""or""),$B159)","=IFERROR(GOOGLETRANSLATE($B159,""en"",""pa""),$B159)","=IFERROR(GOOGLETRANSLATE($B159,""en"",""ne""),$B159)","=IFERROR(GOOGLETRANSLATE($B159,""en"",""bn""),$B159)","=IFERROR(GOOGLETRANSLATE($B159,""en"",""ks""),$B159)",=$B159
ui_0159,Editor is not available on web. Use the mobile app to create posters.,"=IFERROR(GOOGLETRANSLATE($B160,""en"",""as""),$B160)","=IFERROR(GOOGLETRANSLATE($B160,""en"",""gom""),$B160)","=IFERROR(GOOGLETRANSLATE($B160,""en"",""gu""),$B160)","=IFERROR(GOOGLETRANSLATE($B160,""en"",""mr""),$B160)","=IFERROR(GOOGLETRANSLATE($B160,""en"",""mni-Mtei""),$B160)","=IFERROR(GOOGLETRANSLATE($B160,""en"",""lus""),$B160)","=IFERROR(GOOGLETRANSLATE($B160,""en"",""or""),$B160)","=IFERROR(GOOGLETRANSLATE($B160,""en"",""pa""),$B160)","=IFERROR(GOOGLETRANSLATE($B160,""en"",""ne""),$B160)","=IFERROR(GOOGLETRANSLATE($B160,""en"",""bn""),$B160)","=IFERROR(GOOGLETRANSLATE($B160,""en"",""ks""),$B160)",=$B160
ui_0160,Effects,"=IFERROR(GOOGLETRANSLATE($B161,""en"",""as""),$B161)","=IFERROR(GOOGLETRANSLATE($B161,""en"",""gom""),$B161)","=IFERROR(GOOGLETRANSLATE($B161,""en"",""gu""),$B161)","=IFERROR(GOOGLETRANSLATE($B161,""en"",""mr""),$B161)","=IFERROR(GOOGLETRANSLATE($B161,""en"",""mni-Mtei""),$B161)","=IFERROR(GOOGLETRANSLATE($B161,""en"",""lus""),$B161)","=IFERROR(GOOGLETRANSLATE($B161,""en"",""or""),$B161)","=IFERROR(GOOGLETRANSLATE($B161,""en"",""pa""),$B161)","=IFERROR(GOOGLETRANSLATE($B161,""en"",""ne""),$B161)","=IFERROR(GOOGLETRANSLATE($B161,""en"",""bn""),$B161)","=IFERROR(GOOGLETRANSLATE($B161,""en"",""ks""),$B161)",=$B161
ui_0161,Elements,"=IFERROR(GOOGLETRANSLATE($B162,""en"",""as""),$B162)","=IFERROR(GOOGLETRANSLATE($B162,""en"",""gom""),$B162)","=IFERROR(GOOGLETRANSLATE($B162,""en"",""gu""),$B162)","=IFERROR(GOOGLETRANSLATE($B162,""en"",""mr""),$B162)","=IFERROR(GOOGLETRANSLATE($B162,""en"",""mni-Mtei""),$B162)","=IFERROR(GOOGLETRANSLATE($B162,""en"",""lus""),$B162)","=IFERROR(GOOGLETRANSLATE($B162,""en"",""or""),$B162)","=IFERROR(GOOGLETRANSLATE($B162,""en"",""pa""),$B162)","=IFERROR(GOOGLETRANSLATE($B162,""en"",""ne""),$B162)","=IFERROR(GOOGLETRANSLATE($B162,""en"",""bn""),$B162)","=IFERROR(GOOGLETRANSLATE($B162,""en"",""ks""),$B162)",=$B162
ui_0162,Email address,"=IFERROR(GOOGLETRANSLATE($B163,""en"",""as""),$B163)","=IFERROR(GOOGLETRANSLATE($B163,""en"",""gom""),$B163)","=IFERROR(GOOGLETRANSLATE($B163,""en"",""gu""),$B163)","=IFERROR(GOOGLETRANSLATE($B163,""en"",""mr""),$B163)","=IFERROR(GOOGLETRANSLATE($B163,""en"",""mni-Mtei""),$B163)","=IFERROR(GOOGLETRANSLATE($B163,""en"",""lus""),$B163)","=IFERROR(GOOGLETRANSLATE($B163,""en"",""or""),$B163)","=IFERROR(GOOGLETRANSLATE($B163,""en"",""pa""),$B163)","=IFERROR(GOOGLETRANSLATE($B163,""en"",""ne""),$B163)","=IFERROR(GOOGLETRANSLATE($B163,""en"",""bn""),$B163)","=IFERROR(GOOGLETRANSLATE($B163,""en"",""ks""),$B163)",=$B163
ui_0163,Enter a referral code if you have one.,"=IFERROR(GOOGLETRANSLATE($B164,""en"",""as""),$B164)","=IFERROR(GOOGLETRANSLATE($B164,""en"",""gom""),$B164)","=IFERROR(GOOGLETRANSLATE($B164,""en"",""gu""),$B164)","=IFERROR(GOOGLETRANSLATE($B164,""en"",""mr""),$B164)","=IFERROR(GOOGLETRANSLATE($B164,""en"",""mni-Mtei""),$B164)","=IFERROR(GOOGLETRANSLATE($B164,""en"",""lus""),$B164)","=IFERROR(GOOGLETRANSLATE($B164,""en"",""or""),$B164)","=IFERROR(GOOGLETRANSLATE($B164,""en"",""pa""),$B164)","=IFERROR(GOOGLETRANSLATE($B164,""en"",""ne""),$B164)","=IFERROR(GOOGLETRANSLATE($B164,""en"",""bn""),$B164)","=IFERROR(GOOGLETRANSLATE($B164,""en"",""ks""),$B164)",=$B164
ui_0164,Enter business name,"=IFERROR(GOOGLETRANSLATE($B165,""en"",""as""),$B165)","=IFERROR(GOOGLETRANSLATE($B165,""en"",""gom""),$B165)","=IFERROR(GOOGLETRANSLATE($B165,""en"",""gu""),$B165)","=IFERROR(GOOGLETRANSLATE($B165,""en"",""mr""),$B165)","=IFERROR(GOOGLETRANSLATE($B165,""en"",""mni-Mtei""),$B165)","=IFERROR(GOOGLETRANSLATE($B165,""en"",""lus""),$B165)","=IFERROR(GOOGLETRANSLATE($B165,""en"",""or""),$B165)","=IFERROR(GOOGLETRANSLATE($B165,""en"",""pa""),$B165)","=IFERROR(GOOGLETRANSLATE($B165,""en"",""ne""),$B165)","=IFERROR(GOOGLETRANSLATE($B165,""en"",""bn""),$B165)","=IFERROR(GOOGLETRANSLATE($B165,""en"",""ks""),$B165)",=$B165
ui_0165,Enter referral code,"=IFERROR(GOOGLETRANSLATE($B166,""en"",""as""),$B166)","=IFERROR(GOOGLETRANSLATE($B166,""en"",""gom""),$B166)","=IFERROR(GOOGLETRANSLATE($B166,""en"",""gu""),$B166)","=IFERROR(GOOGLETRANSLATE($B166,""en"",""mr""),$B166)","=IFERROR(GOOGLETRANSLATE($B166,""en"",""mni-Mtei""),$B166)","=IFERROR(GOOGLETRANSLATE($B166,""en"",""lus""),$B166)","=IFERROR(GOOGLETRANSLATE($B166,""en"",""or""),$B166)","=IFERROR(GOOGLETRANSLATE($B166,""en"",""pa""),$B166)","=IFERROR(GOOGLETRANSLATE($B166,""en"",""ne""),$B166)","=IFERROR(GOOGLETRANSLATE($B166,""en"",""bn""),$B166)","=IFERROR(GOOGLETRANSLATE($B166,""en"",""ks""),$B166)",=$B166
ui_0166,Enter valid email,"=IFERROR(GOOGLETRANSLATE($B167,""en"",""as""),$B167)","=IFERROR(GOOGLETRANSLATE($B167,""en"",""gom""),$B167)","=IFERROR(GOOGLETRANSLATE($B167,""en"",""gu""),$B167)","=IFERROR(GOOGLETRANSLATE($B167,""en"",""mr""),$B167)","=IFERROR(GOOGLETRANSLATE($B167,""en"",""mni-Mtei""),$B167)","=IFERROR(GOOGLETRANSLATE($B167,""en"",""lus""),$B167)","=IFERROR(GOOGLETRANSLATE($B167,""en"",""or""),$B167)","=IFERROR(GOOGLETRANSLATE($B167,""en"",""pa""),$B167)","=IFERROR(GOOGLETRANSLATE($B167,""en"",""ne""),$B167)","=IFERROR(GOOGLETRANSLATE($B167,""en"",""bn""),$B167)","=IFERROR(GOOGLETRANSLATE($B167,""en"",""ks""),$B167)",=$B167
ui_0167,Enter your designation,"=IFERROR(GOOGLETRANSLATE($B168,""en"",""as""),$B168)","=IFERROR(GOOGLETRANSLATE($B168,""en"",""gom""),$B168)","=IFERROR(GOOGLETRANSLATE($B168,""en"",""gu""),$B168)","=IFERROR(GOOGLETRANSLATE($B168,""en"",""mr""),$B168)","=IFERROR(GOOGLETRANSLATE($B168,""en"",""mni-Mtei""),$B168)","=IFERROR(GOOGLETRANSLATE($B168,""en"",""lus""),$B168)","=IFERROR(GOOGLETRANSLATE($B168,""en"",""or""),$B168)","=IFERROR(GOOGLETRANSLATE($B168,""en"",""pa""),$B168)","=IFERROR(GOOGLETRANSLATE($B168,""en"",""ne""),$B168)","=IFERROR(GOOGLETRANSLATE($B168,""en"",""bn""),$B168)","=IFERROR(GOOGLETRANSLATE($B168,""en"",""ks""),$B168)",=$B168
ui_0168,Enter your name,"=IFERROR(GOOGLETRANSLATE($B169,""en"",""as""),$B169)","=IFERROR(GOOGLETRANSLATE($B169,""en"",""gom""),$B169)","=IFERROR(GOOGLETRANSLATE($B169,""en"",""gu""),$B169)","=IFERROR(GOOGLETRANSLATE($B169,""en"",""mr""),$B169)","=IFERROR(GOOGLETRANSLATE($B169,""en"",""mni-Mtei""),$B169)","=IFERROR(GOOGLETRANSLATE($B169,""en"",""lus""),$B169)","=IFERROR(GOOGLETRANSLATE($B169,""en"",""or""),$B169)","=IFERROR(GOOGLETRANSLATE($B169,""en"",""pa""),$B169)","=IFERROR(GOOGLETRANSLATE($B169,""en"",""ne""),$B169)","=IFERROR(GOOGLETRANSLATE($B169,""en"",""bn""),$B169)","=IFERROR(GOOGLETRANSLATE($B169,""en"",""ks""),$B169)",=$B169
ui_0169,Erase,"=IFERROR(GOOGLETRANSLATE($B170,""en"",""as""),$B170)","=IFERROR(GOOGLETRANSLATE($B170,""en"",""gom""),$B170)","=IFERROR(GOOGLETRANSLATE($B170,""en"",""gu""),$B170)","=IFERROR(GOOGLETRANSLATE($B170,""en"",""mr""),$B170)","=IFERROR(GOOGLETRANSLATE($B170,""en"",""mni-Mtei""),$B170)","=IFERROR(GOOGLETRANSLATE($B170,""en"",""lus""),$B170)","=IFERROR(GOOGLETRANSLATE($B170,""en"",""or""),$B170)","=IFERROR(GOOGLETRANSLATE($B170,""en"",""pa""),$B170)","=IFERROR(GOOGLETRANSLATE($B170,""en"",""ne""),$B170)","=IFERROR(GOOGLETRANSLATE($B170,""en"",""bn""),$B170)","=IFERROR(GOOGLETRANSLATE($B170,""en"",""ks""),$B170)",=$B170
ui_0170,Eraser,"=IFERROR(GOOGLETRANSLATE($B171,""en"",""as""),$B171)","=IFERROR(GOOGLETRANSLATE($B171,""en"",""gom""),$B171)","=IFERROR(GOOGLETRANSLATE($B171,""en"",""gu""),$B171)","=IFERROR(GOOGLETRANSLATE($B171,""en"",""mr""),$B171)","=IFERROR(GOOGLETRANSLATE($B171,""en"",""mni-Mtei""),$B171)","=IFERROR(GOOGLETRANSLATE($B171,""en"",""lus""),$B171)","=IFERROR(GOOGLETRANSLATE($B171,""en"",""or""),$B171)","=IFERROR(GOOGLETRANSLATE($B171,""en"",""pa""),$B171)","=IFERROR(GOOGLETRANSLATE($B171,""en"",""ne""),$B171)","=IFERROR(GOOGLETRANSLATE($B171,""en"",""bn""),$B171)","=IFERROR(GOOGLETRANSLATE($B171,""en"",""ks""),$B171)",=$B171
ui_0171,Export,"=IFERROR(GOOGLETRANSLATE($B172,""en"",""as""),$B172)","=IFERROR(GOOGLETRANSLATE($B172,""en"",""gom""),$B172)","=IFERROR(GOOGLETRANSLATE($B172,""en"",""gu""),$B172)","=IFERROR(GOOGLETRANSLATE($B172,""en"",""mr""),$B172)","=IFERROR(GOOGLETRANSLATE($B172,""en"",""mni-Mtei""),$B172)","=IFERROR(GOOGLETRANSLATE($B172,""en"",""lus""),$B172)","=IFERROR(GOOGLETRANSLATE($B172,""en"",""or""),$B172)","=IFERROR(GOOGLETRANSLATE($B172,""en"",""pa""),$B172)","=IFERROR(GOOGLETRANSLATE($B172,""en"",""ne""),$B172)","=IFERROR(GOOGLETRANSLATE($B172,""en"",""bn""),$B172)","=IFERROR(GOOGLETRANSLATE($B172,""en"",""ks""),$B172)",=$B172
ui_0172,Export boundary not ready,"=IFERROR(GOOGLETRANSLATE($B173,""en"",""as""),$B173)","=IFERROR(GOOGLETRANSLATE($B173,""en"",""gom""),$B173)","=IFERROR(GOOGLETRANSLATE($B173,""en"",""gu""),$B173)","=IFERROR(GOOGLETRANSLATE($B173,""en"",""mr""),$B173)","=IFERROR(GOOGLETRANSLATE($B173,""en"",""mni-Mtei""),$B173)","=IFERROR(GOOGLETRANSLATE($B173,""en"",""lus""),$B173)","=IFERROR(GOOGLETRANSLATE($B173,""en"",""or""),$B173)","=IFERROR(GOOGLETRANSLATE($B173,""en"",""pa""),$B173)","=IFERROR(GOOGLETRANSLATE($B173,""en"",""ne""),$B173)","=IFERROR(GOOGLETRANSLATE($B173,""en"",""bn""),$B173)","=IFERROR(GOOGLETRANSLATE($B173,""en"",""ks""),$B173)",=$B173
ui_0173,Export is already in progress,"=IFERROR(GOOGLETRANSLATE($B174,""en"",""as""),$B174)","=IFERROR(GOOGLETRANSLATE($B174,""en"",""gom""),$B174)","=IFERROR(GOOGLETRANSLATE($B174,""en"",""gu""),$B174)","=IFERROR(GOOGLETRANSLATE($B174,""en"",""mr""),$B174)","=IFERROR(GOOGLETRANSLATE($B174,""en"",""mni-Mtei""),$B174)","=IFERROR(GOOGLETRANSLATE($B174,""en"",""lus""),$B174)","=IFERROR(GOOGLETRANSLATE($B174,""en"",""or""),$B174)","=IFERROR(GOOGLETRANSLATE($B174,""en"",""pa""),$B174)","=IFERROR(GOOGLETRANSLATE($B174,""en"",""ne""),$B174)","=IFERROR(GOOGLETRANSLATE($B174,""en"",""bn""),$B174)","=IFERROR(GOOGLETRANSLATE($B174,""en"",""ks""),$B174)",=$B174
ui_0174,Exporting poster,"=IFERROR(GOOGLETRANSLATE($B175,""en"",""as""),$B175)","=IFERROR(GOOGLETRANSLATE($B175,""en"",""gom""),$B175)","=IFERROR(GOOGLETRANSLATE($B175,""en"",""gu""),$B175)","=IFERROR(GOOGLETRANSLATE($B175,""en"",""mr""),$B175)","=IFERROR(GOOGLETRANSLATE($B175,""en"",""mni-Mtei""),$B175)","=IFERROR(GOOGLETRANSLATE($B175,""en"",""lus""),$B175)","=IFERROR(GOOGLETRANSLATE($B175,""en"",""or""),$B175)","=IFERROR(GOOGLETRANSLATE($B175,""en"",""pa""),$B175)","=IFERROR(GOOGLETRANSLATE($B175,""en"",""ne""),$B175)","=IFERROR(GOOGLETRANSLATE($B175,""en"",""bn""),$B175)","=IFERROR(GOOGLETRANSLATE($B175,""en"",""ks""),$B175)",=$B175
ui_0175,Father's Day,"=IFERROR(GOOGLETRANSLATE($B176,""en"",""as""),$B176)","=IFERROR(GOOGLETRANSLATE($B176,""en"",""gom""),$B176)","=IFERROR(GOOGLETRANSLATE($B176,""en"",""gu""),$B176)","=IFERROR(GOOGLETRANSLATE($B176,""en"",""mr""),$B176)","=IFERROR(GOOGLETRANSLATE($B176,""en"",""mni-Mtei""),$B176)","=IFERROR(GOOGLETRANSLATE($B176,""en"",""lus""),$B176)","=IFERROR(GOOGLETRANSLATE($B176,""en"",""or""),$B176)","=IFERROR(GOOGLETRANSLATE($B176,""en"",""pa""),$B176)","=IFERROR(GOOGLETRANSLATE($B176,""en"",""ne""),$B176)","=IFERROR(GOOGLETRANSLATE($B176,""en"",""bn""),$B176)","=IFERROR(GOOGLETRANSLATE($B176,""en"",""ks""),$B176)",=$B176
ui_0176,"Features, pricing, designs, ads, and these terms may change over time. Some features may become temporarily unavailable because of technical issues, platform restrictions, or third-party failures. To the extent permitted by law, the app is not liable for indirect loss, data loss, or missed business opportunities.","=IFERROR(GOOGLETRANSLATE($B177,""en"",""as""),$B177)","=IFERROR(GOOGLETRANSLATE($B177,""en"",""gom""),$B177)","=IFERROR(GOOGLETRANSLATE($B177,""en"",""gu""),$B177)","=IFERROR(GOOGLETRANSLATE($B177,""en"",""mr""),$B177)","=IFERROR(GOOGLETRANSLATE($B177,""en"",""mni-Mtei""),$B177)","=IFERROR(GOOGLETRANSLATE($B177,""en"",""lus""),$B177)","=IFERROR(GOOGLETRANSLATE($B177,""en"",""or""),$B177)","=IFERROR(GOOGLETRANSLATE($B177,""en"",""pa""),$B177)","=IFERROR(GOOGLETRANSLATE($B177,""en"",""ne""),$B177)","=IFERROR(GOOGLETRANSLATE($B177,""en"",""bn""),$B177)","=IFERROR(GOOGLETRANSLATE($B177,""en"",""ks""),$B177)",=$B177
ui_0177,File save failed. Please try again.,"=IFERROR(GOOGLETRANSLATE($B178,""en"",""as""),$B178)","=IFERROR(GOOGLETRANSLATE($B178,""en"",""gom""),$B178)","=IFERROR(GOOGLETRANSLATE($B178,""en"",""gu""),$B178)","=IFERROR(GOOGLETRANSLATE($B178,""en"",""mr""),$B178)","=IFERROR(GOOGLETRANSLATE($B178,""en"",""mni-Mtei""),$B178)","=IFERROR(GOOGLETRANSLATE($B178,""en"",""lus""),$B178)","=IFERROR(GOOGLETRANSLATE($B178,""en"",""or""),$B178)","=IFERROR(GOOGLETRANSLATE($B178,""en"",""pa""),$B178)","=IFERROR(GOOGLETRANSLATE($B178,""en"",""ne""),$B178)","=IFERROR(GOOGLETRANSLATE($B178,""en"",""bn""),$B178)","=IFERROR(GOOGLETRANSLATE($B178,""en"",""ks""),$B178)",=$B178
ui_0178,Fill,"=IFERROR(GOOGLETRANSLATE($B179,""en"",""as""),$B179)","=IFERROR(GOOGLETRANSLATE($B179,""en"",""gom""),$B179)","=IFERROR(GOOGLETRANSLATE($B179,""en"",""gu""),$B179)","=IFERROR(GOOGLETRANSLATE($B179,""en"",""mr""),$B179)","=IFERROR(GOOGLETRANSLATE($B179,""en"",""mni-Mtei""),$B179)","=IFERROR(GOOGLETRANSLATE($B179,""en"",""lus""),$B179)","=IFERROR(GOOGLETRANSLATE($B179,""en"",""or""),$B179)","=IFERROR(GOOGLETRANSLATE($B179,""en"",""pa""),$B179)","=IFERROR(GOOGLETRANSLATE($B179,""en"",""ne""),$B179)","=IFERROR(GOOGLETRANSLATE($B179,""en"",""bn""),$B179)","=IFERROR(GOOGLETRANSLATE($B179,""en"",""ks""),$B179)",=$B179
ui_0179,Fill Colors,"=IFERROR(GOOGLETRANSLATE($B180,""en"",""as""),$B180)","=IFERROR(GOOGLETRANSLATE($B180,""en"",""gom""),$B180)","=IFERROR(GOOGLETRANSLATE($B180,""en"",""gu""),$B180)","=IFERROR(GOOGLETRANSLATE($B180,""en"",""mr""),$B180)","=IFERROR(GOOGLETRANSLATE($B180,""en"",""mni-Mtei""),$B180)","=IFERROR(GOOGLETRANSLATE($B180,""en"",""lus""),$B180)","=IFERROR(GOOGLETRANSLATE($B180,""en"",""or""),$B180)","=IFERROR(GOOGLETRANSLATE($B180,""en"",""pa""),$B180)","=IFERROR(GOOGLETRANSLATE($B180,""en"",""ne""),$B180)","=IFERROR(GOOGLETRANSLATE($B180,""en"",""bn""),$B180)","=IFERROR(GOOGLETRANSLATE($B180,""en"",""ks""),$B180)",=$B180
ui_0180,"Finally, the completed poster can be saved or shared.","=IFERROR(GOOGLETRANSLATE($B181,""en"",""as""),$B181)","=IFERROR(GOOGLETRANSLATE($B181,""en"",""gom""),$B181)","=IFERROR(GOOGLETRANSLATE($B181,""en"",""gu""),$B181)","=IFERROR(GOOGLETRANSLATE($B181,""en"",""mr""),$B181)","=IFERROR(GOOGLETRANSLATE($B181,""en"",""mni-Mtei""),$B181)","=IFERROR(GOOGLETRANSLATE($B181,""en"",""lus""),$B181)","=IFERROR(GOOGLETRANSLATE($B181,""en"",""or""),$B181)","=IFERROR(GOOGLETRANSLATE($B181,""en"",""pa""),$B181)","=IFERROR(GOOGLETRANSLATE($B181,""en"",""ne""),$B181)","=IFERROR(GOOGLETRANSLATE($B181,""en"",""bn""),$B181)","=IFERROR(GOOGLETRANSLATE($B181,""en"",""ks""),$B181)",=$B181
ui_0181,"Firebase, Analytics, and Ads","=IFERROR(GOOGLETRANSLATE($B182,""en"",""as""),$B182)","=IFERROR(GOOGLETRANSLATE($B182,""en"",""gom""),$B182)","=IFERROR(GOOGLETRANSLATE($B182,""en"",""gu""),$B182)","=IFERROR(GOOGLETRANSLATE($B182,""en"",""mr""),$B182)","=IFERROR(GOOGLETRANSLATE($B182,""en"",""mni-Mtei""),$B182)","=IFERROR(GOOGLETRANSLATE($B182,""en"",""lus""),$B182)","=IFERROR(GOOGLETRANSLATE($B182,""en"",""or""),$B182)","=IFERROR(GOOGLETRANSLATE($B182,""en"",""pa""),$B182)","=IFERROR(GOOGLETRANSLATE($B182,""en"",""ne""),$B182)","=IFERROR(GOOGLETRANSLATE($B182,""en"",""bn""),$B182)","=IFERROR(GOOGLETRANSLATE($B182,""en"",""ks""),$B182)",=$B182
ui_0182,Font,"=IFERROR(GOOGLETRANSLATE($B183,""en"",""as""),$B183)","=IFERROR(GOOGLETRANSLATE($B183,""en"",""gom""),$B183)","=IFERROR(GOOGLETRANSLATE($B183,""en"",""gu""),$B183)","=IFERROR(GOOGLETRANSLATE($B183,""en"",""mr""),$B183)","=IFERROR(GOOGLETRANSLATE($B183,""en"",""mni-Mtei""),$B183)","=IFERROR(GOOGLETRANSLATE($B183,""en"",""lus""),$B183)","=IFERROR(GOOGLETRANSLATE($B183,""en"",""or""),$B183)","=IFERROR(GOOGLETRANSLATE($B183,""en"",""pa""),$B183)","=IFERROR(GOOGLETRANSLATE($B183,""en"",""ne""),$B183)","=IFERROR(GOOGLETRANSLATE($B183,""en"",""bn""),$B183)","=IFERROR(GOOGLETRANSLATE($B183,""en"",""ks""),$B183)",=$B183
ui_0183,Font Size,"=IFERROR(GOOGLETRANSLATE($B184,""en"",""as""),$B184)","=IFERROR(GOOGLETRANSLATE($B184,""en"",""gom""),$B184)","=IFERROR(GOOGLETRANSLATE($B184,""en"",""gu""),$B184)","=IFERROR(GOOGLETRANSLATE($B184,""en"",""mr""),$B184)","=IFERROR(GOOGLETRANSLATE($B184,""en"",""mni-Mtei""),$B184)","=IFERROR(GOOGLETRANSLATE($B184,""en"",""lus""),$B184)","=IFERROR(GOOGLETRANSLATE($B184,""en"",""or""),$B184)","=IFERROR(GOOGLETRANSLATE($B184,""en"",""pa""),$B184)","=IFERROR(GOOGLETRANSLATE($B184,""en"",""ne""),$B184)","=IFERROR(GOOGLETRANSLATE($B184,""en"",""bn""),$B184)","=IFERROR(GOOGLETRANSLATE($B184,""en"",""ks""),$B184)",=$B184
ui_0184,Fonts,"=IFERROR(GOOGLETRANSLATE($B185,""en"",""as""),$B185)","=IFERROR(GOOGLETRANSLATE($B185,""en"",""gom""),$B185)","=IFERROR(GOOGLETRANSLATE($B185,""en"",""gu""),$B185)","=IFERROR(GOOGLETRANSLATE($B185,""en"",""mr""),$B185)","=IFERROR(GOOGLETRANSLATE($B185,""en"",""mni-Mtei""),$B185)","=IFERROR(GOOGLETRANSLATE($B185,""en"",""lus""),$B185)","=IFERROR(GOOGLETRANSLATE($B185,""en"",""or""),$B185)","=IFERROR(GOOGLETRANSLATE($B185,""en"",""pa""),$B185)","=IFERROR(GOOGLETRANSLATE($B185,""en"",""ne""),$B185)","=IFERROR(GOOGLETRANSLATE($B185,""en"",""bn""),$B185)","=IFERROR(GOOGLETRANSLATE($B185,""en"",""ks""),$B185)",=$B185
ui_0185,"For account security, one account may remain active on only one primary device session at a time. If the same account is activated on another primary device, the previous session may be signed out. This helps reduce account misuse and unauthorized access.","=IFERROR(GOOGLETRANSLATE($B186,""en"",""as""),$B186)","=IFERROR(GOOGLETRANSLATE($B186,""en"",""gom""),$B186)","=IFERROR(GOOGLETRANSLATE($B186,""en"",""gu""),$B186)","=IFERROR(GOOGLETRANSLATE($B186,""en"",""mr""),$B186)","=IFERROR(GOOGLETRANSLATE($B186,""en"",""mni-Mtei""),$B186)","=IFERROR(GOOGLETRANSLATE($B186,""en"",""lus""),$B186)","=IFERROR(GOOGLETRANSLATE($B186,""en"",""or""),$B186)","=IFERROR(GOOGLETRANSLATE($B186,""en"",""pa""),$B186)","=IFERROR(GOOGLETRANSLATE($B186,""en"",""ne""),$B186)","=IFERROR(GOOGLETRANSLATE($B186,""en"",""bn""),$B186)","=IFERROR(GOOGLETRANSLATE($B186,""en"",""ks""),$B186)",=$B186
ui_0186,For updates.,"=IFERROR(GOOGLETRANSLATE($B187,""en"",""as""),$B187)","=IFERROR(GOOGLETRANSLATE($B187,""en"",""gom""),$B187)","=IFERROR(GOOGLETRANSLATE($B187,""en"",""gu""),$B187)","=IFERROR(GOOGLETRANSLATE($B187,""en"",""mr""),$B187)","=IFERROR(GOOGLETRANSLATE($B187,""en"",""mni-Mtei""),$B187)","=IFERROR(GOOGLETRANSLATE($B187,""en"",""lus""),$B187)","=IFERROR(GOOGLETRANSLATE($B187,""en"",""or""),$B187)","=IFERROR(GOOGLETRANSLATE($B187,""en"",""pa""),$B187)","=IFERROR(GOOGLETRANSLATE($B187,""en"",""ne""),$B187)","=IFERROR(GOOGLETRANSLATE($B187,""en"",""bn""),$B187)","=IFERROR(GOOGLETRANSLATE($B187,""en"",""ks""),$B187)",=$B187
ui_0187,Forgot Password,"=IFERROR(GOOGLETRANSLATE($B188,""en"",""as""),$B188)","=IFERROR(GOOGLETRANSLATE($B188,""en"",""gom""),$B188)","=IFERROR(GOOGLETRANSLATE($B188,""en"",""gu""),$B188)","=IFERROR(GOOGLETRANSLATE($B188,""en"",""mr""),$B188)","=IFERROR(GOOGLETRANSLATE($B188,""en"",""mni-Mtei""),$B188)","=IFERROR(GOOGLETRANSLATE($B188,""en"",""lus""),$B188)","=IFERROR(GOOGLETRANSLATE($B188,""en"",""or""),$B188)","=IFERROR(GOOGLETRANSLATE($B188,""en"",""pa""),$B188)","=IFERROR(GOOGLETRANSLATE($B188,""en"",""ne""),$B188)","=IFERROR(GOOGLETRANSLATE($B188,""en"",""bn""),$B188)","=IFERROR(GOOGLETRANSLATE($B188,""en"",""ks""),$B188)",=$B188
ui_0188,Free,"=IFERROR(GOOGLETRANSLATE($B189,""en"",""as""),$B189)","=IFERROR(GOOGLETRANSLATE($B189,""en"",""gom""),$B189)","=IFERROR(GOOGLETRANSLATE($B189,""en"",""gu""),$B189)","=IFERROR(GOOGLETRANSLATE($B189,""en"",""mr""),$B189)","=IFERROR(GOOGLETRANSLATE($B189,""en"",""mni-Mtei""),$B189)","=IFERROR(GOOGLETRANSLATE($B189,""en"",""lus""),$B189)","=IFERROR(GOOGLETRANSLATE($B189,""en"",""or""),$B189)","=IFERROR(GOOGLETRANSLATE($B189,""en"",""pa""),$B189)","=IFERROR(GOOGLETRANSLATE($B189,""en"",""ne""),$B189)","=IFERROR(GOOGLETRANSLATE($B189,""en"",""bn""),$B189)","=IFERROR(GOOGLETRANSLATE($B189,""en"",""ks""),$B189)",=$B189
ui_0189,Friendship Day,"=IFERROR(GOOGLETRANSLATE($B190,""en"",""as""),$B190)","=IFERROR(GOOGLETRANSLATE($B190,""en"",""gom""),$B190)","=IFERROR(GOOGLETRANSLATE($B190,""en"",""gu""),$B190)","=IFERROR(GOOGLETRANSLATE($B190,""en"",""mr""),$B190)","=IFERROR(GOOGLETRANSLATE($B190,""en"",""mni-Mtei""),$B190)","=IFERROR(GOOGLETRANSLATE($B190,""en"",""lus""),$B190)","=IFERROR(GOOGLETRANSLATE($B190,""en"",""or""),$B190)","=IFERROR(GOOGLETRANSLATE($B190,""en"",""pa""),$B190)","=IFERROR(GOOGLETRANSLATE($B190,""en"",""ne""),$B190)","=IFERROR(GOOGLETRANSLATE($B190,""en"",""bn""),$B190)","=IFERROR(GOOGLETRANSLATE($B190,""en"",""ks""),$B190)",=$B190
ui_0190,Front,"=IFERROR(GOOGLETRANSLATE($B191,""en"",""as""),$B191)","=IFERROR(GOOGLETRANSLATE($B191,""en"",""gom""),$B191)","=IFERROR(GOOGLETRANSLATE($B191,""en"",""gu""),$B191)","=IFERROR(GOOGLETRANSLATE($B191,""en"",""mr""),$B191)","=IFERROR(GOOGLETRANSLATE($B191,""en"",""mni-Mtei""),$B191)","=IFERROR(GOOGLETRANSLATE($B191,""en"",""lus""),$B191)","=IFERROR(GOOGLETRANSLATE($B191,""en"",""or""),$B191)","=IFERROR(GOOGLETRANSLATE($B191,""en"",""pa""),$B191)","=IFERROR(GOOGLETRANSLATE($B191,""en"",""ne""),$B191)","=IFERROR(GOOGLETRANSLATE($B191,""en"",""bn""),$B191)","=IFERROR(GOOGLETRANSLATE($B191,""en"",""ks""),$B191)",=$B191
ui_0191,Gallery,"=IFERROR(GOOGLETRANSLATE($B192,""en"",""as""),$B192)","=IFERROR(GOOGLETRANSLATE($B192,""en"",""gom""),$B192)","=IFERROR(GOOGLETRANSLATE($B192,""en"",""gu""),$B192)","=IFERROR(GOOGLETRANSLATE($B192,""en"",""mr""),$B192)","=IFERROR(GOOGLETRANSLATE($B192,""en"",""mni-Mtei""),$B192)","=IFERROR(GOOGLETRANSLATE($B192,""en"",""lus""),$B192)","=IFERROR(GOOGLETRANSLATE($B192,""en"",""or""),$B192)","=IFERROR(GOOGLETRANSLATE($B192,""en"",""pa""),$B192)","=IFERROR(GOOGLETRANSLATE($B192,""en"",""ne""),$B192)","=IFERROR(GOOGLETRANSLATE($B192,""en"",""bn""),$B192)","=IFERROR(GOOGLETRANSLATE($B192,""en"",""ks""),$B192)",=$B192
ui_0192,Gallery permission was denied.,"=IFERROR(GOOGLETRANSLATE($B193,""en"",""as""),$B193)","=IFERROR(GOOGLETRANSLATE($B193,""en"",""gom""),$B193)","=IFERROR(GOOGLETRANSLATE($B193,""en"",""gu""),$B193)","=IFERROR(GOOGLETRANSLATE($B193,""en"",""mr""),$B193)","=IFERROR(GOOGLETRANSLATE($B193,""en"",""mni-Mtei""),$B193)","=IFERROR(GOOGLETRANSLATE($B193,""en"",""lus""),$B193)","=IFERROR(GOOGLETRANSLATE($B193,""en"",""or""),$B193)","=IFERROR(GOOGLETRANSLATE($B193,""en"",""pa""),$B193)","=IFERROR(GOOGLETRANSLATE($B193,""en"",""ne""),$B193)","=IFERROR(GOOGLETRANSLATE($B193,""en"",""bn""),$B193)","=IFERROR(GOOGLETRANSLATE($B193,""en"",""ks""),$B193)",=$B193
ui_0193,Get help and contact support,"=IFERROR(GOOGLETRANSLATE($B194,""en"",""as""),$B194)","=IFERROR(GOOGLETRANSLATE($B194,""en"",""gom""),$B194)","=IFERROR(GOOGLETRANSLATE($B194,""en"",""gu""),$B194)","=IFERROR(GOOGLETRANSLATE($B194,""en"",""mr""),$B194)","=IFERROR(GOOGLETRANSLATE($B194,""en"",""mni-Mtei""),$B194)","=IFERROR(GOOGLETRANSLATE($B194,""en"",""lus""),$B194)","=IFERROR(GOOGLETRANSLATE($B194,""en"",""or""),$B194)","=IFERROR(GOOGLETRANSLATE($B194,""en"",""pa""),$B194)","=IFERROR(GOOGLETRANSLATE($B194,""en"",""ne""),$B194)","=IFERROR(GOOGLETRANSLATE($B194,""en"",""bn""),$B194)","=IFERROR(GOOGLETRANSLATE($B194,""en"",""ks""),$B194)",=$B194
ui_0194,Glow,"=IFERROR(GOOGLETRANSLATE($B195,""en"",""as""),$B195)","=IFERROR(GOOGLETRANSLATE($B195,""en"",""gom""),$B195)","=IFERROR(GOOGLETRANSLATE($B195,""en"",""gu""),$B195)","=IFERROR(GOOGLETRANSLATE($B195,""en"",""mr""),$B195)","=IFERROR(GOOGLETRANSLATE($B195,""en"",""mni-Mtei""),$B195)","=IFERROR(GOOGLETRANSLATE($B195,""en"",""lus""),$B195)","=IFERROR(GOOGLETRANSLATE($B195,""en"",""or""),$B195)","=IFERROR(GOOGLETRANSLATE($B195,""en"",""pa""),$B195)","=IFERROR(GOOGLETRANSLATE($B195,""en"",""ne""),$B195)","=IFERROR(GOOGLETRANSLATE($B195,""en"",""bn""),$B195)","=IFERROR(GOOGLETRANSLATE($B195,""en"",""ks""),$B195)",=$B195
ui_0195,Good Afternoon,"=IFERROR(GOOGLETRANSLATE($B196,""en"",""as""),$B196)","=IFERROR(GOOGLETRANSLATE($B196,""en"",""gom""),$B196)","=IFERROR(GOOGLETRANSLATE($B196,""en"",""gu""),$B196)","=IFERROR(GOOGLETRANSLATE($B196,""en"",""mr""),$B196)","=IFERROR(GOOGLETRANSLATE($B196,""en"",""mni-Mtei""),$B196)","=IFERROR(GOOGLETRANSLATE($B196,""en"",""lus""),$B196)","=IFERROR(GOOGLETRANSLATE($B196,""en"",""or""),$B196)","=IFERROR(GOOGLETRANSLATE($B196,""en"",""pa""),$B196)","=IFERROR(GOOGLETRANSLATE($B196,""en"",""ne""),$B196)","=IFERROR(GOOGLETRANSLATE($B196,""en"",""bn""),$B196)","=IFERROR(GOOGLETRANSLATE($B196,""en"",""ks""),$B196)",=$B196
ui_0196,Good Morning,"=IFERROR(GOOGLETRANSLATE($B197,""en"",""as""),$B197)","=IFERROR(GOOGLETRANSLATE($B197,""en"",""gom""),$B197)","=IFERROR(GOOGLETRANSLATE($B197,""en"",""gu""),$B197)","=IFERROR(GOOGLETRANSLATE($B197,""en"",""mr""),$B197)","=IFERROR(GOOGLETRANSLATE($B197,""en"",""mni-Mtei""),$B197)","=IFERROR(GOOGLETRANSLATE($B197,""en"",""lus""),$B197)","=IFERROR(GOOGLETRANSLATE($B197,""en"",""or""),$B197)","=IFERROR(GOOGLETRANSLATE($B197,""en"",""pa""),$B197)","=IFERROR(GOOGLETRANSLATE($B197,""en"",""ne""),$B197)","=IFERROR(GOOGLETRANSLATE($B197,""en"",""bn""),$B197)","=IFERROR(GOOGLETRANSLATE($B197,""en"",""ks""),$B197)",=$B197
ui_0197,Good Night,"=IFERROR(GOOGLETRANSLATE($B198,""en"",""as""),$B198)","=IFERROR(GOOGLETRANSLATE($B198,""en"",""gom""),$B198)","=IFERROR(GOOGLETRANSLATE($B198,""en"",""gu""),$B198)","=IFERROR(GOOGLETRANSLATE($B198,""en"",""mr""),$B198)","=IFERROR(GOOGLETRANSLATE($B198,""en"",""mni-Mtei""),$B198)","=IFERROR(GOOGLETRANSLATE($B198,""en"",""lus""),$B198)","=IFERROR(GOOGLETRANSLATE($B198,""en"",""or""),$B198)","=IFERROR(GOOGLETRANSLATE($B198,""en"",""pa""),$B198)","=IFERROR(GOOGLETRANSLATE($B198,""en"",""ne""),$B198)","=IFERROR(GOOGLETRANSLATE($B198,""en"",""bn""),$B198)","=IFERROR(GOOGLETRANSLATE($B198,""en"",""ks""),$B198)",=$B198
ui_0198,Google Sign-In failed. Please try again.,"=IFERROR(GOOGLETRANSLATE($B199,""en"",""as""),$B199)","=IFERROR(GOOGLETRANSLATE($B199,""en"",""gom""),$B199)","=IFERROR(GOOGLETRANSLATE($B199,""en"",""gu""),$B199)","=IFERROR(GOOGLETRANSLATE($B199,""en"",""mr""),$B199)","=IFERROR(GOOGLETRANSLATE($B199,""en"",""mni-Mtei""),$B199)","=IFERROR(GOOGLETRANSLATE($B199,""en"",""lus""),$B199)","=IFERROR(GOOGLETRANSLATE($B199,""en"",""or""),$B199)","=IFERROR(GOOGLETRANSLATE($B199,""en"",""pa""),$B199)","=IFERROR(GOOGLETRANSLATE($B199,""en"",""ne""),$B199)","=IFERROR(GOOGLETRANSLATE($B199,""en"",""bn""),$B199)","=IFERROR(GOOGLETRANSLATE($B199,""en"",""ks""),$B199)",=$B199
ui_0199,Google Sign-In is not available on this device right now.,"=IFERROR(GOOGLETRANSLATE($B200,""en"",""as""),$B200)","=IFERROR(GOOGLETRANSLATE($B200,""en"",""gom""),$B200)","=IFERROR(GOOGLETRANSLATE($B200,""en"",""gu""),$B200)","=IFERROR(GOOGLETRANSLATE($B200,""en"",""mr""),$B200)","=IFERROR(GOOGLETRANSLATE($B200,""en"",""mni-Mtei""),$B200)","=IFERROR(GOOGLETRANSLATE($B200,""en"",""lus""),$B200)","=IFERROR(GOOGLETRANSLATE($B200,""en"",""or""),$B200)","=IFERROR(GOOGLETRANSLATE($B200,""en"",""pa""),$B200)","=IFERROR(GOOGLETRANSLATE($B200,""en"",""ne""),$B200)","=IFERROR(GOOGLETRANSLATE($B200,""en"",""bn""),$B200)","=IFERROR(GOOGLETRANSLATE($B200,""en"",""ks""),$B200)",=$B200
ui_0200,Google Sign-In is not supported on this build.,"=IFERROR(GOOGLETRANSLATE($B201,""en"",""as""),$B201)","=IFERROR(GOOGLETRANSLATE($B201,""en"",""gom""),$B201)","=IFERROR(GOOGLETRANSLATE($B201,""en"",""gu""),$B201)","=IFERROR(GOOGLETRANSLATE($B201,""en"",""mr""),$B201)","=IFERROR(GOOGLETRANSLATE($B201,""en"",""mni-Mtei""),$B201)","=IFERROR(GOOGLETRANSLATE($B201,""en"",""lus""),$B201)","=IFERROR(GOOGLETRANSLATE($B201,""en"",""or""),$B201)","=IFERROR(GOOGLETRANSLATE($B201,""en"",""pa""),$B201)","=IFERROR(GOOGLETRANSLATE($B201,""en"",""ne""),$B201)","=IFERROR(GOOGLETRANSLATE($B201,""en"",""bn""),$B201)","=IFERROR(GOOGLETRANSLATE($B201,""en"",""ks""),$B201)",=$B201
ui_0201,Google Sign-In popup was blocked. Allow popups and try again.,"=IFERROR(GOOGLETRANSLATE($B202,""en"",""as""),$B202)","=IFERROR(GOOGLETRANSLATE($B202,""en"",""gom""),$B202)","=IFERROR(GOOGLETRANSLATE($B202,""en"",""gu""),$B202)","=IFERROR(GOOGLETRANSLATE($B202,""en"",""mr""),$B202)","=IFERROR(GOOGLETRANSLATE($B202,""en"",""mni-Mtei""),$B202)","=IFERROR(GOOGLETRANSLATE($B202,""en"",""lus""),$B202)","=IFERROR(GOOGLETRANSLATE($B202,""en"",""or""),$B202)","=IFERROR(GOOGLETRANSLATE($B202,""en"",""pa""),$B202)","=IFERROR(GOOGLETRANSLATE($B202,""en"",""ne""),$B202)","=IFERROR(GOOGLETRANSLATE($B202,""en"",""bn""),$B202)","=IFERROR(GOOGLETRANSLATE($B202,""en"",""ks""),$B202)",=$B202
ui_0202,Google Sign-In setup is incomplete. Please try again later.,"=IFERROR(GOOGLETRANSLATE($B203,""en"",""as""),$B203)","=IFERROR(GOOGLETRANSLATE($B203,""en"",""gom""),$B203)","=IFERROR(GOOGLETRANSLATE($B203,""en"",""gu""),$B203)","=IFERROR(GOOGLETRANSLATE($B203,""en"",""mr""),$B203)","=IFERROR(GOOGLETRANSLATE($B203,""en"",""mni-Mtei""),$B203)","=IFERROR(GOOGLETRANSLATE($B203,""en"",""lus""),$B203)","=IFERROR(GOOGLETRANSLATE($B203,""en"",""or""),$B203)","=IFERROR(GOOGLETRANSLATE($B203,""en"",""pa""),$B203)","=IFERROR(GOOGLETRANSLATE($B203,""en"",""ne""),$B203)","=IFERROR(GOOGLETRANSLATE($B203,""en"",""bn""),$B203)","=IFERROR(GOOGLETRANSLATE($B203,""en"",""ks""),$B203)",=$B203
ui_0203,Google Sign-In was canceled before completing sign-in.,"=IFERROR(GOOGLETRANSLATE($B204,""en"",""as""),$B204)","=IFERROR(GOOGLETRANSLATE($B204,""en"",""gom""),$B204)","=IFERROR(GOOGLETRANSLATE($B204,""en"",""gu""),$B204)","=IFERROR(GOOGLETRANSLATE($B204,""en"",""mr""),$B204)","=IFERROR(GOOGLETRANSLATE($B204,""en"",""mni-Mtei""),$B204)","=IFERROR(GOOGLETRANSLATE($B204,""en"",""lus""),$B204)","=IFERROR(GOOGLETRANSLATE($B204,""en"",""or""),$B204)","=IFERROR(GOOGLETRANSLATE($B204,""en"",""pa""),$B204)","=IFERROR(GOOGLETRANSLATE($B204,""en"",""ne""),$B204)","=IFERROR(GOOGLETRANSLATE($B204,""en"",""bn""),$B204)","=IFERROR(GOOGLETRANSLATE($B204,""en"",""ks""),$B204)",=$B204
ui_0204,Google Sign-In was interrupted. Please try again.,"=IFERROR(GOOGLETRANSLATE($B205,""en"",""as""),$B205)","=IFERROR(GOOGLETRANSLATE($B205,""en"",""gom""),$B205)","=IFERROR(GOOGLETRANSLATE($B205,""en"",""gu""),$B205)","=IFERROR(GOOGLETRANSLATE($B205,""en"",""mr""),$B205)","=IFERROR(GOOGLETRANSLATE($B205,""en"",""mni-Mtei""),$B205)","=IFERROR(GOOGLETRANSLATE($B205,""en"",""lus""),$B205)","=IFERROR(GOOGLETRANSLATE($B205,""en"",""or""),$B205)","=IFERROR(GOOGLETRANSLATE($B205,""en"",""pa""),$B205)","=IFERROR(GOOGLETRANSLATE($B205,""en"",""ne""),$B205)","=IFERROR(GOOGLETRANSLATE($B205,""en"",""bn""),$B205)","=IFERROR(GOOGLETRANSLATE($B205,""en"",""ks""),$B205)",=$B205
ui_0205,Gradient,"=IFERROR(GOOGLETRANSLATE($B206,""en"",""as""),$B206)","=IFERROR(GOOGLETRANSLATE($B206,""en"",""gom""),$B206)","=IFERROR(GOOGLETRANSLATE($B206,""en"",""gu""),$B206)","=IFERROR(GOOGLETRANSLATE($B206,""en"",""mr""),$B206)","=IFERROR(GOOGLETRANSLATE($B206,""en"",""mni-Mtei""),$B206)","=IFERROR(GOOGLETRANSLATE($B206,""en"",""lus""),$B206)","=IFERROR(GOOGLETRANSLATE($B206,""en"",""or""),$B206)","=IFERROR(GOOGLETRANSLATE($B206,""en"",""pa""),$B206)","=IFERROR(GOOGLETRANSLATE($B206,""en"",""ne""),$B206)","=IFERROR(GOOGLETRANSLATE($B206,""en"",""bn""),$B206)","=IFERROR(GOOGLETRANSLATE($B206,""en"",""ks""),$B206)",=$B206
ui_0206,Harassment or bullying,"=IFERROR(GOOGLETRANSLATE($B207,""en"",""as""),$B207)","=IFERROR(GOOGLETRANSLATE($B207,""en"",""gom""),$B207)","=IFERROR(GOOGLETRANSLATE($B207,""en"",""gu""),$B207)","=IFERROR(GOOGLETRANSLATE($B207,""en"",""mr""),$B207)","=IFERROR(GOOGLETRANSLATE($B207,""en"",""mni-Mtei""),$B207)","=IFERROR(GOOGLETRANSLATE($B207,""en"",""lus""),$B207)","=IFERROR(GOOGLETRANSLATE($B207,""en"",""or""),$B207)","=IFERROR(GOOGLETRANSLATE($B207,""en"",""pa""),$B207)","=IFERROR(GOOGLETRANSLATE($B207,""en"",""ne""),$B207)","=IFERROR(GOOGLETRANSLATE($B207,""en"",""bn""),$B207)","=IFERROR(GOOGLETRANSLATE($B207,""en"",""ks""),$B207)",=$B207
ui_0207,Hardness,"=IFERROR(GOOGLETRANSLATE($B208,""en"",""as""),$B208)","=IFERROR(GOOGLETRANSLATE($B208,""en"",""gom""),$B208)","=IFERROR(GOOGLETRANSLATE($B208,""en"",""gu""),$B208)","=IFERROR(GOOGLETRANSLATE($B208,""en"",""mr""),$B208)","=IFERROR(GOOGLETRANSLATE($B208,""en"",""mni-Mtei""),$B208)","=IFERROR(GOOGLETRANSLATE($B208,""en"",""lus""),$B208)","=IFERROR(GOOGLETRANSLATE($B208,""en"",""or""),$B208)","=IFERROR(GOOGLETRANSLATE($B208,""en"",""pa""),$B208)","=IFERROR(GOOGLETRANSLATE($B208,""en"",""ne""),$B208)","=IFERROR(GOOGLETRANSLATE($B208,""en"",""bn""),$B208)","=IFERROR(GOOGLETRANSLATE($B208,""en"",""ks""),$B208)",=$B208
ui_0208,Hate speech or discrimination,"=IFERROR(GOOGLETRANSLATE($B209,""en"",""as""),$B209)","=IFERROR(GOOGLETRANSLATE($B209,""en"",""gom""),$B209)","=IFERROR(GOOGLETRANSLATE($B209,""en"",""gu""),$B209)","=IFERROR(GOOGLETRANSLATE($B209,""en"",""mr""),$B209)","=IFERROR(GOOGLETRANSLATE($B209,""en"",""mni-Mtei""),$B209)","=IFERROR(GOOGLETRANSLATE($B209,""en"",""lus""),$B209)","=IFERROR(GOOGLETRANSLATE($B209,""en"",""or""),$B209)","=IFERROR(GOOGLETRANSLATE($B209,""en"",""pa""),$B209)","=IFERROR(GOOGLETRANSLATE($B209,""en"",""ne""),$B209)","=IFERROR(GOOGLETRANSLATE($B209,""en"",""bn""),$B209)","=IFERROR(GOOGLETRANSLATE($B209,""en"",""ks""),$B209)",=$B209
ui_0209,Height,"=IFERROR(GOOGLETRANSLATE($B210,""en"",""as""),$B210)","=IFERROR(GOOGLETRANSLATE($B210,""en"",""gom""),$B210)","=IFERROR(GOOGLETRANSLATE($B210,""en"",""gu""),$B210)","=IFERROR(GOOGLETRANSLATE($B210,""en"",""mr""),$B210)","=IFERROR(GOOGLETRANSLATE($B210,""en"",""mni-Mtei""),$B210)","=IFERROR(GOOGLETRANSLATE($B210,""en"",""lus""),$B210)","=IFERROR(GOOGLETRANSLATE($B210,""en"",""or""),$B210)","=IFERROR(GOOGLETRANSLATE($B210,""en"",""pa""),$B210)","=IFERROR(GOOGLETRANSLATE($B210,""en"",""ne""),$B210)","=IFERROR(GOOGLETRANSLATE($B210,""en"",""bn""),$B210)","=IFERROR(GOOGLETRANSLATE($B210,""en"",""ks""),$B210)",=$B210
ui_0210,Help & Support,"=IFERROR(GOOGLETRANSLATE($B211,""en"",""as""),$B211)","=IFERROR(GOOGLETRANSLATE($B211,""en"",""gom""),$B211)","=IFERROR(GOOGLETRANSLATE($B211,""en"",""gu""),$B211)","=IFERROR(GOOGLETRANSLATE($B211,""en"",""mr""),$B211)","=IFERROR(GOOGLETRANSLATE($B211,""en"",""mni-Mtei""),$B211)","=IFERROR(GOOGLETRANSLATE($B211,""en"",""lus""),$B211)","=IFERROR(GOOGLETRANSLATE($B211,""en"",""or""),$B211)","=IFERROR(GOOGLETRANSLATE($B211,""en"",""pa""),$B211)","=IFERROR(GOOGLETRANSLATE($B211,""en"",""ne""),$B211)","=IFERROR(GOOGLETRANSLATE($B211,""en"",""bn""),$B211)","=IFERROR(GOOGLETRANSLATE($B211,""en"",""ks""),$B211)",=$B211
ui_0211,Hide this item?,"=IFERROR(GOOGLETRANSLATE($B212,""en"",""as""),$B212)","=IFERROR(GOOGLETRANSLATE($B212,""en"",""gom""),$B212)","=IFERROR(GOOGLETRANSLATE($B212,""en"",""gu""),$B212)","=IFERROR(GOOGLETRANSLATE($B212,""en"",""mr""),$B212)","=IFERROR(GOOGLETRANSLATE($B212,""en"",""mni-Mtei""),$B212)","=IFERROR(GOOGLETRANSLATE($B212,""en"",""lus""),$B212)","=IFERROR(GOOGLETRANSLATE($B212,""en"",""or""),$B212)","=IFERROR(GOOGLETRANSLATE($B212,""en"",""pa""),$B212)","=IFERROR(GOOGLETRANSLATE($B212,""en"",""ne""),$B212)","=IFERROR(GOOGLETRANSLATE($B212,""en"",""bn""),$B212)","=IFERROR(GOOGLETRANSLATE($B212,""en"",""ks""),$B212)",=$B212
ui_0212,Hindu,"=IFERROR(GOOGLETRANSLATE($B213,""en"",""as""),$B213)","=IFERROR(GOOGLETRANSLATE($B213,""en"",""gom""),$B213)","=IFERROR(GOOGLETRANSLATE($B213,""en"",""gu""),$B213)","=IFERROR(GOOGLETRANSLATE($B213,""en"",""mr""),$B213)","=IFERROR(GOOGLETRANSLATE($B213,""en"",""mni-Mtei""),$B213)","=IFERROR(GOOGLETRANSLATE($B213,""en"",""lus""),$B213)","=IFERROR(GOOGLETRANSLATE($B213,""en"",""or""),$B213)","=IFERROR(GOOGLETRANSLATE($B213,""en"",""pa""),$B213)","=IFERROR(GOOGLETRANSLATE($B213,""en"",""ne""),$B213)","=IFERROR(GOOGLETRANSLATE($B213,""en"",""bn""),$B213)","=IFERROR(GOOGLETRANSLATE($B213,""en"",""ks""),$B213)",=$B213
ui_0213,Home will show the categories that match your selection.,"=IFERROR(GOOGLETRANSLATE($B214,""en"",""as""),$B214)","=IFERROR(GOOGLETRANSLATE($B214,""en"",""gom""),$B214)","=IFERROR(GOOGLETRANSLATE($B214,""en"",""gu""),$B214)","=IFERROR(GOOGLETRANSLATE($B214,""en"",""mr""),$B214)","=IFERROR(GOOGLETRANSLATE($B214,""en"",""mni-Mtei""),$B214)","=IFERROR(GOOGLETRANSLATE($B214,""en"",""lus""),$B214)","=IFERROR(GOOGLETRANSLATE($B214,""en"",""or""),$B214)","=IFERROR(GOOGLETRANSLATE($B214,""en"",""pa""),$B214)","=IFERROR(GOOGLETRANSLATE($B214,""en"",""ne""),$B214)","=IFERROR(GOOGLETRANSLATE($B214,""en"",""bn""),$B214)","=IFERROR(GOOGLETRANSLATE($B214,""en"",""ks""),$B214)",=$B214
ui_0214,How the app works,"=IFERROR(GOOGLETRANSLATE($B215,""en"",""as""),$B215)","=IFERROR(GOOGLETRANSLATE($B215,""en"",""gom""),$B215)","=IFERROR(GOOGLETRANSLATE($B215,""en"",""gu""),$B215)","=IFERROR(GOOGLETRANSLATE($B215,""en"",""mr""),$B215)","=IFERROR(GOOGLETRANSLATE($B215,""en"",""mni-Mtei""),$B215)","=IFERROR(GOOGLETRANSLATE($B215,""en"",""lus""),$B215)","=IFERROR(GOOGLETRANSLATE($B215,""en"",""or""),$B215)","=IFERROR(GOOGLETRANSLATE($B215,""en"",""pa""),$B215)","=IFERROR(GOOGLETRANSLATE($B215,""en"",""ne""),$B215)","=IFERROR(GOOGLETRANSLATE($B215,""en"",""bn""),$B215)","=IFERROR(GOOGLETRANSLATE($B215,""en"",""ks""),$B215)",=$B215
ui_0215,How We Use Data,"=IFERROR(GOOGLETRANSLATE($B216,""en"",""as""),$B216)","=IFERROR(GOOGLETRANSLATE($B216,""en"",""gom""),$B216)","=IFERROR(GOOGLETRANSLATE($B216,""en"",""gu""),$B216)","=IFERROR(GOOGLETRANSLATE($B216,""en"",""mr""),$B216)","=IFERROR(GOOGLETRANSLATE($B216,""en"",""mni-Mtei""),$B216)","=IFERROR(GOOGLETRANSLATE($B216,""en"",""lus""),$B216)","=IFERROR(GOOGLETRANSLATE($B216,""en"",""or""),$B216)","=IFERROR(GOOGLETRANSLATE($B216,""en"",""pa""),$B216)","=IFERROR(GOOGLETRANSLATE($B216,""en"",""ne""),$B216)","=IFERROR(GOOGLETRANSLATE($B216,""en"",""bn""),$B216)","=IFERROR(GOOGLETRANSLATE($B216,""en"",""ks""),$B216)",=$B216
ui_0216,Illegal content,"=IFERROR(GOOGLETRANSLATE($B217,""en"",""as""),$B217)","=IFERROR(GOOGLETRANSLATE($B217,""en"",""gom""),$B217)","=IFERROR(GOOGLETRANSLATE($B217,""en"",""gu""),$B217)","=IFERROR(GOOGLETRANSLATE($B217,""en"",""mr""),$B217)","=IFERROR(GOOGLETRANSLATE($B217,""en"",""mni-Mtei""),$B217)","=IFERROR(GOOGLETRANSLATE($B217,""en"",""lus""),$B217)","=IFERROR(GOOGLETRANSLATE($B217,""en"",""or""),$B217)","=IFERROR(GOOGLETRANSLATE($B217,""en"",""pa""),$B217)","=IFERROR(GOOGLETRANSLATE($B217,""en"",""ne""),$B217)","=IFERROR(GOOGLETRANSLATE($B217,""en"",""bn""),$B217)","=IFERROR(GOOGLETRANSLATE($B217,""en"",""ks""),$B217)",=$B217
ui_0217,Image,"=IFERROR(GOOGLETRANSLATE($B218,""en"",""as""),$B218)","=IFERROR(GOOGLETRANSLATE($B218,""en"",""gom""),$B218)","=IFERROR(GOOGLETRANSLATE($B218,""en"",""gu""),$B218)","=IFERROR(GOOGLETRANSLATE($B218,""en"",""mr""),$B218)","=IFERROR(GOOGLETRANSLATE($B218,""en"",""mni-Mtei""),$B218)","=IFERROR(GOOGLETRANSLATE($B218,""en"",""lus""),$B218)","=IFERROR(GOOGLETRANSLATE($B218,""en"",""or""),$B218)","=IFERROR(GOOGLETRANSLATE($B218,""en"",""pa""),$B218)","=IFERROR(GOOGLETRANSLATE($B218,""en"",""ne""),$B218)","=IFERROR(GOOGLETRANSLATE($B218,""en"",""bn""),$B218)","=IFERROR(GOOGLETRANSLATE($B218,""en"",""ks""),$B218)",=$B218
ui_0218,Image Editor,"=IFERROR(GOOGLETRANSLATE($B219,""en"",""as""),$B219)","=IFERROR(GOOGLETRANSLATE($B219,""en"",""gom""),$B219)","=IFERROR(GOOGLETRANSLATE($B219,""en"",""gu""),$B219)","=IFERROR(GOOGLETRANSLATE($B219,""en"",""mr""),$B219)","=IFERROR(GOOGLETRANSLATE($B219,""en"",""mni-Mtei""),$B219)","=IFERROR(GOOGLETRANSLATE($B219,""en"",""lus""),$B219)","=IFERROR(GOOGLETRANSLATE($B219,""en"",""or""),$B219)","=IFERROR(GOOGLETRANSLATE($B219,""en"",""pa""),$B219)","=IFERROR(GOOGLETRANSLATE($B219,""en"",""ne""),$B219)","=IFERROR(GOOGLETRANSLATE($B219,""en"",""bn""),$B219)","=IFERROR(GOOGLETRANSLATE($B219,""en"",""ks""),$B219)",=$B219
ui_0219,Image or quote is required,"=IFERROR(GOOGLETRANSLATE($B220,""en"",""as""),$B220)","=IFERROR(GOOGLETRANSLATE($B220,""en"",""gom""),$B220)","=IFERROR(GOOGLETRANSLATE($B220,""en"",""gu""),$B220)","=IFERROR(GOOGLETRANSLATE($B220,""en"",""mr""),$B220)","=IFERROR(GOOGLETRANSLATE($B220,""en"",""mni-Mtei""),$B220)","=IFERROR(GOOGLETRANSLATE($B220,""en"",""lus""),$B220)","=IFERROR(GOOGLETRANSLATE($B220,""en"",""or""),$B220)","=IFERROR(GOOGLETRANSLATE($B220,""en"",""pa""),$B220)","=IFERROR(GOOGLETRANSLATE($B220,""en"",""ne""),$B220)","=IFERROR(GOOGLETRANSLATE($B220,""en"",""bn""),$B220)","=IFERROR(GOOGLETRANSLATE($B220,""en"",""ks""),$B220)",=$B220
ui_0220,Image or text is required,"=IFERROR(GOOGLETRANSLATE($B221,""en"",""as""),$B221)","=IFERROR(GOOGLETRANSLATE($B221,""en"",""gom""),$B221)","=IFERROR(GOOGLETRANSLATE($B221,""en"",""gu""),$B221)","=IFERROR(GOOGLETRANSLATE($B221,""en"",""mr""),$B221)","=IFERROR(GOOGLETRANSLATE($B221,""en"",""mni-Mtei""),$B221)","=IFERROR(GOOGLETRANSLATE($B221,""en"",""lus""),$B221)","=IFERROR(GOOGLETRANSLATE($B221,""en"",""or""),$B221)","=IFERROR(GOOGLETRANSLATE($B221,""en"",""pa""),$B221)","=IFERROR(GOOGLETRANSLATE($B221,""en"",""ne""),$B221)","=IFERROR(GOOGLETRANSLATE($B221,""en"",""bn""),$B221)","=IFERROR(GOOGLETRANSLATE($B221,""en"",""ks""),$B221)",=$B221
ui_0221,Image size must be 500KB or less,"=IFERROR(GOOGLETRANSLATE($B222,""en"",""as""),$B222)","=IFERROR(GOOGLETRANSLATE($B222,""en"",""gom""),$B222)","=IFERROR(GOOGLETRANSLATE($B222,""en"",""gu""),$B222)","=IFERROR(GOOGLETRANSLATE($B222,""en"",""mr""),$B222)","=IFERROR(GOOGLETRANSLATE($B222,""en"",""mni-Mtei""),$B222)","=IFERROR(GOOGLETRANSLATE($B222,""en"",""lus""),$B222)","=IFERROR(GOOGLETRANSLATE($B222,""en"",""or""),$B222)","=IFERROR(GOOGLETRANSLATE($B222,""en"",""pa""),$B222)","=IFERROR(GOOGLETRANSLATE($B222,""en"",""ne""),$B222)","=IFERROR(GOOGLETRANSLATE($B222,""en"",""bn""),$B222)","=IFERROR(GOOGLETRANSLATE($B222,""en"",""ks""),$B222)",=$B222
ui_0222,Inches,"=IFERROR(GOOGLETRANSLATE($B223,""en"",""as""),$B223)","=IFERROR(GOOGLETRANSLATE($B223,""en"",""gom""),$B223)","=IFERROR(GOOGLETRANSLATE($B223,""en"",""gu""),$B223)","=IFERROR(GOOGLETRANSLATE($B223,""en"",""mr""),$B223)","=IFERROR(GOOGLETRANSLATE($B223,""en"",""mni-Mtei""),$B223)","=IFERROR(GOOGLETRANSLATE($B223,""en"",""lus""),$B223)","=IFERROR(GOOGLETRANSLATE($B223,""en"",""or""),$B223)","=IFERROR(GOOGLETRANSLATE($B223,""en"",""pa""),$B223)","=IFERROR(GOOGLETRANSLATE($B223,""en"",""ne""),$B223)","=IFERROR(GOOGLETRANSLATE($B223,""en"",""bn""),$B223)","=IFERROR(GOOGLETRANSLATE($B223,""en"",""ks""),$B223)",=$B223
ui_0223,Includes poster/stage background,"=IFERROR(GOOGLETRANSLATE($B224,""en"",""as""),$B224)","=IFERROR(GOOGLETRANSLATE($B224,""en"",""gom""),$B224)","=IFERROR(GOOGLETRANSLATE($B224,""en"",""gu""),$B224)","=IFERROR(GOOGLETRANSLATE($B224,""en"",""mr""),$B224)","=IFERROR(GOOGLETRANSLATE($B224,""en"",""mni-Mtei""),$B224)","=IFERROR(GOOGLETRANSLATE($B224,""en"",""lus""),$B224)","=IFERROR(GOOGLETRANSLATE($B224,""en"",""or""),$B224)","=IFERROR(GOOGLETRANSLATE($B224,""en"",""pa""),$B224)","=IFERROR(GOOGLETRANSLATE($B224,""en"",""ne""),$B224)","=IFERROR(GOOGLETRANSLATE($B224,""en"",""bn""),$B224)","=IFERROR(GOOGLETRANSLATE($B224,""en"",""ks""),$B224)",=$B224
ui_0224,Incorrect email or password.,"=IFERROR(GOOGLETRANSLATE($B225,""en"",""as""),$B225)","=IFERROR(GOOGLETRANSLATE($B225,""en"",""gom""),$B225)","=IFERROR(GOOGLETRANSLATE($B225,""en"",""gu""),$B225)","=IFERROR(GOOGLETRANSLATE($B225,""en"",""mr""),$B225)","=IFERROR(GOOGLETRANSLATE($B225,""en"",""mni-Mtei""),$B225)","=IFERROR(GOOGLETRANSLATE($B225,""en"",""lus""),$B225)","=IFERROR(GOOGLETRANSLATE($B225,""en"",""or""),$B225)","=IFERROR(GOOGLETRANSLATE($B225,""en"",""pa""),$B225)","=IFERROR(GOOGLETRANSLATE($B225,""en"",""ne""),$B225)","=IFERROR(GOOGLETRANSLATE($B225,""en"",""bn""),$B225)","=IFERROR(GOOGLETRANSLATE($B225,""en"",""ks""),$B225)",=$B225
ui_0225,"It can also be used in English, Hindi, Tamil, Kannada, and Malayalam.","=IFERROR(GOOGLETRANSLATE($B226,""en"",""as""),$B226)","=IFERROR(GOOGLETRANSLATE($B226,""en"",""gom""),$B226)","=IFERROR(GOOGLETRANSLATE($B226,""en"",""gu""),$B226)","=IFERROR(GOOGLETRANSLATE($B226,""en"",""mr""),$B226)","=IFERROR(GOOGLETRANSLATE($B226,""en"",""mni-Mtei""),$B226)","=IFERROR(GOOGLETRANSLATE($B226,""en"",""lus""),$B226)","=IFERROR(GOOGLETRANSLATE($B226,""en"",""or""),$B226)","=IFERROR(GOOGLETRANSLATE($B226,""en"",""pa""),$B226)","=IFERROR(GOOGLETRANSLATE($B226,""en"",""ne""),$B226)","=IFERROR(GOOGLETRANSLATE($B226,""en"",""bn""),$B226)","=IFERROR(GOOGLETRANSLATE($B226,""en"",""ks""),$B226)",=$B226
ui_0226,JPG,"=IFERROR(GOOGLETRANSLATE($B227,""en"",""as""),$B227)","=IFERROR(GOOGLETRANSLATE($B227,""en"",""gom""),$B227)","=IFERROR(GOOGLETRANSLATE($B227,""en"",""gu""),$B227)","=IFERROR(GOOGLETRANSLATE($B227,""en"",""mr""),$B227)","=IFERROR(GOOGLETRANSLATE($B227,""en"",""mni-Mtei""),$B227)","=IFERROR(GOOGLETRANSLATE($B227,""en"",""lus""),$B227)","=IFERROR(GOOGLETRANSLATE($B227,""en"",""or""),$B227)","=IFERROR(GOOGLETRANSLATE($B227,""en"",""pa""),$B227)","=IFERROR(GOOGLETRANSLATE($B227,""en"",""ne""),$B227)","=IFERROR(GOOGLETRANSLATE($B227,""en"",""bn""),$B227)","=IFERROR(GOOGLETRANSLATE($B227,""en"",""ks""),$B227)",=$B227
ui_0227,Language,"=IFERROR(GOOGLETRANSLATE($B228,""en"",""as""),$B228)","=IFERROR(GOOGLETRANSLATE($B228,""en"",""gom""),$B228)","=IFERROR(GOOGLETRANSLATE($B228,""en"",""gu""),$B228)","=IFERROR(GOOGLETRANSLATE($B228,""en"",""mr""),$B228)","=IFERROR(GOOGLETRANSLATE($B228,""en"",""mni-Mtei""),$B228)","=IFERROR(GOOGLETRANSLATE($B228,""en"",""lus""),$B228)","=IFERROR(GOOGLETRANSLATE($B228,""en"",""or""),$B228)","=IFERROR(GOOGLETRANSLATE($B228,""en"",""pa""),$B228)","=IFERROR(GOOGLETRANSLATE($B228,""en"",""ne""),$B228)","=IFERROR(GOOGLETRANSLATE($B228,""en"",""bn""),$B228)","=IFERROR(GOOGLETRANSLATE($B228,""en"",""ks""),$B228)",=$B228
ui_0228,Language Settings,"=IFERROR(GOOGLETRANSLATE($B229,""en"",""as""),$B229)","=IFERROR(GOOGLETRANSLATE($B229,""en"",""gom""),$B229)","=IFERROR(GOOGLETRANSLATE($B229,""en"",""gu""),$B229)","=IFERROR(GOOGLETRANSLATE($B229,""en"",""mr""),$B229)","=IFERROR(GOOGLETRANSLATE($B229,""en"",""mni-Mtei""),$B229)","=IFERROR(GOOGLETRANSLATE($B229,""en"",""lus""),$B229)","=IFERROR(GOOGLETRANSLATE($B229,""en"",""or""),$B229)","=IFERROR(GOOGLETRANSLATE($B229,""en"",""pa""),$B229)","=IFERROR(GOOGLETRANSLATE($B229,""en"",""ne""),$B229)","=IFERROR(GOOGLETRANSLATE($B229,""en"",""bn""),$B229)","=IFERROR(GOOGLETRANSLATE($B229,""en"",""ks""),$B229)",=$B229
ui_0229,"Last updated: June 15, 2026","=IFERROR(GOOGLETRANSLATE($B230,""en"",""as""),$B230)","=IFERROR(GOOGLETRANSLATE($B230,""en"",""gom""),$B230)","=IFERROR(GOOGLETRANSLATE($B230,""en"",""gu""),$B230)","=IFERROR(GOOGLETRANSLATE($B230,""en"",""mr""),$B230)","=IFERROR(GOOGLETRANSLATE($B230,""en"",""mni-Mtei""),$B230)","=IFERROR(GOOGLETRANSLATE($B230,""en"",""lus""),$B230)","=IFERROR(GOOGLETRANSLATE($B230,""en"",""or""),$B230)","=IFERROR(GOOGLETRANSLATE($B230,""en"",""pa""),$B230)","=IFERROR(GOOGLETRANSLATE($B230,""en"",""ne""),$B230)","=IFERROR(GOOGLETRANSLATE($B230,""en"",""bn""),$B230)","=IFERROR(GOOGLETRANSLATE($B230,""en"",""ks""),$B230)",=$B230
ui_0230,Later,"=IFERROR(GOOGLETRANSLATE($B231,""en"",""as""),$B231)","=IFERROR(GOOGLETRANSLATE($B231,""en"",""gom""),$B231)","=IFERROR(GOOGLETRANSLATE($B231,""en"",""gu""),$B231)","=IFERROR(GOOGLETRANSLATE($B231,""en"",""mr""),$B231)","=IFERROR(GOOGLETRANSLATE($B231,""en"",""mni-Mtei""),$B231)","=IFERROR(GOOGLETRANSLATE($B231,""en"",""lus""),$B231)","=IFERROR(GOOGLETRANSLATE($B231,""en"",""or""),$B231)","=IFERROR(GOOGLETRANSLATE($B231,""en"",""pa""),$B231)","=IFERROR(GOOGLETRANSLATE($B231,""en"",""ne""),$B231)","=IFERROR(GOOGLETRANSLATE($B231,""en"",""bn""),$B231)","=IFERROR(GOOGLETRANSLATE($B231,""en"",""ks""),$B231)",=$B231
ui_0231,Layers,"=IFERROR(GOOGLETRANSLATE($B232,""en"",""as""),$B232)","=IFERROR(GOOGLETRANSLATE($B232,""en"",""gom""),$B232)","=IFERROR(GOOGLETRANSLATE($B232,""en"",""gu""),$B232)","=IFERROR(GOOGLETRANSLATE($B232,""en"",""mr""),$B232)","=IFERROR(GOOGLETRANSLATE($B232,""en"",""mni-Mtei""),$B232)","=IFERROR(GOOGLETRANSLATE($B232,""en"",""lus""),$B232)","=IFERROR(GOOGLETRANSLATE($B232,""en"",""or""),$B232)","=IFERROR(GOOGLETRANSLATE($B232,""en"",""pa""),$B232)","=IFERROR(GOOGLETRANSLATE($B232,""en"",""ne""),$B232)","=IFERROR(GOOGLETRANSLATE($B232,""en"",""bn""),$B232)","=IFERROR(GOOGLETRANSLATE($B232,""en"",""ks""),$B232)",=$B232
ui_0232,Left,"=IFERROR(GOOGLETRANSLATE($B233,""en"",""as""),$B233)","=IFERROR(GOOGLETRANSLATE($B233,""en"",""gom""),$B233)","=IFERROR(GOOGLETRANSLATE($B233,""en"",""gu""),$B233)","=IFERROR(GOOGLETRANSLATE($B233,""en"",""mr""),$B233)","=IFERROR(GOOGLETRANSLATE($B233,""en"",""mni-Mtei""),$B233)","=IFERROR(GOOGLETRANSLATE($B233,""en"",""lus""),$B233)","=IFERROR(GOOGLETRANSLATE($B233,""en"",""or""),$B233)","=IFERROR(GOOGLETRANSLATE($B233,""en"",""pa""),$B233)","=IFERROR(GOOGLETRANSLATE($B233,""en"",""ne""),$B233)","=IFERROR(GOOGLETRANSLATE($B233,""en"",""bn""),$B233)","=IFERROR(GOOGLETRANSLATE($B233,""en"",""ks""),$B233)",=$B233
ui_0233,Letter Spacing,"=IFERROR(GOOGLETRANSLATE($B234,""en"",""as""),$B234)","=IFERROR(GOOGLETRANSLATE($B234,""en"",""gom""),$B234)","=IFERROR(GOOGLETRANSLATE($B234,""en"",""gu""),$B234)","=IFERROR(GOOGLETRANSLATE($B234,""en"",""mr""),$B234)","=IFERROR(GOOGLETRANSLATE($B234,""en"",""mni-Mtei""),$B234)","=IFERROR(GOOGLETRANSLATE($B234,""en"",""lus""),$B234)","=IFERROR(GOOGLETRANSLATE($B234,""en"",""or""),$B234)","=IFERROR(GOOGLETRANSLATE($B234,""en"",""pa""),$B234)","=IFERROR(GOOGLETRANSLATE($B234,""en"",""ne""),$B234)","=IFERROR(GOOGLETRANSLATE($B234,""en"",""bn""),$B234)","=IFERROR(GOOGLETRANSLATE($B234,""en"",""ks""),$B234)",=$B234
ui_0234,Line Spacing,"=IFERROR(GOOGLETRANSLATE($B235,""en"",""as""),$B235)","=IFERROR(GOOGLETRANSLATE($B235,""en"",""gom""),$B235)","=IFERROR(GOOGLETRANSLATE($B235,""en"",""gu""),$B235)","=IFERROR(GOOGLETRANSLATE($B235,""en"",""mr""),$B235)","=IFERROR(GOOGLETRANSLATE($B235,""en"",""mni-Mtei""),$B235)","=IFERROR(GOOGLETRANSLATE($B235,""en"",""lus""),$B235)","=IFERROR(GOOGLETRANSLATE($B235,""en"",""or""),$B235)","=IFERROR(GOOGLETRANSLATE($B235,""en"",""pa""),$B235)","=IFERROR(GOOGLETRANSLATE($B235,""en"",""ne""),$B235)","=IFERROR(GOOGLETRANSLATE($B235,""en"",""bn""),$B235)","=IFERROR(GOOGLETRANSLATE($B235,""en"",""ks""),$B235)",=$B235
ui_0235,Location,"=IFERROR(GOOGLETRANSLATE($B236,""en"",""as""),$B236)","=IFERROR(GOOGLETRANSLATE($B236,""en"",""gom""),$B236)","=IFERROR(GOOGLETRANSLATE($B236,""en"",""gu""),$B236)","=IFERROR(GOOGLETRANSLATE($B236,""en"",""mr""),$B236)","=IFERROR(GOOGLETRANSLATE($B236,""en"",""mni-Mtei""),$B236)","=IFERROR(GOOGLETRANSLATE($B236,""en"",""lus""),$B236)","=IFERROR(GOOGLETRANSLATE($B236,""en"",""or""),$B236)","=IFERROR(GOOGLETRANSLATE($B236,""en"",""pa""),$B236)","=IFERROR(GOOGLETRANSLATE($B236,""en"",""ne""),$B236)","=IFERROR(GOOGLETRANSLATE($B236,""en"",""bn""),$B236)","=IFERROR(GOOGLETRANSLATE($B236,""en"",""ks""),$B236)",=$B236
ui_0236,Location access granted.,"=IFERROR(GOOGLETRANSLATE($B237,""en"",""as""),$B237)","=IFERROR(GOOGLETRANSLATE($B237,""en"",""gom""),$B237)","=IFERROR(GOOGLETRANSLATE($B237,""en"",""gu""),$B237)","=IFERROR(GOOGLETRANSLATE($B237,""en"",""mr""),$B237)","=IFERROR(GOOGLETRANSLATE($B237,""en"",""mni-Mtei""),$B237)","=IFERROR(GOOGLETRANSLATE($B237,""en"",""lus""),$B237)","=IFERROR(GOOGLETRANSLATE($B237,""en"",""or""),$B237)","=IFERROR(GOOGLETRANSLATE($B237,""en"",""pa""),$B237)","=IFERROR(GOOGLETRANSLATE($B237,""en"",""ne""),$B237)","=IFERROR(GOOGLETRANSLATE($B237,""en"",""bn""),$B237)","=IFERROR(GOOGLETRANSLATE($B237,""en"",""ks""),$B237)",=$B237
ui_0237,Location access is off.,"=IFERROR(GOOGLETRANSLATE($B238,""en"",""as""),$B238)","=IFERROR(GOOGLETRANSLATE($B238,""en"",""gom""),$B238)","=IFERROR(GOOGLETRANSLATE($B238,""en"",""gu""),$B238)","=IFERROR(GOOGLETRANSLATE($B238,""en"",""mr""),$B238)","=IFERROR(GOOGLETRANSLATE($B238,""en"",""mni-Mtei""),$B238)","=IFERROR(GOOGLETRANSLATE($B238,""en"",""lus""),$B238)","=IFERROR(GOOGLETRANSLATE($B238,""en"",""or""),$B238)","=IFERROR(GOOGLETRANSLATE($B238,""en"",""pa""),$B238)","=IFERROR(GOOGLETRANSLATE($B238,""en"",""ne""),$B238)","=IFERROR(GOOGLETRANSLATE($B238,""en"",""bn""),$B238)","=IFERROR(GOOGLETRANSLATE($B238,""en"",""ks""),$B238)",=$B238
ui_0238,Login,"=IFERROR(GOOGLETRANSLATE($B239,""en"",""as""),$B239)","=IFERROR(GOOGLETRANSLATE($B239,""en"",""gom""),$B239)","=IFERROR(GOOGLETRANSLATE($B239,""en"",""gu""),$B239)","=IFERROR(GOOGLETRANSLATE($B239,""en"",""mr""),$B239)","=IFERROR(GOOGLETRANSLATE($B239,""en"",""mni-Mtei""),$B239)","=IFERROR(GOOGLETRANSLATE($B239,""en"",""lus""),$B239)","=IFERROR(GOOGLETRANSLATE($B239,""en"",""or""),$B239)","=IFERROR(GOOGLETRANSLATE($B239,""en"",""pa""),$B239)","=IFERROR(GOOGLETRANSLATE($B239,""en"",""ne""),$B239)","=IFERROR(GOOGLETRANSLATE($B239,""en"",""bn""),$B239)","=IFERROR(GOOGLETRANSLATE($B239,""en"",""ks""),$B239)",=$B239
ui_0239,Login required,"=IFERROR(GOOGLETRANSLATE($B240,""en"",""as""),$B240)","=IFERROR(GOOGLETRANSLATE($B240,""en"",""gom""),$B240)","=IFERROR(GOOGLETRANSLATE($B240,""en"",""gu""),$B240)","=IFERROR(GOOGLETRANSLATE($B240,""en"",""mr""),$B240)","=IFERROR(GOOGLETRANSLATE($B240,""en"",""mni-Mtei""),$B240)","=IFERROR(GOOGLETRANSLATE($B240,""en"",""lus""),$B240)","=IFERROR(GOOGLETRANSLATE($B240,""en"",""or""),$B240)","=IFERROR(GOOGLETRANSLATE($B240,""en"",""pa""),$B240)","=IFERROR(GOOGLETRANSLATE($B240,""en"",""ne""),$B240)","=IFERROR(GOOGLETRANSLATE($B240,""en"",""bn""),$B240)","=IFERROR(GOOGLETRANSLATE($B240,""en"",""ks""),$B240)",=$B240
ui_0240,Login with Email,"=IFERROR(GOOGLETRANSLATE($B241,""en"",""as""),$B241)","=IFERROR(GOOGLETRANSLATE($B241,""en"",""gom""),$B241)","=IFERROR(GOOGLETRANSLATE($B241,""en"",""gu""),$B241)","=IFERROR(GOOGLETRANSLATE($B241,""en"",""mr""),$B241)","=IFERROR(GOOGLETRANSLATE($B241,""en"",""mni-Mtei""),$B241)","=IFERROR(GOOGLETRANSLATE($B241,""en"",""lus""),$B241)","=IFERROR(GOOGLETRANSLATE($B241,""en"",""or""),$B241)","=IFERROR(GOOGLETRANSLATE($B241,""en"",""pa""),$B241)","=IFERROR(GOOGLETRANSLATE($B241,""en"",""ne""),$B241)","=IFERROR(GOOGLETRANSLATE($B241,""en"",""bn""),$B241)","=IFERROR(GOOGLETRANSLATE($B241,""en"",""ks""),$B241)",=$B241
ui_0241,Login with Google or Email and start your poster journey.,"=IFERROR(GOOGLETRANSLATE($B242,""en"",""as""),$B242)","=IFERROR(GOOGLETRANSLATE($B242,""en"",""gom""),$B242)","=IFERROR(GOOGLETRANSLATE($B242,""en"",""gu""),$B242)","=IFERROR(GOOGLETRANSLATE($B242,""en"",""mr""),$B242)","=IFERROR(GOOGLETRANSLATE($B242,""en"",""mni-Mtei""),$B242)","=IFERROR(GOOGLETRANSLATE($B242,""en"",""lus""),$B242)","=IFERROR(GOOGLETRANSLATE($B242,""en"",""or""),$B242)","=IFERROR(GOOGLETRANSLATE($B242,""en"",""pa""),$B242)","=IFERROR(GOOGLETRANSLATE($B242,""en"",""ne""),$B242)","=IFERROR(GOOGLETRANSLATE($B242,""en"",""bn""),$B242)","=IFERROR(GOOGLETRANSLATE($B242,""en"",""ks""),$B242)",=$B242
ui_0242,Logo Style,"=IFERROR(GOOGLETRANSLATE($B243,""en"",""as""),$B243)","=IFERROR(GOOGLETRANSLATE($B243,""en"",""gom""),$B243)","=IFERROR(GOOGLETRANSLATE($B243,""en"",""gu""),$B243)","=IFERROR(GOOGLETRANSLATE($B243,""en"",""mr""),$B243)","=IFERROR(GOOGLETRANSLATE($B243,""en"",""mni-Mtei""),$B243)","=IFERROR(GOOGLETRANSLATE($B243,""en"",""lus""),$B243)","=IFERROR(GOOGLETRANSLATE($B243,""en"",""or""),$B243)","=IFERROR(GOOGLETRANSLATE($B243,""en"",""pa""),$B243)","=IFERROR(GOOGLETRANSLATE($B243,""en"",""ne""),$B243)","=IFERROR(GOOGLETRANSLATE($B243,""en"",""bn""),$B243)","=IFERROR(GOOGLETRANSLATE($B243,""en"",""ks""),$B243)",=$B243
ui_0243,Logout,"=IFERROR(GOOGLETRANSLATE($B244,""en"",""as""),$B244)","=IFERROR(GOOGLETRANSLATE($B244,""en"",""gom""),$B244)","=IFERROR(GOOGLETRANSLATE($B244,""en"",""gu""),$B244)","=IFERROR(GOOGLETRANSLATE($B244,""en"",""mr""),$B244)","=IFERROR(GOOGLETRANSLATE($B244,""en"",""mni-Mtei""),$B244)","=IFERROR(GOOGLETRANSLATE($B244,""en"",""lus""),$B244)","=IFERROR(GOOGLETRANSLATE($B244,""en"",""or""),$B244)","=IFERROR(GOOGLETRANSLATE($B244,""en"",""pa""),$B244)","=IFERROR(GOOGLETRANSLATE($B244,""en"",""ne""),$B244)","=IFERROR(GOOGLETRANSLATE($B244,""en"",""bn""),$B244)","=IFERROR(GOOGLETRANSLATE($B244,""en"",""ks""),$B244)",=$B244
ui_0244,Magic,"=IFERROR(GOOGLETRANSLATE($B245,""en"",""as""),$B245)","=IFERROR(GOOGLETRANSLATE($B245,""en"",""gom""),$B245)","=IFERROR(GOOGLETRANSLATE($B245,""en"",""gu""),$B245)","=IFERROR(GOOGLETRANSLATE($B245,""en"",""mr""),$B245)","=IFERROR(GOOGLETRANSLATE($B245,""en"",""mni-Mtei""),$B245)","=IFERROR(GOOGLETRANSLATE($B245,""en"",""lus""),$B245)","=IFERROR(GOOGLETRANSLATE($B245,""en"",""or""),$B245)","=IFERROR(GOOGLETRANSLATE($B245,""en"",""pa""),$B245)","=IFERROR(GOOGLETRANSLATE($B245,""en"",""ne""),$B245)","=IFERROR(GOOGLETRANSLATE($B245,""en"",""bn""),$B245)","=IFERROR(GOOGLETRANSLATE($B245,""en"",""ks""),$B245)",=$B245
ui_0245,Magic wand,"=IFERROR(GOOGLETRANSLATE($B246,""en"",""as""),$B246)","=IFERROR(GOOGLETRANSLATE($B246,""en"",""gom""),$B246)","=IFERROR(GOOGLETRANSLATE($B246,""en"",""gu""),$B246)","=IFERROR(GOOGLETRANSLATE($B246,""en"",""mr""),$B246)","=IFERROR(GOOGLETRANSLATE($B246,""en"",""mni-Mtei""),$B246)","=IFERROR(GOOGLETRANSLATE($B246,""en"",""lus""),$B246)","=IFERROR(GOOGLETRANSLATE($B246,""en"",""or""),$B246)","=IFERROR(GOOGLETRANSLATE($B246,""en"",""pa""),$B246)","=IFERROR(GOOGLETRANSLATE($B246,""en"",""ne""),$B246)","=IFERROR(GOOGLETRANSLATE($B246,""en"",""bn""),$B246)","=IFERROR(GOOGLETRANSLATE($B246,""en"",""ks""),$B246)",=$B246
ui_0246,Main features,"=IFERROR(GOOGLETRANSLATE($B247,""en"",""as""),$B247)","=IFERROR(GOOGLETRANSLATE($B247,""en"",""gom""),$B247)","=IFERROR(GOOGLETRANSLATE($B247,""en"",""gu""),$B247)","=IFERROR(GOOGLETRANSLATE($B247,""en"",""mr""),$B247)","=IFERROR(GOOGLETRANSLATE($B247,""en"",""mni-Mtei""),$B247)","=IFERROR(GOOGLETRANSLATE($B247,""en"",""lus""),$B247)","=IFERROR(GOOGLETRANSLATE($B247,""en"",""or""),$B247)","=IFERROR(GOOGLETRANSLATE($B247,""en"",""pa""),$B247)","=IFERROR(GOOGLETRANSLATE($B247,""en"",""ne""),$B247)","=IFERROR(GOOGLETRANSLATE($B247,""en"",""bn""),$B247)","=IFERROR(GOOGLETRANSLATE($B247,""en"",""ks""),$B247)",=$B247
ui_0247,Mana Business,"=IFERROR(GOOGLETRANSLATE($B248,""en"",""as""),$B248)","=IFERROR(GOOGLETRANSLATE($B248,""en"",""gom""),$B248)","=IFERROR(GOOGLETRANSLATE($B248,""en"",""gu""),$B248)","=IFERROR(GOOGLETRANSLATE($B248,""en"",""mr""),$B248)","=IFERROR(GOOGLETRANSLATE($B248,""en"",""mni-Mtei""),$B248)","=IFERROR(GOOGLETRANSLATE($B248,""en"",""lus""),$B248)","=IFERROR(GOOGLETRANSLATE($B248,""en"",""or""),$B248)","=IFERROR(GOOGLETRANSLATE($B248,""en"",""pa""),$B248)","=IFERROR(GOOGLETRANSLATE($B248,""en"",""ne""),$B248)","=IFERROR(GOOGLETRANSLATE($B248,""en"",""bn""),$B248)","=IFERROR(GOOGLETRANSLATE($B248,""en"",""ks""),$B248)",=$B248
ui_0248,Mana Poster Ai Featured Banner,"=IFERROR(GOOGLETRANSLATE($B249,""en"",""as""),$B249)","=IFERROR(GOOGLETRANSLATE($B249,""en"",""gom""),$B249)","=IFERROR(GOOGLETRANSLATE($B249,""en"",""gu""),$B249)","=IFERROR(GOOGLETRANSLATE($B249,""en"",""mr""),$B249)","=IFERROR(GOOGLETRANSLATE($B249,""en"",""mni-Mtei""),$B249)","=IFERROR(GOOGLETRANSLATE($B249,""en"",""lus""),$B249)","=IFERROR(GOOGLETRANSLATE($B249,""en"",""or""),$B249)","=IFERROR(GOOGLETRANSLATE($B249,""en"",""pa""),$B249)","=IFERROR(GOOGLETRANSLATE($B249,""en"",""ne""),$B249)","=IFERROR(GOOGLETRANSLATE($B249,""en"",""bn""),$B249)","=IFERROR(GOOGLETRANSLATE($B249,""en"",""ks""),$B249)",=$B249
ui_0249,"Mana Poster Ai helps users quickly choose, personalize, and share greeting posters, festival designs, business promotions, devotional content, and other occasion-based posters. The app is built around a simple mobile workflow for browsing, editing, and sharing in one place.","=IFERROR(GOOGLETRANSLATE($B250,""en"",""as""),$B250)","=IFERROR(GOOGLETRANSLATE($B250,""en"",""gom""),$B250)","=IFERROR(GOOGLETRANSLATE($B250,""en"",""gu""),$B250)","=IFERROR(GOOGLETRANSLATE($B250,""en"",""mr""),$B250)","=IFERROR(GOOGLETRANSLATE($B250,""en"",""mni-Mtei""),$B250)","=IFERROR(GOOGLETRANSLATE($B250,""en"",""lus""),$B250)","=IFERROR(GOOGLETRANSLATE($B250,""en"",""or""),$B250)","=IFERROR(GOOGLETRANSLATE($B250,""en"",""pa""),$B250)","=IFERROR(GOOGLETRANSLATE($B250,""en"",""ne""),$B250)","=IFERROR(GOOGLETRANSLATE($B250,""en"",""bn""),$B250)","=IFERROR(GOOGLETRANSLATE($B250,""en"",""ks""),$B250)",=$B250
ui_0250,"Mana Poster Ai is intended for personal, business, and promotional poster creation. You must use the app lawfully and responsibly.","=IFERROR(GOOGLETRANSLATE($B251,""en"",""as""),$B251)","=IFERROR(GOOGLETRANSLATE($B251,""en"",""gom""),$B251)","=IFERROR(GOOGLETRANSLATE($B251,""en"",""gu""),$B251)","=IFERROR(GOOGLETRANSLATE($B251,""en"",""mr""),$B251)","=IFERROR(GOOGLETRANSLATE($B251,""en"",""mni-Mtei""),$B251)","=IFERROR(GOOGLETRANSLATE($B251,""en"",""lus""),$B251)","=IFERROR(GOOGLETRANSLATE($B251,""en"",""or""),$B251)","=IFERROR(GOOGLETRANSLATE($B251,""en"",""pa""),$B251)","=IFERROR(GOOGLETRANSLATE($B251,""en"",""ne""),$B251)","=IFERROR(GOOGLETRANSLATE($B251,""en"",""bn""),$B251)","=IFERROR(GOOGLETRANSLATE($B251,""en"",""ks""),$B251)",=$B251
ui_0251,Manage current plan and upgrades,"=IFERROR(GOOGLETRANSLATE($B252,""en"",""as""),$B252)","=IFERROR(GOOGLETRANSLATE($B252,""en"",""gom""),$B252)","=IFERROR(GOOGLETRANSLATE($B252,""en"",""gu""),$B252)","=IFERROR(GOOGLETRANSLATE($B252,""en"",""mr""),$B252)","=IFERROR(GOOGLETRANSLATE($B252,""en"",""mni-Mtei""),$B252)","=IFERROR(GOOGLETRANSLATE($B252,""en"",""lus""),$B252)","=IFERROR(GOOGLETRANSLATE($B252,""en"",""or""),$B252)","=IFERROR(GOOGLETRANSLATE($B252,""en"",""pa""),$B252)","=IFERROR(GOOGLETRANSLATE($B252,""en"",""ne""),$B252)","=IFERROR(GOOGLETRANSLATE($B252,""en"",""bn""),$B252)","=IFERROR(GOOGLETRANSLATE($B252,""en"",""ks""),$B252)",=$B252
ui_0252,Minimum 6 characters required,"=IFERROR(GOOGLETRANSLATE($B253,""en"",""as""),$B253)","=IFERROR(GOOGLETRANSLATE($B253,""en"",""gom""),$B253)","=IFERROR(GOOGLETRANSLATE($B253,""en"",""gu""),$B253)","=IFERROR(GOOGLETRANSLATE($B253,""en"",""mr""),$B253)","=IFERROR(GOOGLETRANSLATE($B253,""en"",""mni-Mtei""),$B253)","=IFERROR(GOOGLETRANSLATE($B253,""en"",""lus""),$B253)","=IFERROR(GOOGLETRANSLATE($B253,""en"",""or""),$B253)","=IFERROR(GOOGLETRANSLATE($B253,""en"",""pa""),$B253)","=IFERROR(GOOGLETRANSLATE($B253,""en"",""ne""),$B253)","=IFERROR(GOOGLETRANSLATE($B253,""en"",""bn""),$B253)","=IFERROR(GOOGLETRANSLATE($B253,""en"",""ks""),$B253)",=$B253
ui_0253,Misinformation or deceptive political content,"=IFERROR(GOOGLETRANSLATE($B254,""en"",""as""),$B254)","=IFERROR(GOOGLETRANSLATE($B254,""en"",""gom""),$B254)","=IFERROR(GOOGLETRANSLATE($B254,""en"",""gu""),$B254)","=IFERROR(GOOGLETRANSLATE($B254,""en"",""mr""),$B254)","=IFERROR(GOOGLETRANSLATE($B254,""en"",""mni-Mtei""),$B254)","=IFERROR(GOOGLETRANSLATE($B254,""en"",""lus""),$B254)","=IFERROR(GOOGLETRANSLATE($B254,""en"",""or""),$B254)","=IFERROR(GOOGLETRANSLATE($B254,""en"",""pa""),$B254)","=IFERROR(GOOGLETRANSLATE($B254,""en"",""ne""),$B254)","=IFERROR(GOOGLETRANSLATE($B254,""en"",""bn""),$B254)","=IFERROR(GOOGLETRANSLATE($B254,""en"",""ks""),$B254)",=$B254
ui_0254,Monthly,"=IFERROR(GOOGLETRANSLATE($B255,""en"",""as""),$B255)","=IFERROR(GOOGLETRANSLATE($B255,""en"",""gom""),$B255)","=IFERROR(GOOGLETRANSLATE($B255,""en"",""gu""),$B255)","=IFERROR(GOOGLETRANSLATE($B255,""en"",""mr""),$B255)","=IFERROR(GOOGLETRANSLATE($B255,""en"",""mni-Mtei""),$B255)","=IFERROR(GOOGLETRANSLATE($B255,""en"",""lus""),$B255)","=IFERROR(GOOGLETRANSLATE($B255,""en"",""or""),$B255)","=IFERROR(GOOGLETRANSLATE($B255,""en"",""pa""),$B255)","=IFERROR(GOOGLETRANSLATE($B255,""en"",""ne""),$B255)","=IFERROR(GOOGLETRANSLATE($B255,""en"",""bn""),$B255)","=IFERROR(GOOGLETRANSLATE($B255,""en"",""ks""),$B255)",=$B255
ui_0255,Monthly plan,"=IFERROR(GOOGLETRANSLATE($B256,""en"",""as""),$B256)","=IFERROR(GOOGLETRANSLATE($B256,""en"",""gom""),$B256)","=IFERROR(GOOGLETRANSLATE($B256,""en"",""gu""),$B256)","=IFERROR(GOOGLETRANSLATE($B256,""en"",""mr""),$B256)","=IFERROR(GOOGLETRANSLATE($B256,""en"",""mni-Mtei""),$B256)","=IFERROR(GOOGLETRANSLATE($B256,""en"",""lus""),$B256)","=IFERROR(GOOGLETRANSLATE($B256,""en"",""or""),$B256)","=IFERROR(GOOGLETRANSLATE($B256,""en"",""pa""),$B256)","=IFERROR(GOOGLETRANSLATE($B256,""en"",""ne""),$B256)","=IFERROR(GOOGLETRANSLATE($B256,""en"",""bn""),$B256)","=IFERROR(GOOGLETRANSLATE($B256,""en"",""ks""),$B256)",=$B256
ui_0256,More,"=IFERROR(GOOGLETRANSLATE($B257,""en"",""as""),$B257)","=IFERROR(GOOGLETRANSLATE($B257,""en"",""gom""),$B257)","=IFERROR(GOOGLETRANSLATE($B257,""en"",""gu""),$B257)","=IFERROR(GOOGLETRANSLATE($B257,""en"",""mr""),$B257)","=IFERROR(GOOGLETRANSLATE($B257,""en"",""mni-Mtei""),$B257)","=IFERROR(GOOGLETRANSLATE($B257,""en"",""lus""),$B257)","=IFERROR(GOOGLETRANSLATE($B257,""en"",""or""),$B257)","=IFERROR(GOOGLETRANSLATE($B257,""en"",""pa""),$B257)","=IFERROR(GOOGLETRANSLATE($B257,""en"",""ne""),$B257)","=IFERROR(GOOGLETRANSLATE($B257,""en"",""bn""),$B257)","=IFERROR(GOOGLETRANSLATE($B257,""en"",""ks""),$B257)",=$B257
ui_0257,Mother's Day,"=IFERROR(GOOGLETRANSLATE($B258,""en"",""as""),$B258)","=IFERROR(GOOGLETRANSLATE($B258,""en"",""gom""),$B258)","=IFERROR(GOOGLETRANSLATE($B258,""en"",""gu""),$B258)","=IFERROR(GOOGLETRANSLATE($B258,""en"",""mr""),$B258)","=IFERROR(GOOGLETRANSLATE($B258,""en"",""mni-Mtei""),$B258)","=IFERROR(GOOGLETRANSLATE($B258,""en"",""lus""),$B258)","=IFERROR(GOOGLETRANSLATE($B258,""en"",""or""),$B258)","=IFERROR(GOOGLETRANSLATE($B258,""en"",""pa""),$B258)","=IFERROR(GOOGLETRANSLATE($B258,""en"",""ne""),$B258)","=IFERROR(GOOGLETRANSLATE($B258,""en"",""bn""),$B258)","=IFERROR(GOOGLETRANSLATE($B258,""en"",""ks""),$B258)",=$B258
ui_0258,Move backward,"=IFERROR(GOOGLETRANSLATE($B259,""en"",""as""),$B259)","=IFERROR(GOOGLETRANSLATE($B259,""en"",""gom""),$B259)","=IFERROR(GOOGLETRANSLATE($B259,""en"",""gu""),$B259)","=IFERROR(GOOGLETRANSLATE($B259,""en"",""mr""),$B259)","=IFERROR(GOOGLETRANSLATE($B259,""en"",""mni-Mtei""),$B259)","=IFERROR(GOOGLETRANSLATE($B259,""en"",""lus""),$B259)","=IFERROR(GOOGLETRANSLATE($B259,""en"",""or""),$B259)","=IFERROR(GOOGLETRANSLATE($B259,""en"",""pa""),$B259)","=IFERROR(GOOGLETRANSLATE($B259,""en"",""ne""),$B259)","=IFERROR(GOOGLETRANSLATE($B259,""en"",""bn""),$B259)","=IFERROR(GOOGLETRANSLATE($B259,""en"",""ks""),$B259)",=$B259
ui_0259,Move forward,"=IFERROR(GOOGLETRANSLATE($B260,""en"",""as""),$B260)","=IFERROR(GOOGLETRANSLATE($B260,""en"",""gom""),$B260)","=IFERROR(GOOGLETRANSLATE($B260,""en"",""gu""),$B260)","=IFERROR(GOOGLETRANSLATE($B260,""en"",""mr""),$B260)","=IFERROR(GOOGLETRANSLATE($B260,""en"",""mni-Mtei""),$B260)","=IFERROR(GOOGLETRANSLATE($B260,""en"",""lus""),$B260)","=IFERROR(GOOGLETRANSLATE($B260,""en"",""or""),$B260)","=IFERROR(GOOGLETRANSLATE($B260,""en"",""pa""),$B260)","=IFERROR(GOOGLETRANSLATE($B260,""en"",""ne""),$B260)","=IFERROR(GOOGLETRANSLATE($B260,""en"",""bn""),$B260)","=IFERROR(GOOGLETRANSLATE($B260,""en"",""ks""),$B260)",=$B260
ui_0260,Move to back,"=IFERROR(GOOGLETRANSLATE($B261,""en"",""as""),$B261)","=IFERROR(GOOGLETRANSLATE($B261,""en"",""gom""),$B261)","=IFERROR(GOOGLETRANSLATE($B261,""en"",""gu""),$B261)","=IFERROR(GOOGLETRANSLATE($B261,""en"",""mr""),$B261)","=IFERROR(GOOGLETRANSLATE($B261,""en"",""mni-Mtei""),$B261)","=IFERROR(GOOGLETRANSLATE($B261,""en"",""lus""),$B261)","=IFERROR(GOOGLETRANSLATE($B261,""en"",""or""),$B261)","=IFERROR(GOOGLETRANSLATE($B261,""en"",""pa""),$B261)","=IFERROR(GOOGLETRANSLATE($B261,""en"",""ne""),$B261)","=IFERROR(GOOGLETRANSLATE($B261,""en"",""bn""),$B261)","=IFERROR(GOOGLETRANSLATE($B261,""en"",""ks""),$B261)",=$B261
ui_0261,Move to front,"=IFERROR(GOOGLETRANSLATE($B262,""en"",""as""),$B262)","=IFERROR(GOOGLETRANSLATE($B262,""en"",""gom""),$B262)","=IFERROR(GOOGLETRANSLATE($B262,""en"",""gu""),$B262)","=IFERROR(GOOGLETRANSLATE($B262,""en"",""mr""),$B262)","=IFERROR(GOOGLETRANSLATE($B262,""en"",""mni-Mtei""),$B262)","=IFERROR(GOOGLETRANSLATE($B262,""en"",""lus""),$B262)","=IFERROR(GOOGLETRANSLATE($B262,""en"",""or""),$B262)","=IFERROR(GOOGLETRANSLATE($B262,""en"",""pa""),$B262)","=IFERROR(GOOGLETRANSLATE($B262,""en"",""ne""),$B262)","=IFERROR(GOOGLETRANSLATE($B262,""en"",""bn""),$B262)","=IFERROR(GOOGLETRANSLATE($B262,""en"",""ks""),$B262)",=$B262
ui_0262,Muslim,"=IFERROR(GOOGLETRANSLATE($B263,""en"",""as""),$B263)","=IFERROR(GOOGLETRANSLATE($B263,""en"",""gom""),$B263)","=IFERROR(GOOGLETRANSLATE($B263,""en"",""gu""),$B263)","=IFERROR(GOOGLETRANSLATE($B263,""en"",""mr""),$B263)","=IFERROR(GOOGLETRANSLATE($B263,""en"",""mni-Mtei""),$B263)","=IFERROR(GOOGLETRANSLATE($B263,""en"",""lus""),$B263)","=IFERROR(GOOGLETRANSLATE($B263,""en"",""or""),$B263)","=IFERROR(GOOGLETRANSLATE($B263,""en"",""pa""),$B263)","=IFERROR(GOOGLETRANSLATE($B263,""en"",""ne""),$B263)","=IFERROR(GOOGLETRANSLATE($B263,""en"",""bn""),$B263)","=IFERROR(GOOGLETRANSLATE($B263,""en"",""ks""),$B263)",=$B263
ui_0263,My Downloads,"=IFERROR(GOOGLETRANSLATE($B264,""en"",""as""),$B264)","=IFERROR(GOOGLETRANSLATE($B264,""en"",""gom""),$B264)","=IFERROR(GOOGLETRANSLATE($B264,""en"",""gu""),$B264)","=IFERROR(GOOGLETRANSLATE($B264,""en"",""mr""),$B264)","=IFERROR(GOOGLETRANSLATE($B264,""en"",""mni-Mtei""),$B264)","=IFERROR(GOOGLETRANSLATE($B264,""en"",""lus""),$B264)","=IFERROR(GOOGLETRANSLATE($B264,""en"",""or""),$B264)","=IFERROR(GOOGLETRANSLATE($B264,""en"",""pa""),$B264)","=IFERROR(GOOGLETRANSLATE($B264,""en"",""ne""),$B264)","=IFERROR(GOOGLETRANSLATE($B264,""en"",""bn""),$B264)","=IFERROR(GOOGLETRANSLATE($B264,""en"",""ks""),$B264)",=$B264
ui_0264,My Status,"=IFERROR(GOOGLETRANSLATE($B265,""en"",""as""),$B265)","=IFERROR(GOOGLETRANSLATE($B265,""en"",""gom""),$B265)","=IFERROR(GOOGLETRANSLATE($B265,""en"",""gu""),$B265)","=IFERROR(GOOGLETRANSLATE($B265,""en"",""mr""),$B265)","=IFERROR(GOOGLETRANSLATE($B265,""en"",""mni-Mtei""),$B265)","=IFERROR(GOOGLETRANSLATE($B265,""en"",""lus""),$B265)","=IFERROR(GOOGLETRANSLATE($B265,""en"",""or""),$B265)","=IFERROR(GOOGLETRANSLATE($B265,""en"",""pa""),$B265)","=IFERROR(GOOGLETRANSLATE($B265,""en"",""ne""),$B265)","=IFERROR(GOOGLETRANSLATE($B265,""en"",""bn""),$B265)","=IFERROR(GOOGLETRANSLATE($B265,""en"",""ks""),$B265)",=$B265
ui_0265,My Uploads,"=IFERROR(GOOGLETRANSLATE($B266,""en"",""as""),$B266)","=IFERROR(GOOGLETRANSLATE($B266,""en"",""gom""),$B266)","=IFERROR(GOOGLETRANSLATE($B266,""en"",""gu""),$B266)","=IFERROR(GOOGLETRANSLATE($B266,""en"",""mr""),$B266)","=IFERROR(GOOGLETRANSLATE($B266,""en"",""mni-Mtei""),$B266)","=IFERROR(GOOGLETRANSLATE($B266,""en"",""lus""),$B266)","=IFERROR(GOOGLETRANSLATE($B266,""en"",""or""),$B266)","=IFERROR(GOOGLETRANSLATE($B266,""en"",""pa""),$B266)","=IFERROR(GOOGLETRANSLATE($B266,""en"",""ne""),$B266)","=IFERROR(GOOGLETRANSLATE($B266,""en"",""bn""),$B266)","=IFERROR(GOOGLETRANSLATE($B266,""en"",""ks""),$B266)",=$B266
ui_0266,National,"=IFERROR(GOOGLETRANSLATE($B267,""en"",""as""),$B267)","=IFERROR(GOOGLETRANSLATE($B267,""en"",""gom""),$B267)","=IFERROR(GOOGLETRANSLATE($B267,""en"",""gu""),$B267)","=IFERROR(GOOGLETRANSLATE($B267,""en"",""mr""),$B267)","=IFERROR(GOOGLETRANSLATE($B267,""en"",""mni-Mtei""),$B267)","=IFERROR(GOOGLETRANSLATE($B267,""en"",""lus""),$B267)","=IFERROR(GOOGLETRANSLATE($B267,""en"",""or""),$B267)","=IFERROR(GOOGLETRANSLATE($B267,""en"",""pa""),$B267)","=IFERROR(GOOGLETRANSLATE($B267,""en"",""ne""),$B267)","=IFERROR(GOOGLETRANSLATE($B267,""en"",""bn""),$B267)","=IFERROR(GOOGLETRANSLATE($B267,""en"",""ks""),$B267)",=$B267
ui_0267,Need help from support?,"=IFERROR(GOOGLETRANSLATE($B268,""en"",""as""),$B268)","=IFERROR(GOOGLETRANSLATE($B268,""en"",""gom""),$B268)","=IFERROR(GOOGLETRANSLATE($B268,""en"",""gu""),$B268)","=IFERROR(GOOGLETRANSLATE($B268,""en"",""mr""),$B268)","=IFERROR(GOOGLETRANSLATE($B268,""en"",""mni-Mtei""),$B268)","=IFERROR(GOOGLETRANSLATE($B268,""en"",""lus""),$B268)","=IFERROR(GOOGLETRANSLATE($B268,""en"",""or""),$B268)","=IFERROR(GOOGLETRANSLATE($B268,""en"",""pa""),$B268)","=IFERROR(GOOGLETRANSLATE($B268,""en"",""ne""),$B268)","=IFERROR(GOOGLETRANSLATE($B268,""en"",""bn""),$B268)","=IFERROR(GOOGLETRANSLATE($B268,""en"",""ks""),$B268)",=$B268
ui_0268,Network issue. Please check your internet connection.,"=IFERROR(GOOGLETRANSLATE($B269,""en"",""as""),$B269)","=IFERROR(GOOGLETRANSLATE($B269,""en"",""gom""),$B269)","=IFERROR(GOOGLETRANSLATE($B269,""en"",""gu""),$B269)","=IFERROR(GOOGLETRANSLATE($B269,""en"",""mr""),$B269)","=IFERROR(GOOGLETRANSLATE($B269,""en"",""mni-Mtei""),$B269)","=IFERROR(GOOGLETRANSLATE($B269,""en"",""lus""),$B269)","=IFERROR(GOOGLETRANSLATE($B269,""en"",""or""),$B269)","=IFERROR(GOOGLETRANSLATE($B269,""en"",""pa""),$B269)","=IFERROR(GOOGLETRANSLATE($B269,""en"",""ne""),$B269)","=IFERROR(GOOGLETRANSLATE($B269,""en"",""bn""),$B269)","=IFERROR(GOOGLETRANSLATE($B269,""en"",""ks""),$B269)",=$B269
ui_0269,New Poster,"=IFERROR(GOOGLETRANSLATE($B270,""en"",""as""),$B270)","=IFERROR(GOOGLETRANSLATE($B270,""en"",""gom""),$B270)","=IFERROR(GOOGLETRANSLATE($B270,""en"",""gu""),$B270)","=IFERROR(GOOGLETRANSLATE($B270,""en"",""mr""),$B270)","=IFERROR(GOOGLETRANSLATE($B270,""en"",""mni-Mtei""),$B270)","=IFERROR(GOOGLETRANSLATE($B270,""en"",""lus""),$B270)","=IFERROR(GOOGLETRANSLATE($B270,""en"",""or""),$B270)","=IFERROR(GOOGLETRANSLATE($B270,""en"",""pa""),$B270)","=IFERROR(GOOGLETRANSLATE($B270,""en"",""ne""),$B270)","=IFERROR(GOOGLETRANSLATE($B270,""en"",""bn""),$B270)","=IFERROR(GOOGLETRANSLATE($B270,""en"",""ks""),$B270)",=$B270
ui_0270,No,"=IFERROR(GOOGLETRANSLATE($B271,""en"",""as""),$B271)","=IFERROR(GOOGLETRANSLATE($B271,""en"",""gom""),$B271)","=IFERROR(GOOGLETRANSLATE($B271,""en"",""gu""),$B271)","=IFERROR(GOOGLETRANSLATE($B271,""en"",""mr""),$B271)","=IFERROR(GOOGLETRANSLATE($B271,""en"",""mni-Mtei""),$B271)","=IFERROR(GOOGLETRANSLATE($B271,""en"",""lus""),$B271)","=IFERROR(GOOGLETRANSLATE($B271,""en"",""or""),$B271)","=IFERROR(GOOGLETRANSLATE($B271,""en"",""pa""),$B271)","=IFERROR(GOOGLETRANSLATE($B271,""en"",""ne""),$B271)","=IFERROR(GOOGLETRANSLATE($B271,""en"",""bn""),$B271)","=IFERROR(GOOGLETRANSLATE($B271,""en"",""ks""),$B271)",=$B271
ui_0271,No account found for this email.,"=IFERROR(GOOGLETRANSLATE($B272,""en"",""as""),$B272)","=IFERROR(GOOGLETRANSLATE($B272,""en"",""gom""),$B272)","=IFERROR(GOOGLETRANSLATE($B272,""en"",""gu""),$B272)","=IFERROR(GOOGLETRANSLATE($B272,""en"",""mr""),$B272)","=IFERROR(GOOGLETRANSLATE($B272,""en"",""mni-Mtei""),$B272)","=IFERROR(GOOGLETRANSLATE($B272,""en"",""lus""),$B272)","=IFERROR(GOOGLETRANSLATE($B272,""en"",""or""),$B272)","=IFERROR(GOOGLETRANSLATE($B272,""en"",""pa""),$B272)","=IFERROR(GOOGLETRANSLATE($B272,""en"",""ne""),$B272)","=IFERROR(GOOGLETRANSLATE($B272,""en"",""bn""),$B272)","=IFERROR(GOOGLETRANSLATE($B272,""en"",""ks""),$B272)",=$B272
ui_0272,No logged-in user found.,"=IFERROR(GOOGLETRANSLATE($B273,""en"",""as""),$B273)","=IFERROR(GOOGLETRANSLATE($B273,""en"",""gom""),$B273)","=IFERROR(GOOGLETRANSLATE($B273,""en"",""gu""),$B273)","=IFERROR(GOOGLETRANSLATE($B273,""en"",""mr""),$B273)","=IFERROR(GOOGLETRANSLATE($B273,""en"",""mni-Mtei""),$B273)","=IFERROR(GOOGLETRANSLATE($B273,""en"",""lus""),$B273)","=IFERROR(GOOGLETRANSLATE($B273,""en"",""or""),$B273)","=IFERROR(GOOGLETRANSLATE($B273,""en"",""pa""),$B273)","=IFERROR(GOOGLETRANSLATE($B273,""en"",""ne""),$B273)","=IFERROR(GOOGLETRANSLATE($B273,""en"",""bn""),$B273)","=IFERROR(GOOGLETRANSLATE($B273,""en"",""ks""),$B273)",=$B273
ui_0273,No matching region found.,"=IFERROR(GOOGLETRANSLATE($B274,""en"",""as""),$B274)","=IFERROR(GOOGLETRANSLATE($B274,""en"",""gom""),$B274)","=IFERROR(GOOGLETRANSLATE($B274,""en"",""gu""),$B274)","=IFERROR(GOOGLETRANSLATE($B274,""en"",""mr""),$B274)","=IFERROR(GOOGLETRANSLATE($B274,""en"",""mni-Mtei""),$B274)","=IFERROR(GOOGLETRANSLATE($B274,""en"",""lus""),$B274)","=IFERROR(GOOGLETRANSLATE($B274,""en"",""or""),$B274)","=IFERROR(GOOGLETRANSLATE($B274,""en"",""pa""),$B274)","=IFERROR(GOOGLETRANSLATE($B274,""en"",""ne""),$B274)","=IFERROR(GOOGLETRANSLATE($B274,""en"",""bn""),$B274)","=IFERROR(GOOGLETRANSLATE($B274,""en"",""ks""),$B274)",=$B274
ui_0274,No new statuses yet,"=IFERROR(GOOGLETRANSLATE($B275,""en"",""as""),$B275)","=IFERROR(GOOGLETRANSLATE($B275,""en"",""gom""),$B275)","=IFERROR(GOOGLETRANSLATE($B275,""en"",""gu""),$B275)","=IFERROR(GOOGLETRANSLATE($B275,""en"",""mr""),$B275)","=IFERROR(GOOGLETRANSLATE($B275,""en"",""mni-Mtei""),$B275)","=IFERROR(GOOGLETRANSLATE($B275,""en"",""lus""),$B275)","=IFERROR(GOOGLETRANSLATE($B275,""en"",""or""),$B275)","=IFERROR(GOOGLETRANSLATE($B275,""en"",""pa""),$B275)","=IFERROR(GOOGLETRANSLATE($B275,""en"",""ne""),$B275)","=IFERROR(GOOGLETRANSLATE($B275,""en"",""bn""),$B275)","=IFERROR(GOOGLETRANSLATE($B275,""en"",""ks""),$B275)",=$B275
ui_0275,No posters are available in this section,"=IFERROR(GOOGLETRANSLATE($B276,""en"",""as""),$B276)","=IFERROR(GOOGLETRANSLATE($B276,""en"",""gom""),$B276)","=IFERROR(GOOGLETRANSLATE($B276,""en"",""gu""),$B276)","=IFERROR(GOOGLETRANSLATE($B276,""en"",""mr""),$B276)","=IFERROR(GOOGLETRANSLATE($B276,""en"",""mni-Mtei""),$B276)","=IFERROR(GOOGLETRANSLATE($B276,""en"",""lus""),$B276)","=IFERROR(GOOGLETRANSLATE($B276,""en"",""or""),$B276)","=IFERROR(GOOGLETRANSLATE($B276,""en"",""pa""),$B276)","=IFERROR(GOOGLETRANSLATE($B276,""en"",""ne""),$B276)","=IFERROR(GOOGLETRANSLATE($B276,""en"",""bn""),$B276)","=IFERROR(GOOGLETRANSLATE($B276,""en"",""ks""),$B276)",=$B276
ui_0276,No replies yet,"=IFERROR(GOOGLETRANSLATE($B277,""en"",""as""),$B277)","=IFERROR(GOOGLETRANSLATE($B277,""en"",""gom""),$B277)","=IFERROR(GOOGLETRANSLATE($B277,""en"",""gu""),$B277)","=IFERROR(GOOGLETRANSLATE($B277,""en"",""mr""),$B277)","=IFERROR(GOOGLETRANSLATE($B277,""en"",""mni-Mtei""),$B277)","=IFERROR(GOOGLETRANSLATE($B277,""en"",""lus""),$B277)","=IFERROR(GOOGLETRANSLATE($B277,""en"",""or""),$B277)","=IFERROR(GOOGLETRANSLATE($B277,""en"",""pa""),$B277)","=IFERROR(GOOGLETRANSLATE($B277,""en"",""ne""),$B277)","=IFERROR(GOOGLETRANSLATE($B277,""en"",""bn""),$B277)","=IFERROR(GOOGLETRANSLATE($B277,""en"",""ks""),$B277)",=$B277
ui_0277,No saved drafts yet,"=IFERROR(GOOGLETRANSLATE($B278,""en"",""as""),$B278)","=IFERROR(GOOGLETRANSLATE($B278,""en"",""gom""),$B278)","=IFERROR(GOOGLETRANSLATE($B278,""en"",""gu""),$B278)","=IFERROR(GOOGLETRANSLATE($B278,""en"",""mr""),$B278)","=IFERROR(GOOGLETRANSLATE($B278,""en"",""mni-Mtei""),$B278)","=IFERROR(GOOGLETRANSLATE($B278,""en"",""lus""),$B278)","=IFERROR(GOOGLETRANSLATE($B278,""en"",""or""),$B278)","=IFERROR(GOOGLETRANSLATE($B278,""en"",""pa""),$B278)","=IFERROR(GOOGLETRANSLATE($B278,""en"",""ne""),$B278)","=IFERROR(GOOGLETRANSLATE($B278,""en"",""bn""),$B278)","=IFERROR(GOOGLETRANSLATE($B278,""en"",""ks""),$B278)",=$B278
ui_0278,No subscription found to restore,"=IFERROR(GOOGLETRANSLATE($B279,""en"",""as""),$B279)","=IFERROR(GOOGLETRANSLATE($B279,""en"",""gom""),$B279)","=IFERROR(GOOGLETRANSLATE($B279,""en"",""gu""),$B279)","=IFERROR(GOOGLETRANSLATE($B279,""en"",""mr""),$B279)","=IFERROR(GOOGLETRANSLATE($B279,""en"",""mni-Mtei""),$B279)","=IFERROR(GOOGLETRANSLATE($B279,""en"",""lus""),$B279)","=IFERROR(GOOGLETRANSLATE($B279,""en"",""or""),$B279)","=IFERROR(GOOGLETRANSLATE($B279,""en"",""pa""),$B279)","=IFERROR(GOOGLETRANSLATE($B279,""en"",""ne""),$B279)","=IFERROR(GOOGLETRANSLATE($B279,""en"",""bn""),$B279)","=IFERROR(GOOGLETRANSLATE($B279,""en"",""ks""),$B279)",=$B279
ui_0279,No uploads yet,"=IFERROR(GOOGLETRANSLATE($B280,""en"",""as""),$B280)","=IFERROR(GOOGLETRANSLATE($B280,""en"",""gom""),$B280)","=IFERROR(GOOGLETRANSLATE($B280,""en"",""gu""),$B280)","=IFERROR(GOOGLETRANSLATE($B280,""en"",""mr""),$B280)","=IFERROR(GOOGLETRANSLATE($B280,""en"",""mni-Mtei""),$B280)","=IFERROR(GOOGLETRANSLATE($B280,""en"",""lus""),$B280)","=IFERROR(GOOGLETRANSLATE($B280,""en"",""or""),$B280)","=IFERROR(GOOGLETRANSLATE($B280,""en"",""pa""),$B280)","=IFERROR(GOOGLETRANSLATE($B280,""en"",""ne""),$B280)","=IFERROR(GOOGLETRANSLATE($B280,""en"",""bn""),$B280)","=IFERROR(GOOGLETRANSLATE($B280,""en"",""ks""),$B280)",=$B280
ui_0280,None,"=IFERROR(GOOGLETRANSLATE($B281,""en"",""as""),$B281)","=IFERROR(GOOGLETRANSLATE($B281,""en"",""gom""),$B281)","=IFERROR(GOOGLETRANSLATE($B281,""en"",""gu""),$B281)","=IFERROR(GOOGLETRANSLATE($B281,""en"",""mr""),$B281)","=IFERROR(GOOGLETRANSLATE($B281,""en"",""mni-Mtei""),$B281)","=IFERROR(GOOGLETRANSLATE($B281,""en"",""lus""),$B281)","=IFERROR(GOOGLETRANSLATE($B281,""en"",""or""),$B281)","=IFERROR(GOOGLETRANSLATE($B281,""en"",""pa""),$B281)","=IFERROR(GOOGLETRANSLATE($B281,""en"",""ne""),$B281)","=IFERROR(GOOGLETRANSLATE($B281,""en"",""bn""),$B281)","=IFERROR(GOOGLETRANSLATE($B281,""en"",""ks""),$B281)",=$B281
ui_0281,Not active,"=IFERROR(GOOGLETRANSLATE($B282,""en"",""as""),$B282)","=IFERROR(GOOGLETRANSLATE($B282,""en"",""gom""),$B282)","=IFERROR(GOOGLETRANSLATE($B282,""en"",""gu""),$B282)","=IFERROR(GOOGLETRANSLATE($B282,""en"",""mr""),$B282)","=IFERROR(GOOGLETRANSLATE($B282,""en"",""mni-Mtei""),$B282)","=IFERROR(GOOGLETRANSLATE($B282,""en"",""lus""),$B282)","=IFERROR(GOOGLETRANSLATE($B282,""en"",""or""),$B282)","=IFERROR(GOOGLETRANSLATE($B282,""en"",""pa""),$B282)","=IFERROR(GOOGLETRANSLATE($B282,""en"",""ne""),$B282)","=IFERROR(GOOGLETRANSLATE($B282,""en"",""bn""),$B282)","=IFERROR(GOOGLETRANSLATE($B282,""en"",""ks""),$B282)",=$B282
ui_0282,Not allowed,"=IFERROR(GOOGLETRANSLATE($B283,""en"",""as""),$B283)","=IFERROR(GOOGLETRANSLATE($B283,""en"",""gom""),$B283)","=IFERROR(GOOGLETRANSLATE($B283,""en"",""gu""),$B283)","=IFERROR(GOOGLETRANSLATE($B283,""en"",""mr""),$B283)","=IFERROR(GOOGLETRANSLATE($B283,""en"",""mni-Mtei""),$B283)","=IFERROR(GOOGLETRANSLATE($B283,""en"",""lus""),$B283)","=IFERROR(GOOGLETRANSLATE($B283,""en"",""or""),$B283)","=IFERROR(GOOGLETRANSLATE($B283,""en"",""pa""),$B283)","=IFERROR(GOOGLETRANSLATE($B283,""en"",""ne""),$B283)","=IFERROR(GOOGLETRANSLATE($B283,""en"",""bn""),$B283)","=IFERROR(GOOGLETRANSLATE($B283,""en"",""ks""),$B283)",=$B283
ui_0283,Not available on web.,"=IFERROR(GOOGLETRANSLATE($B284,""en"",""as""),$B284)","=IFERROR(GOOGLETRANSLATE($B284,""en"",""gom""),$B284)","=IFERROR(GOOGLETRANSLATE($B284,""en"",""gu""),$B284)","=IFERROR(GOOGLETRANSLATE($B284,""en"",""mr""),$B284)","=IFERROR(GOOGLETRANSLATE($B284,""en"",""mni-Mtei""),$B284)","=IFERROR(GOOGLETRANSLATE($B284,""en"",""lus""),$B284)","=IFERROR(GOOGLETRANSLATE($B284,""en"",""or""),$B284)","=IFERROR(GOOGLETRANSLATE($B284,""en"",""pa""),$B284)","=IFERROR(GOOGLETRANSLATE($B284,""en"",""ne""),$B284)","=IFERROR(GOOGLETRANSLATE($B284,""en"",""bn""),$B284)","=IFERROR(GOOGLETRANSLATE($B284,""en"",""ks""),$B284)",=$B284
ui_0284,Notification,"=IFERROR(GOOGLETRANSLATE($B285,""en"",""as""),$B285)","=IFERROR(GOOGLETRANSLATE($B285,""en"",""gom""),$B285)","=IFERROR(GOOGLETRANSLATE($B285,""en"",""gu""),$B285)","=IFERROR(GOOGLETRANSLATE($B285,""en"",""mr""),$B285)","=IFERROR(GOOGLETRANSLATE($B285,""en"",""mni-Mtei""),$B285)","=IFERROR(GOOGLETRANSLATE($B285,""en"",""lus""),$B285)","=IFERROR(GOOGLETRANSLATE($B285,""en"",""or""),$B285)","=IFERROR(GOOGLETRANSLATE($B285,""en"",""pa""),$B285)","=IFERROR(GOOGLETRANSLATE($B285,""en"",""ne""),$B285)","=IFERROR(GOOGLETRANSLATE($B285,""en"",""bn""),$B285)","=IFERROR(GOOGLETRANSLATE($B285,""en"",""ks""),$B285)",=$B285
ui_0285,Notifications,"=IFERROR(GOOGLETRANSLATE($B286,""en"",""as""),$B286)","=IFERROR(GOOGLETRANSLATE($B286,""en"",""gom""),$B286)","=IFERROR(GOOGLETRANSLATE($B286,""en"",""gu""),$B286)","=IFERROR(GOOGLETRANSLATE($B286,""en"",""mr""),$B286)","=IFERROR(GOOGLETRANSLATE($B286,""en"",""mni-Mtei""),$B286)","=IFERROR(GOOGLETRANSLATE($B286,""en"",""lus""),$B286)","=IFERROR(GOOGLETRANSLATE($B286,""en"",""or""),$B286)","=IFERROR(GOOGLETRANSLATE($B286,""en"",""pa""),$B286)","=IFERROR(GOOGLETRANSLATE($B286,""en"",""ne""),$B286)","=IFERROR(GOOGLETRANSLATE($B286,""en"",""bn""),$B286)","=IFERROR(GOOGLETRANSLATE($B286,""en"",""ks""),$B286)",=$B286
ui_0286,Notifications access granted.,"=IFERROR(GOOGLETRANSLATE($B287,""en"",""as""),$B287)","=IFERROR(GOOGLETRANSLATE($B287,""en"",""gom""),$B287)","=IFERROR(GOOGLETRANSLATE($B287,""en"",""gu""),$B287)","=IFERROR(GOOGLETRANSLATE($B287,""en"",""mr""),$B287)","=IFERROR(GOOGLETRANSLATE($B287,""en"",""mni-Mtei""),$B287)","=IFERROR(GOOGLETRANSLATE($B287,""en"",""lus""),$B287)","=IFERROR(GOOGLETRANSLATE($B287,""en"",""or""),$B287)","=IFERROR(GOOGLETRANSLATE($B287,""en"",""pa""),$B287)","=IFERROR(GOOGLETRANSLATE($B287,""en"",""ne""),$B287)","=IFERROR(GOOGLETRANSLATE($B287,""en"",""bn""),$B287)","=IFERROR(GOOGLETRANSLATE($B287,""en"",""ks""),$B287)",=$B287
ui_0287,Notifications are off.,"=IFERROR(GOOGLETRANSLATE($B288,""en"",""as""),$B288)","=IFERROR(GOOGLETRANSLATE($B288,""en"",""gom""),$B288)","=IFERROR(GOOGLETRANSLATE($B288,""en"",""gu""),$B288)","=IFERROR(GOOGLETRANSLATE($B288,""en"",""mr""),$B288)","=IFERROR(GOOGLETRANSLATE($B288,""en"",""mni-Mtei""),$B288)","=IFERROR(GOOGLETRANSLATE($B288,""en"",""lus""),$B288)","=IFERROR(GOOGLETRANSLATE($B288,""en"",""or""),$B288)","=IFERROR(GOOGLETRANSLATE($B288,""en"",""pa""),$B288)","=IFERROR(GOOGLETRANSLATE($B288,""en"",""ne""),$B288)","=IFERROR(GOOGLETRANSLATE($B288,""en"",""bn""),$B288)","=IFERROR(GOOGLETRANSLATE($B288,""en"",""ks""),$B288)",=$B288
ui_0288,"Notifications, permissions, help, privacy policy, and terms are available inside the app.","=IFERROR(GOOGLETRANSLATE($B289,""en"",""as""),$B289)","=IFERROR(GOOGLETRANSLATE($B289,""en"",""gom""),$B289)","=IFERROR(GOOGLETRANSLATE($B289,""en"",""gu""),$B289)","=IFERROR(GOOGLETRANSLATE($B289,""en"",""mr""),$B289)","=IFERROR(GOOGLETRANSLATE($B289,""en"",""mni-Mtei""),$B289)","=IFERROR(GOOGLETRANSLATE($B289,""en"",""lus""),$B289)","=IFERROR(GOOGLETRANSLATE($B289,""en"",""or""),$B289)","=IFERROR(GOOGLETRANSLATE($B289,""en"",""pa""),$B289)","=IFERROR(GOOGLETRANSLATE($B289,""en"",""ne""),$B289)","=IFERROR(GOOGLETRANSLATE($B289,""en"",""bn""),$B289)","=IFERROR(GOOGLETRANSLATE($B289,""en"",""ks""),$B289)",=$B289
ui_0289,Object selected,"=IFERROR(GOOGLETRANSLATE($B290,""en"",""as""),$B290)","=IFERROR(GOOGLETRANSLATE($B290,""en"",""gom""),$B290)","=IFERROR(GOOGLETRANSLATE($B290,""en"",""gu""),$B290)","=IFERROR(GOOGLETRANSLATE($B290,""en"",""mr""),$B290)","=IFERROR(GOOGLETRANSLATE($B290,""en"",""mni-Mtei""),$B290)","=IFERROR(GOOGLETRANSLATE($B290,""en"",""lus""),$B290)","=IFERROR(GOOGLETRANSLATE($B290,""en"",""or""),$B290)","=IFERROR(GOOGLETRANSLATE($B290,""en"",""pa""),$B290)","=IFERROR(GOOGLETRANSLATE($B290,""en"",""ne""),$B290)","=IFERROR(GOOGLETRANSLATE($B290,""en"",""bn""),$B290)","=IFERROR(GOOGLETRANSLATE($B290,""en"",""ks""),$B290)",=$B290
ui_0290,OK,"=IFERROR(GOOGLETRANSLATE($B291,""en"",""as""),$B291)","=IFERROR(GOOGLETRANSLATE($B291,""en"",""gom""),$B291)","=IFERROR(GOOGLETRANSLATE($B291,""en"",""gu""),$B291)","=IFERROR(GOOGLETRANSLATE($B291,""en"",""mr""),$B291)","=IFERROR(GOOGLETRANSLATE($B291,""en"",""mni-Mtei""),$B291)","=IFERROR(GOOGLETRANSLATE($B291,""en"",""lus""),$B291)","=IFERROR(GOOGLETRANSLATE($B291,""en"",""or""),$B291)","=IFERROR(GOOGLETRANSLATE($B291,""en"",""pa""),$B291)","=IFERROR(GOOGLETRANSLATE($B291,""en"",""ne""),$B291)","=IFERROR(GOOGLETRANSLATE($B291,""en"",""bn""),$B291)","=IFERROR(GOOGLETRANSLATE($B291,""en"",""ks""),$B291)",=$B291
ui_0291,"Once a design is selected, it can be edited and personalized in the editor.","=IFERROR(GOOGLETRANSLATE($B292,""en"",""as""),$B292)","=IFERROR(GOOGLETRANSLATE($B292,""en"",""gom""),$B292)","=IFERROR(GOOGLETRANSLATE($B292,""en"",""gu""),$B292)","=IFERROR(GOOGLETRANSLATE($B292,""en"",""mr""),$B292)","=IFERROR(GOOGLETRANSLATE($B292,""en"",""mni-Mtei""),$B292)","=IFERROR(GOOGLETRANSLATE($B292,""en"",""lus""),$B292)","=IFERROR(GOOGLETRANSLATE($B292,""en"",""or""),$B292)","=IFERROR(GOOGLETRANSLATE($B292,""en"",""pa""),$B292)","=IFERROR(GOOGLETRANSLATE($B292,""en"",""ne""),$B292)","=IFERROR(GOOGLETRANSLATE($B292,""en"",""bn""),$B292)","=IFERROR(GOOGLETRANSLATE($B292,""en"",""ks""),$B292)",=$B292
ui_0292,Opacity,"=IFERROR(GOOGLETRANSLATE($B293,""en"",""as""),$B293)","=IFERROR(GOOGLETRANSLATE($B293,""en"",""gom""),$B293)","=IFERROR(GOOGLETRANSLATE($B293,""en"",""gu""),$B293)","=IFERROR(GOOGLETRANSLATE($B293,""en"",""mr""),$B293)","=IFERROR(GOOGLETRANSLATE($B293,""en"",""mni-Mtei""),$B293)","=IFERROR(GOOGLETRANSLATE($B293,""en"",""lus""),$B293)","=IFERROR(GOOGLETRANSLATE($B293,""en"",""or""),$B293)","=IFERROR(GOOGLETRANSLATE($B293,""en"",""pa""),$B293)","=IFERROR(GOOGLETRANSLATE($B293,""en"",""ne""),$B293)","=IFERROR(GOOGLETRANSLATE($B293,""en"",""bn""),$B293)","=IFERROR(GOOGLETRANSLATE($B293,""en"",""ks""),$B293)",=$B293
ui_0293,Open App Settings,"=IFERROR(GOOGLETRANSLATE($B294,""en"",""as""),$B294)","=IFERROR(GOOGLETRANSLATE($B294,""en"",""gom""),$B294)","=IFERROR(GOOGLETRANSLATE($B294,""en"",""gu""),$B294)","=IFERROR(GOOGLETRANSLATE($B294,""en"",""mr""),$B294)","=IFERROR(GOOGLETRANSLATE($B294,""en"",""mni-Mtei""),$B294)","=IFERROR(GOOGLETRANSLATE($B294,""en"",""lus""),$B294)","=IFERROR(GOOGLETRANSLATE($B294,""en"",""or""),$B294)","=IFERROR(GOOGLETRANSLATE($B294,""en"",""pa""),$B294)","=IFERROR(GOOGLETRANSLATE($B294,""en"",""ne""),$B294)","=IFERROR(GOOGLETRANSLATE($B294,""en"",""bn""),$B294)","=IFERROR(GOOGLETRANSLATE($B294,""en"",""ks""),$B294)",=$B294
ui_0294,Open Home,"=IFERROR(GOOGLETRANSLATE($B295,""en"",""as""),$B295)","=IFERROR(GOOGLETRANSLATE($B295,""en"",""gom""),$B295)","=IFERROR(GOOGLETRANSLATE($B295,""en"",""gu""),$B295)","=IFERROR(GOOGLETRANSLATE($B295,""en"",""mr""),$B295)","=IFERROR(GOOGLETRANSLATE($B295,""en"",""mni-Mtei""),$B295)","=IFERROR(GOOGLETRANSLATE($B295,""en"",""lus""),$B295)","=IFERROR(GOOGLETRANSLATE($B295,""en"",""or""),$B295)","=IFERROR(GOOGLETRANSLATE($B295,""en"",""pa""),$B295)","=IFERROR(GOOGLETRANSLATE($B295,""en"",""ne""),$B295)","=IFERROR(GOOGLETRANSLATE($B295,""en"",""bn""),$B295)","=IFERROR(GOOGLETRANSLATE($B295,""en"",""ks""),$B295)",=$B295
ui_0295,Optional now,"=IFERROR(GOOGLETRANSLATE($B296,""en"",""as""),$B296)","=IFERROR(GOOGLETRANSLATE($B296,""en"",""gom""),$B296)","=IFERROR(GOOGLETRANSLATE($B296,""en"",""gu""),$B296)","=IFERROR(GOOGLETRANSLATE($B296,""en"",""mr""),$B296)","=IFERROR(GOOGLETRANSLATE($B296,""en"",""mni-Mtei""),$B296)","=IFERROR(GOOGLETRANSLATE($B296,""en"",""lus""),$B296)","=IFERROR(GOOGLETRANSLATE($B296,""en"",""or""),$B296)","=IFERROR(GOOGLETRANSLATE($B296,""en"",""pa""),$B296)","=IFERROR(GOOGLETRANSLATE($B296,""en"",""ne""),$B296)","=IFERROR(GOOGLETRANSLATE($B296,""en"",""bn""),$B296)","=IFERROR(GOOGLETRANSLATE($B296,""en"",""ks""),$B296)",=$B296
ui_0296,Optional short line,"=IFERROR(GOOGLETRANSLATE($B297,""en"",""as""),$B297)","=IFERROR(GOOGLETRANSLATE($B297,""en"",""gom""),$B297)","=IFERROR(GOOGLETRANSLATE($B297,""en"",""gu""),$B297)","=IFERROR(GOOGLETRANSLATE($B297,""en"",""mr""),$B297)","=IFERROR(GOOGLETRANSLATE($B297,""en"",""mni-Mtei""),$B297)","=IFERROR(GOOGLETRANSLATE($B297,""en"",""lus""),$B297)","=IFERROR(GOOGLETRANSLATE($B297,""en"",""or""),$B297)","=IFERROR(GOOGLETRANSLATE($B297,""en"",""pa""),$B297)","=IFERROR(GOOGLETRANSLATE($B297,""en"",""ne""),$B297)","=IFERROR(GOOGLETRANSLATE($B297,""en"",""bn""),$B297)","=IFERROR(GOOGLETRANSLATE($B297,""en"",""ks""),$B297)",=$B297
ui_0297,Options,"=IFERROR(GOOGLETRANSLATE($B298,""en"",""as""),$B298)","=IFERROR(GOOGLETRANSLATE($B298,""en"",""gom""),$B298)","=IFERROR(GOOGLETRANSLATE($B298,""en"",""gu""),$B298)","=IFERROR(GOOGLETRANSLATE($B298,""en"",""mr""),$B298)","=IFERROR(GOOGLETRANSLATE($B298,""en"",""mni-Mtei""),$B298)","=IFERROR(GOOGLETRANSLATE($B298,""en"",""lus""),$B298)","=IFERROR(GOOGLETRANSLATE($B298,""en"",""or""),$B298)","=IFERROR(GOOGLETRANSLATE($B298,""en"",""pa""),$B298)","=IFERROR(GOOGLETRANSLATE($B298,""en"",""ne""),$B298)","=IFERROR(GOOGLETRANSLATE($B298,""en"",""bn""),$B298)","=IFERROR(GOOGLETRANSLATE($B298,""en"",""ks""),$B298)",=$B298
ui_0298,Other safety issue,"=IFERROR(GOOGLETRANSLATE($B299,""en"",""as""),$B299)","=IFERROR(GOOGLETRANSLATE($B299,""en"",""gom""),$B299)","=IFERROR(GOOGLETRANSLATE($B299,""en"",""gu""),$B299)","=IFERROR(GOOGLETRANSLATE($B299,""en"",""mr""),$B299)","=IFERROR(GOOGLETRANSLATE($B299,""en"",""mni-Mtei""),$B299)","=IFERROR(GOOGLETRANSLATE($B299,""en"",""lus""),$B299)","=IFERROR(GOOGLETRANSLATE($B299,""en"",""or""),$B299)","=IFERROR(GOOGLETRANSLATE($B299,""en"",""pa""),$B299)","=IFERROR(GOOGLETRANSLATE($B299,""en"",""ne""),$B299)","=IFERROR(GOOGLETRANSLATE($B299,""en"",""bn""),$B299)","=IFERROR(GOOGLETRANSLATE($B299,""en"",""ks""),$B299)",=$B299
ui_0299,Page Setup,"=IFERROR(GOOGLETRANSLATE($B300,""en"",""as""),$B300)","=IFERROR(GOOGLETRANSLATE($B300,""en"",""gom""),$B300)","=IFERROR(GOOGLETRANSLATE($B300,""en"",""gu""),$B300)","=IFERROR(GOOGLETRANSLATE($B300,""en"",""mr""),$B300)","=IFERROR(GOOGLETRANSLATE($B300,""en"",""mni-Mtei""),$B300)","=IFERROR(GOOGLETRANSLATE($B300,""en"",""lus""),$B300)","=IFERROR(GOOGLETRANSLATE($B300,""en"",""or""),$B300)","=IFERROR(GOOGLETRANSLATE($B300,""en"",""pa""),$B300)","=IFERROR(GOOGLETRANSLATE($B300,""en"",""ne""),$B300)","=IFERROR(GOOGLETRANSLATE($B300,""en"",""bn""),$B300)","=IFERROR(GOOGLETRANSLATE($B300,""en"",""ks""),$B300)",=$B300
ui_0300,Paint Target,"=IFERROR(GOOGLETRANSLATE($B301,""en"",""as""),$B301)","=IFERROR(GOOGLETRANSLATE($B301,""en"",""gom""),$B301)","=IFERROR(GOOGLETRANSLATE($B301,""en"",""gu""),$B301)","=IFERROR(GOOGLETRANSLATE($B301,""en"",""mr""),$B301)","=IFERROR(GOOGLETRANSLATE($B301,""en"",""mni-Mtei""),$B301)","=IFERROR(GOOGLETRANSLATE($B301,""en"",""lus""),$B301)","=IFERROR(GOOGLETRANSLATE($B301,""en"",""or""),$B301)","=IFERROR(GOOGLETRANSLATE($B301,""en"",""pa""),$B301)","=IFERROR(GOOGLETRANSLATE($B301,""en"",""ne""),$B301)","=IFERROR(GOOGLETRANSLATE($B301,""en"",""bn""),$B301)","=IFERROR(GOOGLETRANSLATE($B301,""en"",""ks""),$B301)",=$B301
ui_0301,Password,"=IFERROR(GOOGLETRANSLATE($B302,""en"",""as""),$B302)","=IFERROR(GOOGLETRANSLATE($B302,""en"",""gom""),$B302)","=IFERROR(GOOGLETRANSLATE($B302,""en"",""gu""),$B302)","=IFERROR(GOOGLETRANSLATE($B302,""en"",""mr""),$B302)","=IFERROR(GOOGLETRANSLATE($B302,""en"",""mni-Mtei""),$B302)","=IFERROR(GOOGLETRANSLATE($B302,""en"",""lus""),$B302)","=IFERROR(GOOGLETRANSLATE($B302,""en"",""or""),$B302)","=IFERROR(GOOGLETRANSLATE($B302,""en"",""pa""),$B302)","=IFERROR(GOOGLETRANSLATE($B302,""en"",""ne""),$B302)","=IFERROR(GOOGLETRANSLATE($B302,""en"",""bn""),$B302)","=IFERROR(GOOGLETRANSLATE($B302,""en"",""ks""),$B302)",=$B302
ui_0302,Password is required,"=IFERROR(GOOGLETRANSLATE($B303,""en"",""as""),$B303)","=IFERROR(GOOGLETRANSLATE($B303,""en"",""gom""),$B303)","=IFERROR(GOOGLETRANSLATE($B303,""en"",""gu""),$B303)","=IFERROR(GOOGLETRANSLATE($B303,""en"",""mr""),$B303)","=IFERROR(GOOGLETRANSLATE($B303,""en"",""mni-Mtei""),$B303)","=IFERROR(GOOGLETRANSLATE($B303,""en"",""lus""),$B303)","=IFERROR(GOOGLETRANSLATE($B303,""en"",""or""),$B303)","=IFERROR(GOOGLETRANSLATE($B303,""en"",""pa""),$B303)","=IFERROR(GOOGLETRANSLATE($B303,""en"",""ne""),$B303)","=IFERROR(GOOGLETRANSLATE($B303,""en"",""bn""),$B303)","=IFERROR(GOOGLETRANSLATE($B303,""en"",""ks""),$B303)",=$B303
ui_0303,Password reset will be available soon.,"=IFERROR(GOOGLETRANSLATE($B304,""en"",""as""),$B304)","=IFERROR(GOOGLETRANSLATE($B304,""en"",""gom""),$B304)","=IFERROR(GOOGLETRANSLATE($B304,""en"",""gu""),$B304)","=IFERROR(GOOGLETRANSLATE($B304,""en"",""mr""),$B304)","=IFERROR(GOOGLETRANSLATE($B304,""en"",""mni-Mtei""),$B304)","=IFERROR(GOOGLETRANSLATE($B304,""en"",""lus""),$B304)","=IFERROR(GOOGLETRANSLATE($B304,""en"",""or""),$B304)","=IFERROR(GOOGLETRANSLATE($B304,""en"",""pa""),$B304)","=IFERROR(GOOGLETRANSLATE($B304,""en"",""ne""),$B304)","=IFERROR(GOOGLETRANSLATE($B304,""en"",""bn""),$B304)","=IFERROR(GOOGLETRANSLATE($B304,""en"",""ks""),$B304)",=$B304
ui_0304,Payment failed,"=IFERROR(GOOGLETRANSLATE($B305,""en"",""as""),$B305)","=IFERROR(GOOGLETRANSLATE($B305,""en"",""gom""),$B305)","=IFERROR(GOOGLETRANSLATE($B305,""en"",""gu""),$B305)","=IFERROR(GOOGLETRANSLATE($B305,""en"",""mr""),$B305)","=IFERROR(GOOGLETRANSLATE($B305,""en"",""mni-Mtei""),$B305)","=IFERROR(GOOGLETRANSLATE($B305,""en"",""lus""),$B305)","=IFERROR(GOOGLETRANSLATE($B305,""en"",""or""),$B305)","=IFERROR(GOOGLETRANSLATE($B305,""en"",""pa""),$B305)","=IFERROR(GOOGLETRANSLATE($B305,""en"",""ne""),$B305)","=IFERROR(GOOGLETRANSLATE($B305,""en"",""bn""),$B305)","=IFERROR(GOOGLETRANSLATE($B305,""en"",""ks""),$B305)",=$B305
ui_0305,Payment is pending. Pro access will unlock after Google Play confirms it.,"=IFERROR(GOOGLETRANSLATE($B306,""en"",""as""),$B306)","=IFERROR(GOOGLETRANSLATE($B306,""en"",""gom""),$B306)","=IFERROR(GOOGLETRANSLATE($B306,""en"",""gu""),$B306)","=IFERROR(GOOGLETRANSLATE($B306,""en"",""mr""),$B306)","=IFERROR(GOOGLETRANSLATE($B306,""en"",""mni-Mtei""),$B306)","=IFERROR(GOOGLETRANSLATE($B306,""en"",""lus""),$B306)","=IFERROR(GOOGLETRANSLATE($B306,""en"",""or""),$B306)","=IFERROR(GOOGLETRANSLATE($B306,""en"",""pa""),$B306)","=IFERROR(GOOGLETRANSLATE($B306,""en"",""ne""),$B306)","=IFERROR(GOOGLETRANSLATE($B306,""en"",""bn""),$B306)","=IFERROR(GOOGLETRANSLATE($B306,""en"",""ks""),$B306)",=$B306
ui_0306,Payment response timed out. Please try again.,"=IFERROR(GOOGLETRANSLATE($B307,""en"",""as""),$B307)","=IFERROR(GOOGLETRANSLATE($B307,""en"",""gom""),$B307)","=IFERROR(GOOGLETRANSLATE($B307,""en"",""gu""),$B307)","=IFERROR(GOOGLETRANSLATE($B307,""en"",""mr""),$B307)","=IFERROR(GOOGLETRANSLATE($B307,""en"",""mni-Mtei""),$B307)","=IFERROR(GOOGLETRANSLATE($B307,""en"",""lus""),$B307)","=IFERROR(GOOGLETRANSLATE($B307,""en"",""or""),$B307)","=IFERROR(GOOGLETRANSLATE($B307,""en"",""pa""),$B307)","=IFERROR(GOOGLETRANSLATE($B307,""en"",""ne""),$B307)","=IFERROR(GOOGLETRANSLATE($B307,""en"",""bn""),$B307)","=IFERROR(GOOGLETRANSLATE($B307,""en"",""ks""),$B307)",=$B307
ui_0307,Payment was cancelled,"=IFERROR(GOOGLETRANSLATE($B308,""en"",""as""),$B308)","=IFERROR(GOOGLETRANSLATE($B308,""en"",""gom""),$B308)","=IFERROR(GOOGLETRANSLATE($B308,""en"",""gu""),$B308)","=IFERROR(GOOGLETRANSLATE($B308,""en"",""mr""),$B308)","=IFERROR(GOOGLETRANSLATE($B308,""en"",""mni-Mtei""),$B308)","=IFERROR(GOOGLETRANSLATE($B308,""en"",""lus""),$B308)","=IFERROR(GOOGLETRANSLATE($B308,""en"",""or""),$B308)","=IFERROR(GOOGLETRANSLATE($B308,""en"",""pa""),$B308)","=IFERROR(GOOGLETRANSLATE($B308,""en"",""ne""),$B308)","=IFERROR(GOOGLETRANSLATE($B308,""en"",""bn""),$B308)","=IFERROR(GOOGLETRANSLATE($B308,""en"",""ks""),$B308)",=$B308
ui_0308,Pending,"=IFERROR(GOOGLETRANSLATE($B309,""en"",""as""),$B309)","=IFERROR(GOOGLETRANSLATE($B309,""en"",""gom""),$B309)","=IFERROR(GOOGLETRANSLATE($B309,""en"",""gu""),$B309)","=IFERROR(GOOGLETRANSLATE($B309,""en"",""mr""),$B309)","=IFERROR(GOOGLETRANSLATE($B309,""en"",""mni-Mtei""),$B309)","=IFERROR(GOOGLETRANSLATE($B309,""en"",""lus""),$B309)","=IFERROR(GOOGLETRANSLATE($B309,""en"",""or""),$B309)","=IFERROR(GOOGLETRANSLATE($B309,""en"",""pa""),$B309)","=IFERROR(GOOGLETRANSLATE($B309,""en"",""ne""),$B309)","=IFERROR(GOOGLETRANSLATE($B309,""en"",""bn""),$B309)","=IFERROR(GOOGLETRANSLATE($B309,""en"",""ks""),$B309)",=$B309
ui_0309,Permissions,"=IFERROR(GOOGLETRANSLATE($B310,""en"",""as""),$B310)","=IFERROR(GOOGLETRANSLATE($B310,""en"",""gom""),$B310)","=IFERROR(GOOGLETRANSLATE($B310,""en"",""gu""),$B310)","=IFERROR(GOOGLETRANSLATE($B310,""en"",""mr""),$B310)","=IFERROR(GOOGLETRANSLATE($B310,""en"",""mni-Mtei""),$B310)","=IFERROR(GOOGLETRANSLATE($B310,""en"",""lus""),$B310)","=IFERROR(GOOGLETRANSLATE($B310,""en"",""or""),$B310)","=IFERROR(GOOGLETRANSLATE($B310,""en"",""pa""),$B310)","=IFERROR(GOOGLETRANSLATE($B310,""en"",""ne""),$B310)","=IFERROR(GOOGLETRANSLATE($B310,""en"",""bn""),$B310)","=IFERROR(GOOGLETRANSLATE($B310,""en"",""ks""),$B310)",=$B310
ui_0310,"Permissions are needed to choose photos, save posters, and receive important updates.","=IFERROR(GOOGLETRANSLATE($B311,""en"",""as""),$B311)","=IFERROR(GOOGLETRANSLATE($B311,""en"",""gom""),$B311)","=IFERROR(GOOGLETRANSLATE($B311,""en"",""gu""),$B311)","=IFERROR(GOOGLETRANSLATE($B311,""en"",""mr""),$B311)","=IFERROR(GOOGLETRANSLATE($B311,""en"",""mni-Mtei""),$B311)","=IFERROR(GOOGLETRANSLATE($B311,""en"",""lus""),$B311)","=IFERROR(GOOGLETRANSLATE($B311,""en"",""or""),$B311)","=IFERROR(GOOGLETRANSLATE($B311,""en"",""pa""),$B311)","=IFERROR(GOOGLETRANSLATE($B311,""en"",""ne""),$B311)","=IFERROR(GOOGLETRANSLATE($B311,""en"",""bn""),$B311)","=IFERROR(GOOGLETRANSLATE($B311,""en"",""ks""),$B311)",=$B311
ui_0311,"Permissions are requested only for photo selection, poster saving, status image selection, and optional notifications. You can manage them from device settings. You remain responsible for any content you upload, export, upload as a status, comment/reply to, or share. The app may temporarily cache media files and remove them when they are no longer needed. Status images may be compressed before upload; temporary compressed files may be removed after device or backend processing is complete.","=IFERROR(GOOGLETRANSLATE($B312,""en"",""as""),$B312)","=IFERROR(GOOGLETRANSLATE($B312,""en"",""gom""),$B312)","=IFERROR(GOOGLETRANSLATE($B312,""en"",""gu""),$B312)","=IFERROR(GOOGLETRANSLATE($B312,""en"",""mr""),$B312)","=IFERROR(GOOGLETRANSLATE($B312,""en"",""mni-Mtei""),$B312)","=IFERROR(GOOGLETRANSLATE($B312,""en"",""lus""),$B312)","=IFERROR(GOOGLETRANSLATE($B312,""en"",""or""),$B312)","=IFERROR(GOOGLETRANSLATE($B312,""en"",""pa""),$B312)","=IFERROR(GOOGLETRANSLATE($B312,""en"",""ne""),$B312)","=IFERROR(GOOGLETRANSLATE($B312,""en"",""bn""),$B312)","=IFERROR(GOOGLETRANSLATE($B312,""en"",""ks""),$B312)",=$B312
ui_0312,Permissions request could not be completed. Please try again.,"=IFERROR(GOOGLETRANSLATE($B313,""en"",""as""),$B313)","=IFERROR(GOOGLETRANSLATE($B313,""en"",""gom""),$B313)","=IFERROR(GOOGLETRANSLATE($B313,""en"",""gu""),$B313)","=IFERROR(GOOGLETRANSLATE($B313,""en"",""mr""),$B313)","=IFERROR(GOOGLETRANSLATE($B313,""en"",""mni-Mtei""),$B313)","=IFERROR(GOOGLETRANSLATE($B313,""en"",""lus""),$B313)","=IFERROR(GOOGLETRANSLATE($B313,""en"",""or""),$B313)","=IFERROR(GOOGLETRANSLATE($B313,""en"",""pa""),$B313)","=IFERROR(GOOGLETRANSLATE($B313,""en"",""ne""),$B313)","=IFERROR(GOOGLETRANSLATE($B313,""en"",""bn""),$B313)","=IFERROR(GOOGLETRANSLATE($B313,""en"",""ks""),$B313)",=$B313
ui_0313,Personal,"=IFERROR(GOOGLETRANSLATE($B314,""en"",""as""),$B314)","=IFERROR(GOOGLETRANSLATE($B314,""en"",""gom""),$B314)","=IFERROR(GOOGLETRANSLATE($B314,""en"",""gu""),$B314)","=IFERROR(GOOGLETRANSLATE($B314,""en"",""mr""),$B314)","=IFERROR(GOOGLETRANSLATE($B314,""en"",""mni-Mtei""),$B314)","=IFERROR(GOOGLETRANSLATE($B314,""en"",""lus""),$B314)","=IFERROR(GOOGLETRANSLATE($B314,""en"",""or""),$B314)","=IFERROR(GOOGLETRANSLATE($B314,""en"",""pa""),$B314)","=IFERROR(GOOGLETRANSLATE($B314,""en"",""ne""),$B314)","=IFERROR(GOOGLETRANSLATE($B314,""en"",""bn""),$B314)","=IFERROR(GOOGLETRANSLATE($B314,""en"",""ks""),$B314)",=$B314
ui_0314,Personal Details,"=IFERROR(GOOGLETRANSLATE($B315,""en"",""as""),$B315)","=IFERROR(GOOGLETRANSLATE($B315,""en"",""gom""),$B315)","=IFERROR(GOOGLETRANSLATE($B315,""en"",""gu""),$B315)","=IFERROR(GOOGLETRANSLATE($B315,""en"",""mr""),$B315)","=IFERROR(GOOGLETRANSLATE($B315,""en"",""mni-Mtei""),$B315)","=IFERROR(GOOGLETRANSLATE($B315,""en"",""lus""),$B315)","=IFERROR(GOOGLETRANSLATE($B315,""en"",""or""),$B315)","=IFERROR(GOOGLETRANSLATE($B315,""en"",""pa""),$B315)","=IFERROR(GOOGLETRANSLATE($B315,""en"",""ne""),$B315)","=IFERROR(GOOGLETRANSLATE($B315,""en"",""bn""),$B315)","=IFERROR(GOOGLETRANSLATE($B315,""en"",""ks""),$B315)",=$B315
ui_0315,Personal photo update failed,"=IFERROR(GOOGLETRANSLATE($B316,""en"",""as""),$B316)","=IFERROR(GOOGLETRANSLATE($B316,""en"",""gom""),$B316)","=IFERROR(GOOGLETRANSLATE($B316,""en"",""gu""),$B316)","=IFERROR(GOOGLETRANSLATE($B316,""en"",""mr""),$B316)","=IFERROR(GOOGLETRANSLATE($B316,""en"",""mni-Mtei""),$B316)","=IFERROR(GOOGLETRANSLATE($B316,""en"",""lus""),$B316)","=IFERROR(GOOGLETRANSLATE($B316,""en"",""or""),$B316)","=IFERROR(GOOGLETRANSLATE($B316,""en"",""pa""),$B316)","=IFERROR(GOOGLETRANSLATE($B316,""en"",""ne""),$B316)","=IFERROR(GOOGLETRANSLATE($B316,""en"",""bn""),$B316)","=IFERROR(GOOGLETRANSLATE($B316,""en"",""ks""),$B316)",=$B316
ui_0316,Photo,"=IFERROR(GOOGLETRANSLATE($B317,""en"",""as""),$B317)","=IFERROR(GOOGLETRANSLATE($B317,""en"",""gom""),$B317)","=IFERROR(GOOGLETRANSLATE($B317,""en"",""gu""),$B317)","=IFERROR(GOOGLETRANSLATE($B317,""en"",""mr""),$B317)","=IFERROR(GOOGLETRANSLATE($B317,""en"",""mni-Mtei""),$B317)","=IFERROR(GOOGLETRANSLATE($B317,""en"",""lus""),$B317)","=IFERROR(GOOGLETRANSLATE($B317,""en"",""or""),$B317)","=IFERROR(GOOGLETRANSLATE($B317,""en"",""pa""),$B317)","=IFERROR(GOOGLETRANSLATE($B317,""en"",""ne""),$B317)","=IFERROR(GOOGLETRANSLATE($B317,""en"",""bn""),$B317)","=IFERROR(GOOGLETRANSLATE($B317,""en"",""ks""),$B317)",=$B317
ui_0317,Photo quick actions,"=IFERROR(GOOGLETRANSLATE($B318,""en"",""as""),$B318)","=IFERROR(GOOGLETRANSLATE($B318,""en"",""gom""),$B318)","=IFERROR(GOOGLETRANSLATE($B318,""en"",""gu""),$B318)","=IFERROR(GOOGLETRANSLATE($B318,""en"",""mr""),$B318)","=IFERROR(GOOGLETRANSLATE($B318,""en"",""mni-Mtei""),$B318)","=IFERROR(GOOGLETRANSLATE($B318,""en"",""lus""),$B318)","=IFERROR(GOOGLETRANSLATE($B318,""en"",""or""),$B318)","=IFERROR(GOOGLETRANSLATE($B318,""en"",""pa""),$B318)","=IFERROR(GOOGLETRANSLATE($B318,""en"",""ne""),$B318)","=IFERROR(GOOGLETRANSLATE($B318,""en"",""bn""),$B318)","=IFERROR(GOOGLETRANSLATE($B318,""en"",""ks""),$B318)",=$B318
ui_0318,Photo selected,"=IFERROR(GOOGLETRANSLATE($B319,""en"",""as""),$B319)","=IFERROR(GOOGLETRANSLATE($B319,""en"",""gom""),$B319)","=IFERROR(GOOGLETRANSLATE($B319,""en"",""gu""),$B319)","=IFERROR(GOOGLETRANSLATE($B319,""en"",""mr""),$B319)","=IFERROR(GOOGLETRANSLATE($B319,""en"",""mni-Mtei""),$B319)","=IFERROR(GOOGLETRANSLATE($B319,""en"",""lus""),$B319)","=IFERROR(GOOGLETRANSLATE($B319,""en"",""or""),$B319)","=IFERROR(GOOGLETRANSLATE($B319,""en"",""pa""),$B319)","=IFERROR(GOOGLETRANSLATE($B319,""en"",""ne""),$B319)","=IFERROR(GOOGLETRANSLATE($B319,""en"",""bn""),$B319)","=IFERROR(GOOGLETRANSLATE($B319,""en"",""ks""),$B319)",=$B319
ui_0319,Photo tool: add from Gallery or Camera.,"=IFERROR(GOOGLETRANSLATE($B320,""en"",""as""),$B320)","=IFERROR(GOOGLETRANSLATE($B320,""en"",""gom""),$B320)","=IFERROR(GOOGLETRANSLATE($B320,""en"",""gu""),$B320)","=IFERROR(GOOGLETRANSLATE($B320,""en"",""mr""),$B320)","=IFERROR(GOOGLETRANSLATE($B320,""en"",""mni-Mtei""),$B320)","=IFERROR(GOOGLETRANSLATE($B320,""en"",""lus""),$B320)","=IFERROR(GOOGLETRANSLATE($B320,""en"",""or""),$B320)","=IFERROR(GOOGLETRANSLATE($B320,""en"",""pa""),$B320)","=IFERROR(GOOGLETRANSLATE($B320,""en"",""ne""),$B320)","=IFERROR(GOOGLETRANSLATE($B320,""en"",""bn""),$B320)","=IFERROR(GOOGLETRANSLATE($B320,""en"",""ks""),$B320)",=$B320
ui_0320,"Photo was added, but background removal did not complete. Using the original photo for now.","=IFERROR(GOOGLETRANSLATE($B321,""en"",""as""),$B321)","=IFERROR(GOOGLETRANSLATE($B321,""en"",""gom""),$B321)","=IFERROR(GOOGLETRANSLATE($B321,""en"",""gu""),$B321)","=IFERROR(GOOGLETRANSLATE($B321,""en"",""mr""),$B321)","=IFERROR(GOOGLETRANSLATE($B321,""en"",""mni-Mtei""),$B321)","=IFERROR(GOOGLETRANSLATE($B321,""en"",""lus""),$B321)","=IFERROR(GOOGLETRANSLATE($B321,""en"",""or""),$B321)","=IFERROR(GOOGLETRANSLATE($B321,""en"",""pa""),$B321)","=IFERROR(GOOGLETRANSLATE($B321,""en"",""ne""),$B321)","=IFERROR(GOOGLETRANSLATE($B321,""en"",""bn""),$B321)","=IFERROR(GOOGLETRANSLATE($B321,""en"",""ks""),$B321)",=$B321
ui_0321,"Photo was saved, but background removal did not complete. Please try again after some time.","=IFERROR(GOOGLETRANSLATE($B322,""en"",""as""),$B322)","=IFERROR(GOOGLETRANSLATE($B322,""en"",""gom""),$B322)","=IFERROR(GOOGLETRANSLATE($B322,""en"",""gu""),$B322)","=IFERROR(GOOGLETRANSLATE($B322,""en"",""mr""),$B322)","=IFERROR(GOOGLETRANSLATE($B322,""en"",""mni-Mtei""),$B322)","=IFERROR(GOOGLETRANSLATE($B322,""en"",""lus""),$B322)","=IFERROR(GOOGLETRANSLATE($B322,""en"",""or""),$B322)","=IFERROR(GOOGLETRANSLATE($B322,""en"",""pa""),$B322)","=IFERROR(GOOGLETRANSLATE($B322,""en"",""ne""),$B322)","=IFERROR(GOOGLETRANSLATE($B322,""en"",""bn""),$B322)","=IFERROR(GOOGLETRANSLATE($B322,""en"",""ks""),$B322)",=$B322
ui_0322,Photos access granted.,"=IFERROR(GOOGLETRANSLATE($B323,""en"",""as""),$B323)","=IFERROR(GOOGLETRANSLATE($B323,""en"",""gom""),$B323)","=IFERROR(GOOGLETRANSLATE($B323,""en"",""gu""),$B323)","=IFERROR(GOOGLETRANSLATE($B323,""en"",""mr""),$B323)","=IFERROR(GOOGLETRANSLATE($B323,""en"",""mni-Mtei""),$B323)","=IFERROR(GOOGLETRANSLATE($B323,""en"",""lus""),$B323)","=IFERROR(GOOGLETRANSLATE($B323,""en"",""or""),$B323)","=IFERROR(GOOGLETRANSLATE($B323,""en"",""pa""),$B323)","=IFERROR(GOOGLETRANSLATE($B323,""en"",""ne""),$B323)","=IFERROR(GOOGLETRANSLATE($B323,""en"",""bn""),$B323)","=IFERROR(GOOGLETRANSLATE($B323,""en"",""ks""),$B323)",=$B323
ui_0323,Photos access is off.,"=IFERROR(GOOGLETRANSLATE($B324,""en"",""as""),$B324)","=IFERROR(GOOGLETRANSLATE($B324,""en"",""gom""),$B324)","=IFERROR(GOOGLETRANSLATE($B324,""en"",""gu""),$B324)","=IFERROR(GOOGLETRANSLATE($B324,""en"",""mr""),$B324)","=IFERROR(GOOGLETRANSLATE($B324,""en"",""mni-Mtei""),$B324)","=IFERROR(GOOGLETRANSLATE($B324,""en"",""lus""),$B324)","=IFERROR(GOOGLETRANSLATE($B324,""en"",""or""),$B324)","=IFERROR(GOOGLETRANSLATE($B324,""en"",""pa""),$B324)","=IFERROR(GOOGLETRANSLATE($B324,""en"",""ne""),$B324)","=IFERROR(GOOGLETRANSLATE($B324,""en"",""bn""),$B324)","=IFERROR(GOOGLETRANSLATE($B324,""en"",""ks""),$B324)",=$B324
ui_0324,"Photos, Permissions, and Storage","=IFERROR(GOOGLETRANSLATE($B325,""en"",""as""),$B325)","=IFERROR(GOOGLETRANSLATE($B325,""en"",""gom""),$B325)","=IFERROR(GOOGLETRANSLATE($B325,""en"",""gu""),$B325)","=IFERROR(GOOGLETRANSLATE($B325,""en"",""mr""),$B325)","=IFERROR(GOOGLETRANSLATE($B325,""en"",""mni-Mtei""),$B325)","=IFERROR(GOOGLETRANSLATE($B325,""en"",""lus""),$B325)","=IFERROR(GOOGLETRANSLATE($B325,""en"",""or""),$B325)","=IFERROR(GOOGLETRANSLATE($B325,""en"",""pa""),$B325)","=IFERROR(GOOGLETRANSLATE($B325,""en"",""ne""),$B325)","=IFERROR(GOOGLETRANSLATE($B325,""en"",""bn""),$B325)","=IFERROR(GOOGLETRANSLATE($B325,""en"",""ks""),$B325)",=$B325
ui_0325,"Photos, storage and other access","=IFERROR(GOOGLETRANSLATE($B326,""en"",""as""),$B326)","=IFERROR(GOOGLETRANSLATE($B326,""en"",""gom""),$B326)","=IFERROR(GOOGLETRANSLATE($B326,""en"",""gu""),$B326)","=IFERROR(GOOGLETRANSLATE($B326,""en"",""mr""),$B326)","=IFERROR(GOOGLETRANSLATE($B326,""en"",""mni-Mtei""),$B326)","=IFERROR(GOOGLETRANSLATE($B326,""en"",""lus""),$B326)","=IFERROR(GOOGLETRANSLATE($B326,""en"",""or""),$B326)","=IFERROR(GOOGLETRANSLATE($B326,""en"",""pa""),$B326)","=IFERROR(GOOGLETRANSLATE($B326,""en"",""ne""),$B326)","=IFERROR(GOOGLETRANSLATE($B326,""en"",""bn""),$B326)","=IFERROR(GOOGLETRANSLATE($B326,""en"",""ks""),$B326)",=$B326
ui_0326,Photos/Gallery,"=IFERROR(GOOGLETRANSLATE($B327,""en"",""as""),$B327)","=IFERROR(GOOGLETRANSLATE($B327,""en"",""gom""),$B327)","=IFERROR(GOOGLETRANSLATE($B327,""en"",""gu""),$B327)","=IFERROR(GOOGLETRANSLATE($B327,""en"",""mr""),$B327)","=IFERROR(GOOGLETRANSLATE($B327,""en"",""mni-Mtei""),$B327)","=IFERROR(GOOGLETRANSLATE($B327,""en"",""lus""),$B327)","=IFERROR(GOOGLETRANSLATE($B327,""en"",""or""),$B327)","=IFERROR(GOOGLETRANSLATE($B327,""en"",""pa""),$B327)","=IFERROR(GOOGLETRANSLATE($B327,""en"",""ne""),$B327)","=IFERROR(GOOGLETRANSLATE($B327,""en"",""bn""),$B327)","=IFERROR(GOOGLETRANSLATE($B327,""en"",""ks""),$B327)",=$B327
ui_0327,"Pick size and background, then start your design.","=IFERROR(GOOGLETRANSLATE($B328,""en"",""as""),$B328)","=IFERROR(GOOGLETRANSLATE($B328,""en"",""gom""),$B328)","=IFERROR(GOOGLETRANSLATE($B328,""en"",""gu""),$B328)","=IFERROR(GOOGLETRANSLATE($B328,""en"",""mr""),$B328)","=IFERROR(GOOGLETRANSLATE($B328,""en"",""mni-Mtei""),$B328)","=IFERROR(GOOGLETRANSLATE($B328,""en"",""lus""),$B328)","=IFERROR(GOOGLETRANSLATE($B328,""en"",""or""),$B328)","=IFERROR(GOOGLETRANSLATE($B328,""en"",""pa""),$B328)","=IFERROR(GOOGLETRANSLATE($B328,""en"",""ne""),$B328)","=IFERROR(GOOGLETRANSLATE($B328,""en"",""bn""),$B328)","=IFERROR(GOOGLETRANSLATE($B328,""en"",""ks""),$B328)",=$B328
ui_0328,"Pick size and background, then start.","=IFERROR(GOOGLETRANSLATE($B329,""en"",""as""),$B329)","=IFERROR(GOOGLETRANSLATE($B329,""en"",""gom""),$B329)","=IFERROR(GOOGLETRANSLATE($B329,""en"",""gu""),$B329)","=IFERROR(GOOGLETRANSLATE($B329,""en"",""mr""),$B329)","=IFERROR(GOOGLETRANSLATE($B329,""en"",""mni-Mtei""),$B329)","=IFERROR(GOOGLETRANSLATE($B329,""en"",""lus""),$B329)","=IFERROR(GOOGLETRANSLATE($B329,""en"",""or""),$B329)","=IFERROR(GOOGLETRANSLATE($B329,""en"",""pa""),$B329)","=IFERROR(GOOGLETRANSLATE($B329,""en"",""ne""),$B329)","=IFERROR(GOOGLETRANSLATE($B329,""en"",""bn""),$B329)","=IFERROR(GOOGLETRANSLATE($B329,""en"",""ks""),$B329)",=$B329
ui_0329,Pixels,"=IFERROR(GOOGLETRANSLATE($B330,""en"",""as""),$B330)","=IFERROR(GOOGLETRANSLATE($B330,""en"",""gom""),$B330)","=IFERROR(GOOGLETRANSLATE($B330,""en"",""gu""),$B330)","=IFERROR(GOOGLETRANSLATE($B330,""en"",""mr""),$B330)","=IFERROR(GOOGLETRANSLATE($B330,""en"",""mni-Mtei""),$B330)","=IFERROR(GOOGLETRANSLATE($B330,""en"",""lus""),$B330)","=IFERROR(GOOGLETRANSLATE($B330,""en"",""or""),$B330)","=IFERROR(GOOGLETRANSLATE($B330,""en"",""pa""),$B330)","=IFERROR(GOOGLETRANSLATE($B330,""en"",""ne""),$B330)","=IFERROR(GOOGLETRANSLATE($B330,""en"",""bn""),$B330)","=IFERROR(GOOGLETRANSLATE($B330,""en"",""ks""),$B330)",=$B330
ui_0330,Plan info mode,"=IFERROR(GOOGLETRANSLATE($B331,""en"",""as""),$B331)","=IFERROR(GOOGLETRANSLATE($B331,""en"",""gom""),$B331)","=IFERROR(GOOGLETRANSLATE($B331,""en"",""gu""),$B331)","=IFERROR(GOOGLETRANSLATE($B331,""en"",""mr""),$B331)","=IFERROR(GOOGLETRANSLATE($B331,""en"",""mni-Mtei""),$B331)","=IFERROR(GOOGLETRANSLATE($B331,""en"",""lus""),$B331)","=IFERROR(GOOGLETRANSLATE($B331,""en"",""or""),$B331)","=IFERROR(GOOGLETRANSLATE($B331,""en"",""pa""),$B331)","=IFERROR(GOOGLETRANSLATE($B331,""en"",""ne""),$B331)","=IFERROR(GOOGLETRANSLATE($B331,""en"",""bn""),$B331)","=IFERROR(GOOGLETRANSLATE($B331,""en"",""ks""),$B331)",=$B331
ui_0331,Please add an image or text,"=IFERROR(GOOGLETRANSLATE($B332,""en"",""as""),$B332)","=IFERROR(GOOGLETRANSLATE($B332,""en"",""gom""),$B332)","=IFERROR(GOOGLETRANSLATE($B332,""en"",""gu""),$B332)","=IFERROR(GOOGLETRANSLATE($B332,""en"",""mr""),$B332)","=IFERROR(GOOGLETRANSLATE($B332,""en"",""mni-Mtei""),$B332)","=IFERROR(GOOGLETRANSLATE($B332,""en"",""lus""),$B332)","=IFERROR(GOOGLETRANSLATE($B332,""en"",""or""),$B332)","=IFERROR(GOOGLETRANSLATE($B332,""en"",""pa""),$B332)","=IFERROR(GOOGLETRANSLATE($B332,""en"",""ne""),$B332)","=IFERROR(GOOGLETRANSLATE($B332,""en"",""bn""),$B332)","=IFERROR(GOOGLETRANSLATE($B332,""en"",""ks""),$B332)",=$B332
ui_0332,Please log in again and retry account deletion.,"=IFERROR(GOOGLETRANSLATE($B333,""en"",""as""),$B333)","=IFERROR(GOOGLETRANSLATE($B333,""en"",""gom""),$B333)","=IFERROR(GOOGLETRANSLATE($B333,""en"",""gu""),$B333)","=IFERROR(GOOGLETRANSLATE($B333,""en"",""mr""),$B333)","=IFERROR(GOOGLETRANSLATE($B333,""en"",""mni-Mtei""),$B333)","=IFERROR(GOOGLETRANSLATE($B333,""en"",""lus""),$B333)","=IFERROR(GOOGLETRANSLATE($B333,""en"",""or""),$B333)","=IFERROR(GOOGLETRANSLATE($B333,""en"",""pa""),$B333)","=IFERROR(GOOGLETRANSLATE($B333,""en"",""ne""),$B333)","=IFERROR(GOOGLETRANSLATE($B333,""en"",""bn""),$B333)","=IFERROR(GOOGLETRANSLATE($B333,""en"",""ks""),$B333)",=$B333
ui_0333,Please refresh or try another template.,"=IFERROR(GOOGLETRANSLATE($B334,""en"",""as""),$B334)","=IFERROR(GOOGLETRANSLATE($B334,""en"",""gom""),$B334)","=IFERROR(GOOGLETRANSLATE($B334,""en"",""gu""),$B334)","=IFERROR(GOOGLETRANSLATE($B334,""en"",""mr""),$B334)","=IFERROR(GOOGLETRANSLATE($B334,""en"",""mni-Mtei""),$B334)","=IFERROR(GOOGLETRANSLATE($B334,""en"",""lus""),$B334)","=IFERROR(GOOGLETRANSLATE($B334,""en"",""or""),$B334)","=IFERROR(GOOGLETRANSLATE($B334,""en"",""pa""),$B334)","=IFERROR(GOOGLETRANSLATE($B334,""en"",""ne""),$B334)","=IFERROR(GOOGLETRANSLATE($B334,""en"",""bn""),$B334)","=IFERROR(GOOGLETRANSLATE($B334,""en"",""ks""),$B334)",=$B334
ui_0334,Please select an image or write a quote,"=IFERROR(GOOGLETRANSLATE($B335,""en"",""as""),$B335)","=IFERROR(GOOGLETRANSLATE($B335,""en"",""gom""),$B335)","=IFERROR(GOOGLETRANSLATE($B335,""en"",""gu""),$B335)","=IFERROR(GOOGLETRANSLATE($B335,""en"",""mr""),$B335)","=IFERROR(GOOGLETRANSLATE($B335,""en"",""mni-Mtei""),$B335)","=IFERROR(GOOGLETRANSLATE($B335,""en"",""lus""),$B335)","=IFERROR(GOOGLETRANSLATE($B335,""en"",""or""),$B335)","=IFERROR(GOOGLETRANSLATE($B335,""en"",""pa""),$B335)","=IFERROR(GOOGLETRANSLATE($B335,""en"",""ne""),$B335)","=IFERROR(GOOGLETRANSLATE($B335,""en"",""bn""),$B335)","=IFERROR(GOOGLETRANSLATE($B335,""en"",""ks""),$B335)",=$B335
ui_0335,Please select State/Union Territory first,"=IFERROR(GOOGLETRANSLATE($B336,""en"",""as""),$B336)","=IFERROR(GOOGLETRANSLATE($B336,""en"",""gom""),$B336)","=IFERROR(GOOGLETRANSLATE($B336,""en"",""gu""),$B336)","=IFERROR(GOOGLETRANSLATE($B336,""en"",""mr""),$B336)","=IFERROR(GOOGLETRANSLATE($B336,""en"",""mni-Mtei""),$B336)","=IFERROR(GOOGLETRANSLATE($B336,""en"",""lus""),$B336)","=IFERROR(GOOGLETRANSLATE($B336,""en"",""or""),$B336)","=IFERROR(GOOGLETRANSLATE($B336,""en"",""pa""),$B336)","=IFERROR(GOOGLETRANSLATE($B336,""en"",""ne""),$B336)","=IFERROR(GOOGLETRANSLATE($B336,""en"",""bn""),$B336)","=IFERROR(GOOGLETRANSLATE($B336,""en"",""ks""),$B336)",=$B336
ui_0336,Please try again shortly.,"=IFERROR(GOOGLETRANSLATE($B337,""en"",""as""),$B337)","=IFERROR(GOOGLETRANSLATE($B337,""en"",""gom""),$B337)","=IFERROR(GOOGLETRANSLATE($B337,""en"",""gu""),$B337)","=IFERROR(GOOGLETRANSLATE($B337,""en"",""mr""),$B337)","=IFERROR(GOOGLETRANSLATE($B337,""en"",""mni-Mtei""),$B337)","=IFERROR(GOOGLETRANSLATE($B337,""en"",""lus""),$B337)","=IFERROR(GOOGLETRANSLATE($B337,""en"",""or""),$B337)","=IFERROR(GOOGLETRANSLATE($B337,""en"",""pa""),$B337)","=IFERROR(GOOGLETRANSLATE($B337,""en"",""ne""),$B337)","=IFERROR(GOOGLETRANSLATE($B337,""en"",""bn""),$B337)","=IFERROR(GOOGLETRANSLATE($B337,""en"",""ks""),$B337)",=$B337
ui_0337,Please try again.,"=IFERROR(GOOGLETRANSLATE($B338,""en"",""as""),$B338)","=IFERROR(GOOGLETRANSLATE($B338,""en"",""gom""),$B338)","=IFERROR(GOOGLETRANSLATE($B338,""en"",""gu""),$B338)","=IFERROR(GOOGLETRANSLATE($B338,""en"",""mr""),$B338)","=IFERROR(GOOGLETRANSLATE($B338,""en"",""mni-Mtei""),$B338)","=IFERROR(GOOGLETRANSLATE($B338,""en"",""lus""),$B338)","=IFERROR(GOOGLETRANSLATE($B338,""en"",""or""),$B338)","=IFERROR(GOOGLETRANSLATE($B338,""en"",""pa""),$B338)","=IFERROR(GOOGLETRANSLATE($B338,""en"",""ne""),$B338)","=IFERROR(GOOGLETRANSLATE($B338,""en"",""bn""),$B338)","=IFERROR(GOOGLETRANSLATE($B338,""en"",""ks""),$B338)",=$B338
ui_0338,"Please wait, current editor job is still running","=IFERROR(GOOGLETRANSLATE($B339,""en"",""as""),$B339)","=IFERROR(GOOGLETRANSLATE($B339,""en"",""gom""),$B339)","=IFERROR(GOOGLETRANSLATE($B339,""en"",""gu""),$B339)","=IFERROR(GOOGLETRANSLATE($B339,""en"",""mr""),$B339)","=IFERROR(GOOGLETRANSLATE($B339,""en"",""mni-Mtei""),$B339)","=IFERROR(GOOGLETRANSLATE($B339,""en"",""lus""),$B339)","=IFERROR(GOOGLETRANSLATE($B339,""en"",""or""),$B339)","=IFERROR(GOOGLETRANSLATE($B339,""en"",""pa""),$B339)","=IFERROR(GOOGLETRANSLATE($B339,""en"",""ne""),$B339)","=IFERROR(GOOGLETRANSLATE($B339,""en"",""bn""),$B339)","=IFERROR(GOOGLETRANSLATE($B339,""en"",""ks""),$B339)",=$B339
ui_0339,PNG,"=IFERROR(GOOGLETRANSLATE($B340,""en"",""as""),$B340)","=IFERROR(GOOGLETRANSLATE($B340,""en"",""gom""),$B340)","=IFERROR(GOOGLETRANSLATE($B340,""en"",""gu""),$B340)","=IFERROR(GOOGLETRANSLATE($B340,""en"",""mr""),$B340)","=IFERROR(GOOGLETRANSLATE($B340,""en"",""mni-Mtei""),$B340)","=IFERROR(GOOGLETRANSLATE($B340,""en"",""lus""),$B340)","=IFERROR(GOOGLETRANSLATE($B340,""en"",""or""),$B340)","=IFERROR(GOOGLETRANSLATE($B340,""en"",""pa""),$B340)","=IFERROR(GOOGLETRANSLATE($B340,""en"",""ne""),$B340)","=IFERROR(GOOGLETRANSLATE($B340,""en"",""bn""),$B340)","=IFERROR(GOOGLETRANSLATE($B340,""en"",""ks""),$B340)",=$B340
ui_0340,PNG with Background,"=IFERROR(GOOGLETRANSLATE($B341,""en"",""as""),$B341)","=IFERROR(GOOGLETRANSLATE($B341,""en"",""gom""),$B341)","=IFERROR(GOOGLETRANSLATE($B341,""en"",""gu""),$B341)","=IFERROR(GOOGLETRANSLATE($B341,""en"",""mr""),$B341)","=IFERROR(GOOGLETRANSLATE($B341,""en"",""mni-Mtei""),$B341)","=IFERROR(GOOGLETRANSLATE($B341,""en"",""lus""),$B341)","=IFERROR(GOOGLETRANSLATE($B341,""en"",""or""),$B341)","=IFERROR(GOOGLETRANSLATE($B341,""en"",""pa""),$B341)","=IFERROR(GOOGLETRANSLATE($B341,""en"",""ne""),$B341)","=IFERROR(GOOGLETRANSLATE($B341,""en"",""bn""),$B341)","=IFERROR(GOOGLETRANSLATE($B341,""en"",""ks""),$B341)",=$B341
ui_0341,Political Categories and Public Symbols,"=IFERROR(GOOGLETRANSLATE($B342,""en"",""as""),$B342)","=IFERROR(GOOGLETRANSLATE($B342,""en"",""gom""),$B342)","=IFERROR(GOOGLETRANSLATE($B342,""en"",""gu""),$B342)","=IFERROR(GOOGLETRANSLATE($B342,""en"",""mr""),$B342)","=IFERROR(GOOGLETRANSLATE($B342,""en"",""mni-Mtei""),$B342)","=IFERROR(GOOGLETRANSLATE($B342,""en"",""lus""),$B342)","=IFERROR(GOOGLETRANSLATE($B342,""en"",""or""),$B342)","=IFERROR(GOOGLETRANSLATE($B342,""en"",""pa""),$B342)","=IFERROR(GOOGLETRANSLATE($B342,""en"",""ne""),$B342)","=IFERROR(GOOGLETRANSLATE($B342,""en"",""bn""),$B342)","=IFERROR(GOOGLETRANSLATE($B342,""en"",""ks""),$B342)",=$B342
ui_0342,Political Parties,"=IFERROR(GOOGLETRANSLATE($B343,""en"",""as""),$B343)","=IFERROR(GOOGLETRANSLATE($B343,""en"",""gom""),$B343)","=IFERROR(GOOGLETRANSLATE($B343,""en"",""gu""),$B343)","=IFERROR(GOOGLETRANSLATE($B343,""en"",""mr""),$B343)","=IFERROR(GOOGLETRANSLATE($B343,""en"",""mni-Mtei""),$B343)","=IFERROR(GOOGLETRANSLATE($B343,""en"",""lus""),$B343)","=IFERROR(GOOGLETRANSLATE($B343,""en"",""or""),$B343)","=IFERROR(GOOGLETRANSLATE($B343,""en"",""pa""),$B343)","=IFERROR(GOOGLETRANSLATE($B343,""en"",""ne""),$B343)","=IFERROR(GOOGLETRANSLATE($B343,""en"",""bn""),$B343)","=IFERROR(GOOGLETRANSLATE($B343,""en"",""ks""),$B343)",=$B343
ui_0343,"Political party categories, party names, party symbols/logos, State/Union Territory emblems, and public identifiers may be shown only for category navigation, regional relevance, and poster discovery. They do not imply endorsement, affiliation, sponsorship, or any political claim by Mana Poster Ai. Users creating political or public-interest content are responsible for complying with applicable laws, election rules, platform policies, copyright/trademark rights, and factual accuracy.","=IFERROR(GOOGLETRANSLATE($B344,""en"",""as""),$B344)","=IFERROR(GOOGLETRANSLATE($B344,""en"",""gom""),$B344)","=IFERROR(GOOGLETRANSLATE($B344,""en"",""gu""),$B344)","=IFERROR(GOOGLETRANSLATE($B344,""en"",""mr""),$B344)","=IFERROR(GOOGLETRANSLATE($B344,""en"",""mni-Mtei""),$B344)","=IFERROR(GOOGLETRANSLATE($B344,""en"",""lus""),$B344)","=IFERROR(GOOGLETRANSLATE($B344,""en"",""or""),$B344)","=IFERROR(GOOGLETRANSLATE($B344,""en"",""pa""),$B344)","=IFERROR(GOOGLETRANSLATE($B344,""en"",""ne""),$B344)","=IFERROR(GOOGLETRANSLATE($B344,""en"",""bn""),$B344)","=IFERROR(GOOGLETRANSLATE($B344,""en"",""ks""),$B344)",=$B344
ui_0344,Poster access and export features follow the active subscription plan.,"=IFERROR(GOOGLETRANSLATE($B345,""en"",""as""),$B345)","=IFERROR(GOOGLETRANSLATE($B345,""en"",""gom""),$B345)","=IFERROR(GOOGLETRANSLATE($B345,""en"",""gu""),$B345)","=IFERROR(GOOGLETRANSLATE($B345,""en"",""mr""),$B345)","=IFERROR(GOOGLETRANSLATE($B345,""en"",""mni-Mtei""),$B345)","=IFERROR(GOOGLETRANSLATE($B345,""en"",""lus""),$B345)","=IFERROR(GOOGLETRANSLATE($B345,""en"",""or""),$B345)","=IFERROR(GOOGLETRANSLATE($B345,""en"",""pa""),$B345)","=IFERROR(GOOGLETRANSLATE($B345,""en"",""ne""),$B345)","=IFERROR(GOOGLETRANSLATE($B345,""en"",""bn""),$B345)","=IFERROR(GOOGLETRANSLATE($B345,""en"",""ks""),$B345)",=$B345
ui_0345,Poster is not ready yet. Please try again.,"=IFERROR(GOOGLETRANSLATE($B346,""en"",""as""),$B346)","=IFERROR(GOOGLETRANSLATE($B346,""en"",""gom""),$B346)","=IFERROR(GOOGLETRANSLATE($B346,""en"",""gu""),$B346)","=IFERROR(GOOGLETRANSLATE($B346,""en"",""mr""),$B346)","=IFERROR(GOOGLETRANSLATE($B346,""en"",""mni-Mtei""),$B346)","=IFERROR(GOOGLETRANSLATE($B346,""en"",""lus""),$B346)","=IFERROR(GOOGLETRANSLATE($B346,""en"",""or""),$B346)","=IFERROR(GOOGLETRANSLATE($B346,""en"",""pa""),$B346)","=IFERROR(GOOGLETRANSLATE($B346,""en"",""ne""),$B346)","=IFERROR(GOOGLETRANSLATE($B346,""en"",""bn""),$B346)","=IFERROR(GOOGLETRANSLATE($B346,""en"",""ks""),$B346)",=$B346
ui_0346,Poster Profile,"=IFERROR(GOOGLETRANSLATE($B347,""en"",""as""),$B347)","=IFERROR(GOOGLETRANSLATE($B347,""en"",""gom""),$B347)","=IFERROR(GOOGLETRANSLATE($B347,""en"",""gu""),$B347)","=IFERROR(GOOGLETRANSLATE($B347,""en"",""mr""),$B347)","=IFERROR(GOOGLETRANSLATE($B347,""en"",""mni-Mtei""),$B347)","=IFERROR(GOOGLETRANSLATE($B347,""en"",""lus""),$B347)","=IFERROR(GOOGLETRANSLATE($B347,""en"",""or""),$B347)","=IFERROR(GOOGLETRANSLATE($B347,""en"",""pa""),$B347)","=IFERROR(GOOGLETRANSLATE($B347,""en"",""ne""),$B347)","=IFERROR(GOOGLETRANSLATE($B347,""en"",""bn""),$B347)","=IFERROR(GOOGLETRANSLATE($B347,""en"",""ks""),$B347)",=$B347
ui_0347,Poster saved to gallery.,"=IFERROR(GOOGLETRANSLATE($B348,""en"",""as""),$B348)","=IFERROR(GOOGLETRANSLATE($B348,""en"",""gom""),$B348)","=IFERROR(GOOGLETRANSLATE($B348,""en"",""gu""),$B348)","=IFERROR(GOOGLETRANSLATE($B348,""en"",""mr""),$B348)","=IFERROR(GOOGLETRANSLATE($B348,""en"",""mni-Mtei""),$B348)","=IFERROR(GOOGLETRANSLATE($B348,""en"",""lus""),$B348)","=IFERROR(GOOGLETRANSLATE($B348,""en"",""or""),$B348)","=IFERROR(GOOGLETRANSLATE($B348,""en"",""pa""),$B348)","=IFERROR(GOOGLETRANSLATE($B348,""en"",""ne""),$B348)","=IFERROR(GOOGLETRANSLATE($B348,""en"",""bn""),$B348)","=IFERROR(GOOGLETRANSLATE($B348,""en"",""ks""),$B348)",=$B348
ui_0348,Poster workspace,"=IFERROR(GOOGLETRANSLATE($B349,""en"",""as""),$B349)","=IFERROR(GOOGLETRANSLATE($B349,""en"",""gom""),$B349)","=IFERROR(GOOGLETRANSLATE($B349,""en"",""gu""),$B349)","=IFERROR(GOOGLETRANSLATE($B349,""en"",""mr""),$B349)","=IFERROR(GOOGLETRANSLATE($B349,""en"",""mni-Mtei""),$B349)","=IFERROR(GOOGLETRANSLATE($B349,""en"",""lus""),$B349)","=IFERROR(GOOGLETRANSLATE($B349,""en"",""or""),$B349)","=IFERROR(GOOGLETRANSLATE($B349,""en"",""pa""),$B349)","=IFERROR(GOOGLETRANSLATE($B349,""en"",""ne""),$B349)","=IFERROR(GOOGLETRANSLATE($B349,""en"",""bn""),$B349)","=IFERROR(GOOGLETRANSLATE($B349,""en"",""ks""),$B349)",=$B349
ui_0349,Posters you download appear here.,"=IFERROR(GOOGLETRANSLATE($B350,""en"",""as""),$B350)","=IFERROR(GOOGLETRANSLATE($B350,""en"",""gom""),$B350)","=IFERROR(GOOGLETRANSLATE($B350,""en"",""gu""),$B350)","=IFERROR(GOOGLETRANSLATE($B350,""en"",""mr""),$B350)","=IFERROR(GOOGLETRANSLATE($B350,""en"",""mni-Mtei""),$B350)","=IFERROR(GOOGLETRANSLATE($B350,""en"",""lus""),$B350)","=IFERROR(GOOGLETRANSLATE($B350,""en"",""or""),$B350)","=IFERROR(GOOGLETRANSLATE($B350,""en"",""pa""),$B350)","=IFERROR(GOOGLETRANSLATE($B350,""en"",""ne""),$B350)","=IFERROR(GOOGLETRANSLATE($B350,""en"",""bn""),$B350)","=IFERROR(GOOGLETRANSLATE($B350,""en"",""ks""),$B350)",=$B350
ui_0350,Premium Gift,"=IFERROR(GOOGLETRANSLATE($B351,""en"",""as""),$B351)","=IFERROR(GOOGLETRANSLATE($B351,""en"",""gom""),$B351)","=IFERROR(GOOGLETRANSLATE($B351,""en"",""gu""),$B351)","=IFERROR(GOOGLETRANSLATE($B351,""en"",""mr""),$B351)","=IFERROR(GOOGLETRANSLATE($B351,""en"",""mni-Mtei""),$B351)","=IFERROR(GOOGLETRANSLATE($B351,""en"",""lus""),$B351)","=IFERROR(GOOGLETRANSLATE($B351,""en"",""or""),$B351)","=IFERROR(GOOGLETRANSLATE($B351,""en"",""pa""),$B351)","=IFERROR(GOOGLETRANSLATE($B351,""en"",""ne""),$B351)","=IFERROR(GOOGLETRANSLATE($B351,""en"",""bn""),$B351)","=IFERROR(GOOGLETRANSLATE($B351,""en"",""ks""),$B351)",=$B351
ui_0351,Preparing your photo. Please wait.,"=IFERROR(GOOGLETRANSLATE($B352,""en"",""as""),$B352)","=IFERROR(GOOGLETRANSLATE($B352,""en"",""gom""),$B352)","=IFERROR(GOOGLETRANSLATE($B352,""en"",""gu""),$B352)","=IFERROR(GOOGLETRANSLATE($B352,""en"",""mr""),$B352)","=IFERROR(GOOGLETRANSLATE($B352,""en"",""mni-Mtei""),$B352)","=IFERROR(GOOGLETRANSLATE($B352,""en"",""lus""),$B352)","=IFERROR(GOOGLETRANSLATE($B352,""en"",""or""),$B352)","=IFERROR(GOOGLETRANSLATE($B352,""en"",""pa""),$B352)","=IFERROR(GOOGLETRANSLATE($B352,""en"",""ne""),$B352)","=IFERROR(GOOGLETRANSLATE($B352,""en"",""bn""),$B352)","=IFERROR(GOOGLETRANSLATE($B352,""en"",""ks""),$B352)",=$B352
ui_0352,Preparing...,"=IFERROR(GOOGLETRANSLATE($B353,""en"",""as""),$B353)","=IFERROR(GOOGLETRANSLATE($B353,""en"",""gom""),$B353)","=IFERROR(GOOGLETRANSLATE($B353,""en"",""gu""),$B353)","=IFERROR(GOOGLETRANSLATE($B353,""en"",""mr""),$B353)","=IFERROR(GOOGLETRANSLATE($B353,""en"",""mni-Mtei""),$B353)","=IFERROR(GOOGLETRANSLATE($B353,""en"",""lus""),$B353)","=IFERROR(GOOGLETRANSLATE($B353,""en"",""or""),$B353)","=IFERROR(GOOGLETRANSLATE($B353,""en"",""pa""),$B353)","=IFERROR(GOOGLETRANSLATE($B353,""en"",""ne""),$B353)","=IFERROR(GOOGLETRANSLATE($B353,""en"",""bn""),$B353)","=IFERROR(GOOGLETRANSLATE($B353,""en"",""ks""),$B353)",=$B353
ui_0353,Preview,"=IFERROR(GOOGLETRANSLATE($B354,""en"",""as""),$B354)","=IFERROR(GOOGLETRANSLATE($B354,""en"",""gom""),$B354)","=IFERROR(GOOGLETRANSLATE($B354,""en"",""gu""),$B354)","=IFERROR(GOOGLETRANSLATE($B354,""en"",""mr""),$B354)","=IFERROR(GOOGLETRANSLATE($B354,""en"",""mni-Mtei""),$B354)","=IFERROR(GOOGLETRANSLATE($B354,""en"",""lus""),$B354)","=IFERROR(GOOGLETRANSLATE($B354,""en"",""or""),$B354)","=IFERROR(GOOGLETRANSLATE($B354,""en"",""pa""),$B354)","=IFERROR(GOOGLETRANSLATE($B354,""en"",""ne""),$B354)","=IFERROR(GOOGLETRANSLATE($B354,""en"",""bn""),$B354)","=IFERROR(GOOGLETRANSLATE($B354,""en"",""ks""),$B354)",=$B354
ui_0354,Privacy Policy,"=IFERROR(GOOGLETRANSLATE($B355,""en"",""as""),$B355)","=IFERROR(GOOGLETRANSLATE($B355,""en"",""gom""),$B355)","=IFERROR(GOOGLETRANSLATE($B355,""en"",""gu""),$B355)","=IFERROR(GOOGLETRANSLATE($B355,""en"",""mr""),$B355)","=IFERROR(GOOGLETRANSLATE($B355,""en"",""mni-Mtei""),$B355)","=IFERROR(GOOGLETRANSLATE($B355,""en"",""lus""),$B355)","=IFERROR(GOOGLETRANSLATE($B355,""en"",""or""),$B355)","=IFERROR(GOOGLETRANSLATE($B355,""en"",""pa""),$B355)","=IFERROR(GOOGLETRANSLATE($B355,""en"",""ne""),$B355)","=IFERROR(GOOGLETRANSLATE($B355,""en"",""bn""),$B355)","=IFERROR(GOOGLETRANSLATE($B355,""en"",""ks""),$B355)",=$B355
ui_0355,Privacy violation or personal information,"=IFERROR(GOOGLETRANSLATE($B356,""en"",""as""),$B356)","=IFERROR(GOOGLETRANSLATE($B356,""en"",""gom""),$B356)","=IFERROR(GOOGLETRANSLATE($B356,""en"",""gu""),$B356)","=IFERROR(GOOGLETRANSLATE($B356,""en"",""mr""),$B356)","=IFERROR(GOOGLETRANSLATE($B356,""en"",""mni-Mtei""),$B356)","=IFERROR(GOOGLETRANSLATE($B356,""en"",""lus""),$B356)","=IFERROR(GOOGLETRANSLATE($B356,""en"",""or""),$B356)","=IFERROR(GOOGLETRANSLATE($B356,""en"",""pa""),$B356)","=IFERROR(GOOGLETRANSLATE($B356,""en"",""ne""),$B356)","=IFERROR(GOOGLETRANSLATE($B356,""en"",""bn""),$B356)","=IFERROR(GOOGLETRANSLATE($B356,""en"",""ks""),$B356)",=$B356
ui_0356,Profile & Settings,"=IFERROR(GOOGLETRANSLATE($B357,""en"",""as""),$B357)","=IFERROR(GOOGLETRANSLATE($B357,""en"",""gom""),$B357)","=IFERROR(GOOGLETRANSLATE($B357,""en"",""gu""),$B357)","=IFERROR(GOOGLETRANSLATE($B357,""en"",""mr""),$B357)","=IFERROR(GOOGLETRANSLATE($B357,""en"",""mni-Mtei""),$B357)","=IFERROR(GOOGLETRANSLATE($B357,""en"",""lus""),$B357)","=IFERROR(GOOGLETRANSLATE($B357,""en"",""or""),$B357)","=IFERROR(GOOGLETRANSLATE($B357,""en"",""pa""),$B357)","=IFERROR(GOOGLETRANSLATE($B357,""en"",""ne""),$B357)","=IFERROR(GOOGLETRANSLATE($B357,""en"",""bn""),$B357)","=IFERROR(GOOGLETRANSLATE($B357,""en"",""ks""),$B357)",=$B357
ui_0357,Profile details could not be saved,"=IFERROR(GOOGLETRANSLATE($B358,""en"",""as""),$B358)","=IFERROR(GOOGLETRANSLATE($B358,""en"",""gom""),$B358)","=IFERROR(GOOGLETRANSLATE($B358,""en"",""gu""),$B358)","=IFERROR(GOOGLETRANSLATE($B358,""en"",""mr""),$B358)","=IFERROR(GOOGLETRANSLATE($B358,""en"",""mni-Mtei""),$B358)","=IFERROR(GOOGLETRANSLATE($B358,""en"",""lus""),$B358)","=IFERROR(GOOGLETRANSLATE($B358,""en"",""or""),$B358)","=IFERROR(GOOGLETRANSLATE($B358,""en"",""pa""),$B358)","=IFERROR(GOOGLETRANSLATE($B358,""en"",""ne""),$B358)","=IFERROR(GOOGLETRANSLATE($B358,""en"",""bn""),$B358)","=IFERROR(GOOGLETRANSLATE($B358,""en"",""ks""),$B358)",=$B358
ui_0358,Profile preview,"=IFERROR(GOOGLETRANSLATE($B359,""en"",""as""),$B359)","=IFERROR(GOOGLETRANSLATE($B359,""en"",""gom""),$B359)","=IFERROR(GOOGLETRANSLATE($B359,""en"",""gu""),$B359)","=IFERROR(GOOGLETRANSLATE($B359,""en"",""mr""),$B359)","=IFERROR(GOOGLETRANSLATE($B359,""en"",""mni-Mtei""),$B359)","=IFERROR(GOOGLETRANSLATE($B359,""en"",""lus""),$B359)","=IFERROR(GOOGLETRANSLATE($B359,""en"",""or""),$B359)","=IFERROR(GOOGLETRANSLATE($B359,""en"",""pa""),$B359)","=IFERROR(GOOGLETRANSLATE($B359,""en"",""ne""),$B359)","=IFERROR(GOOGLETRANSLATE($B359,""en"",""bn""),$B359)","=IFERROR(GOOGLETRANSLATE($B359,""en"",""ks""),$B359)",=$B359
ui_0359,Profile saved,"=IFERROR(GOOGLETRANSLATE($B360,""en"",""as""),$B360)","=IFERROR(GOOGLETRANSLATE($B360,""en"",""gom""),$B360)","=IFERROR(GOOGLETRANSLATE($B360,""en"",""gu""),$B360)","=IFERROR(GOOGLETRANSLATE($B360,""en"",""mr""),$B360)","=IFERROR(GOOGLETRANSLATE($B360,""en"",""mni-Mtei""),$B360)","=IFERROR(GOOGLETRANSLATE($B360,""en"",""lus""),$B360)","=IFERROR(GOOGLETRANSLATE($B360,""en"",""or""),$B360)","=IFERROR(GOOGLETRANSLATE($B360,""en"",""pa""),$B360)","=IFERROR(GOOGLETRANSLATE($B360,""en"",""ne""),$B360)","=IFERROR(GOOGLETRANSLATE($B360,""en"",""bn""),$B360)","=IFERROR(GOOGLETRANSLATE($B360,""en"",""ks""),$B360)",=$B360
ui_0360,Purchase Membership,"=IFERROR(GOOGLETRANSLATE($B361,""en"",""as""),$B361)","=IFERROR(GOOGLETRANSLATE($B361,""en"",""gom""),$B361)","=IFERROR(GOOGLETRANSLATE($B361,""en"",""gu""),$B361)","=IFERROR(GOOGLETRANSLATE($B361,""en"",""mr""),$B361)","=IFERROR(GOOGLETRANSLATE($B361,""en"",""mni-Mtei""),$B361)","=IFERROR(GOOGLETRANSLATE($B361,""en"",""lus""),$B361)","=IFERROR(GOOGLETRANSLATE($B361,""en"",""or""),$B361)","=IFERROR(GOOGLETRANSLATE($B361,""en"",""pa""),$B361)","=IFERROR(GOOGLETRANSLATE($B361,""en"",""ne""),$B361)","=IFERROR(GOOGLETRANSLATE($B361,""en"",""bn""),$B361)","=IFERROR(GOOGLETRANSLATE($B361,""en"",""ks""),$B361)",=$B361
ui_0361,Quick setup,"=IFERROR(GOOGLETRANSLATE($B362,""en"",""as""),$B362)","=IFERROR(GOOGLETRANSLATE($B362,""en"",""gom""),$B362)","=IFERROR(GOOGLETRANSLATE($B362,""en"",""gu""),$B362)","=IFERROR(GOOGLETRANSLATE($B362,""en"",""mr""),$B362)","=IFERROR(GOOGLETRANSLATE($B362,""en"",""mni-Mtei""),$B362)","=IFERROR(GOOGLETRANSLATE($B362,""en"",""lus""),$B362)","=IFERROR(GOOGLETRANSLATE($B362,""en"",""or""),$B362)","=IFERROR(GOOGLETRANSLATE($B362,""en"",""pa""),$B362)","=IFERROR(GOOGLETRANSLATE($B362,""en"",""ne""),$B362)","=IFERROR(GOOGLETRANSLATE($B362,""en"",""bn""),$B362)","=IFERROR(GOOGLETRANSLATE($B362,""en"",""ks""),$B362)",=$B362
ui_0362,Quote must be 600 characters or less,"=IFERROR(GOOGLETRANSLATE($B363,""en"",""as""),$B363)","=IFERROR(GOOGLETRANSLATE($B363,""en"",""gom""),$B363)","=IFERROR(GOOGLETRANSLATE($B363,""en"",""gu""),$B363)","=IFERROR(GOOGLETRANSLATE($B363,""en"",""mr""),$B363)","=IFERROR(GOOGLETRANSLATE($B363,""en"",""mni-Mtei""),$B363)","=IFERROR(GOOGLETRANSLATE($B363,""en"",""lus""),$B363)","=IFERROR(GOOGLETRANSLATE($B363,""en"",""or""),$B363)","=IFERROR(GOOGLETRANSLATE($B363,""en"",""pa""),$B363)","=IFERROR(GOOGLETRANSLATE($B363,""en"",""ne""),$B363)","=IFERROR(GOOGLETRANSLATE($B363,""en"",""bn""),$B363)","=IFERROR(GOOGLETRANSLATE($B363,""en"",""ks""),$B363)",=$B363
ui_0363,Rate App,"=IFERROR(GOOGLETRANSLATE($B364,""en"",""as""),$B364)","=IFERROR(GOOGLETRANSLATE($B364,""en"",""gom""),$B364)","=IFERROR(GOOGLETRANSLATE($B364,""en"",""gu""),$B364)","=IFERROR(GOOGLETRANSLATE($B364,""en"",""mr""),$B364)","=IFERROR(GOOGLETRANSLATE($B364,""en"",""mni-Mtei""),$B364)","=IFERROR(GOOGLETRANSLATE($B364,""en"",""lus""),$B364)","=IFERROR(GOOGLETRANSLATE($B364,""en"",""or""),$B364)","=IFERROR(GOOGLETRANSLATE($B364,""en"",""pa""),$B364)","=IFERROR(GOOGLETRANSLATE($B364,""en"",""ne""),$B364)","=IFERROR(GOOGLETRANSLATE($B364,""en"",""bn""),$B364)","=IFERROR(GOOGLETRANSLATE($B364,""en"",""ks""),$B364)",=$B364
ui_0364,Rate Mana Poster Ai,"=IFERROR(GOOGLETRANSLATE($B365,""en"",""as""),$B365)","=IFERROR(GOOGLETRANSLATE($B365,""en"",""gom""),$B365)","=IFERROR(GOOGLETRANSLATE($B365,""en"",""gu""),$B365)","=IFERROR(GOOGLETRANSLATE($B365,""en"",""mr""),$B365)","=IFERROR(GOOGLETRANSLATE($B365,""en"",""mni-Mtei""),$B365)","=IFERROR(GOOGLETRANSLATE($B365,""en"",""lus""),$B365)","=IFERROR(GOOGLETRANSLATE($B365,""en"",""or""),$B365)","=IFERROR(GOOGLETRANSLATE($B365,""en"",""pa""),$B365)","=IFERROR(GOOGLETRANSLATE($B365,""en"",""ne""),$B365)","=IFERROR(GOOGLETRANSLATE($B365,""en"",""bn""),$B365)","=IFERROR(GOOGLETRANSLATE($B365,""en"",""ks""),$B365)",=$B365
ui_0365,Read deletion policy,"=IFERROR(GOOGLETRANSLATE($B366,""en"",""as""),$B366)","=IFERROR(GOOGLETRANSLATE($B366,""en"",""gom""),$B366)","=IFERROR(GOOGLETRANSLATE($B366,""en"",""gu""),$B366)","=IFERROR(GOOGLETRANSLATE($B366,""en"",""mr""),$B366)","=IFERROR(GOOGLETRANSLATE($B366,""en"",""mni-Mtei""),$B366)","=IFERROR(GOOGLETRANSLATE($B366,""en"",""lus""),$B366)","=IFERROR(GOOGLETRANSLATE($B366,""en"",""or""),$B366)","=IFERROR(GOOGLETRANSLATE($B366,""en"",""pa""),$B366)","=IFERROR(GOOGLETRANSLATE($B366,""en"",""ne""),$B366)","=IFERROR(GOOGLETRANSLATE($B366,""en"",""bn""),$B366)","=IFERROR(GOOGLETRANSLATE($B366,""en"",""ks""),$B366)",=$B366
ui_0366,Read more,"=IFERROR(GOOGLETRANSLATE($B367,""en"",""as""),$B367)","=IFERROR(GOOGLETRANSLATE($B367,""en"",""gom""),$B367)","=IFERROR(GOOGLETRANSLATE($B367,""en"",""gu""),$B367)","=IFERROR(GOOGLETRANSLATE($B367,""en"",""mr""),$B367)","=IFERROR(GOOGLETRANSLATE($B367,""en"",""mni-Mtei""),$B367)","=IFERROR(GOOGLETRANSLATE($B367,""en"",""lus""),$B367)","=IFERROR(GOOGLETRANSLATE($B367,""en"",""or""),$B367)","=IFERROR(GOOGLETRANSLATE($B367,""en"",""pa""),$B367)","=IFERROR(GOOGLETRANSLATE($B367,""en"",""ne""),$B367)","=IFERROR(GOOGLETRANSLATE($B367,""en"",""bn""),$B367)","=IFERROR(GOOGLETRANSLATE($B367,""en"",""ks""),$B367)",=$B367
ui_0367,Ready,"=IFERROR(GOOGLETRANSLATE($B368,""en"",""as""),$B368)","=IFERROR(GOOGLETRANSLATE($B368,""en"",""gom""),$B368)","=IFERROR(GOOGLETRANSLATE($B368,""en"",""gu""),$B368)","=IFERROR(GOOGLETRANSLATE($B368,""en"",""mr""),$B368)","=IFERROR(GOOGLETRANSLATE($B368,""en"",""mni-Mtei""),$B368)","=IFERROR(GOOGLETRANSLATE($B368,""en"",""lus""),$B368)","=IFERROR(GOOGLETRANSLATE($B368,""en"",""or""),$B368)","=IFERROR(GOOGLETRANSLATE($B368,""en"",""pa""),$B368)","=IFERROR(GOOGLETRANSLATE($B368,""en"",""ne""),$B368)","=IFERROR(GOOGLETRANSLATE($B368,""en"",""bn""),$B368)","=IFERROR(GOOGLETRANSLATE($B368,""en"",""ks""),$B368)",=$B368
ui_0368,Recent statuses,"=IFERROR(GOOGLETRANSLATE($B369,""en"",""as""),$B369)","=IFERROR(GOOGLETRANSLATE($B369,""en"",""gom""),$B369)","=IFERROR(GOOGLETRANSLATE($B369,""en"",""gu""),$B369)","=IFERROR(GOOGLETRANSLATE($B369,""en"",""mr""),$B369)","=IFERROR(GOOGLETRANSLATE($B369,""en"",""mni-Mtei""),$B369)","=IFERROR(GOOGLETRANSLATE($B369,""en"",""lus""),$B369)","=IFERROR(GOOGLETRANSLATE($B369,""en"",""or""),$B369)","=IFERROR(GOOGLETRANSLATE($B369,""en"",""pa""),$B369)","=IFERROR(GOOGLETRANSLATE($B369,""en"",""ne""),$B369)","=IFERROR(GOOGLETRANSLATE($B369,""en"",""bn""),$B369)","=IFERROR(GOOGLETRANSLATE($B369,""en"",""ks""),$B369)",=$B369
ui_0369,Recover Draft,"=IFERROR(GOOGLETRANSLATE($B370,""en"",""as""),$B370)","=IFERROR(GOOGLETRANSLATE($B370,""en"",""gom""),$B370)","=IFERROR(GOOGLETRANSLATE($B370,""en"",""gu""),$B370)","=IFERROR(GOOGLETRANSLATE($B370,""en"",""mr""),$B370)","=IFERROR(GOOGLETRANSLATE($B370,""en"",""mni-Mtei""),$B370)","=IFERROR(GOOGLETRANSLATE($B370,""en"",""lus""),$B370)","=IFERROR(GOOGLETRANSLATE($B370,""en"",""or""),$B370)","=IFERROR(GOOGLETRANSLATE($B370,""en"",""pa""),$B370)","=IFERROR(GOOGLETRANSLATE($B370,""en"",""ne""),$B370)","=IFERROR(GOOGLETRANSLATE($B370,""en"",""bn""),$B370)","=IFERROR(GOOGLETRANSLATE($B370,""en"",""ks""),$B370)",=$B370
ui_0370,Redo,"=IFERROR(GOOGLETRANSLATE($B371,""en"",""as""),$B371)","=IFERROR(GOOGLETRANSLATE($B371,""en"",""gom""),$B371)","=IFERROR(GOOGLETRANSLATE($B371,""en"",""gu""),$B371)","=IFERROR(GOOGLETRANSLATE($B371,""en"",""mr""),$B371)","=IFERROR(GOOGLETRANSLATE($B371,""en"",""mni-Mtei""),$B371)","=IFERROR(GOOGLETRANSLATE($B371,""en"",""lus""),$B371)","=IFERROR(GOOGLETRANSLATE($B371,""en"",""or""),$B371)","=IFERROR(GOOGLETRANSLATE($B371,""en"",""pa""),$B371)","=IFERROR(GOOGLETRANSLATE($B371,""en"",""ne""),$B371)","=IFERROR(GOOGLETRANSLATE($B371,""en"",""bn""),$B371)","=IFERROR(GOOGLETRANSLATE($B371,""en"",""ks""),$B371)",=$B371
ui_0371,Referral code,"=IFERROR(GOOGLETRANSLATE($B372,""en"",""as""),$B372)","=IFERROR(GOOGLETRANSLATE($B372,""en"",""gom""),$B372)","=IFERROR(GOOGLETRANSLATE($B372,""en"",""gu""),$B372)","=IFERROR(GOOGLETRANSLATE($B372,""en"",""mr""),$B372)","=IFERROR(GOOGLETRANSLATE($B372,""en"",""mni-Mtei""),$B372)","=IFERROR(GOOGLETRANSLATE($B372,""en"",""lus""),$B372)","=IFERROR(GOOGLETRANSLATE($B372,""en"",""or""),$B372)","=IFERROR(GOOGLETRANSLATE($B372,""en"",""pa""),$B372)","=IFERROR(GOOGLETRANSLATE($B372,""en"",""ne""),$B372)","=IFERROR(GOOGLETRANSLATE($B372,""en"",""bn""),$B372)","=IFERROR(GOOGLETRANSLATE($B372,""en"",""ks""),$B372)",=$B372
ui_0372,Referral code apply failed. Please try again.,"=IFERROR(GOOGLETRANSLATE($B373,""en"",""as""),$B373)","=IFERROR(GOOGLETRANSLATE($B373,""en"",""gom""),$B373)","=IFERROR(GOOGLETRANSLATE($B373,""en"",""gu""),$B373)","=IFERROR(GOOGLETRANSLATE($B373,""en"",""mr""),$B373)","=IFERROR(GOOGLETRANSLATE($B373,""en"",""mni-Mtei""),$B373)","=IFERROR(GOOGLETRANSLATE($B373,""en"",""lus""),$B373)","=IFERROR(GOOGLETRANSLATE($B373,""en"",""or""),$B373)","=IFERROR(GOOGLETRANSLATE($B373,""en"",""pa""),$B373)","=IFERROR(GOOGLETRANSLATE($B373,""en"",""ne""),$B373)","=IFERROR(GOOGLETRANSLATE($B373,""en"",""bn""),$B373)","=IFERROR(GOOGLETRANSLATE($B373,""en"",""ks""),$B373)",=$B373
ui_0373,Referral code could not be applied,"=IFERROR(GOOGLETRANSLATE($B374,""en"",""as""),$B374)","=IFERROR(GOOGLETRANSLATE($B374,""en"",""gom""),$B374)","=IFERROR(GOOGLETRANSLATE($B374,""en"",""gu""),$B374)","=IFERROR(GOOGLETRANSLATE($B374,""en"",""mr""),$B374)","=IFERROR(GOOGLETRANSLATE($B374,""en"",""mni-Mtei""),$B374)","=IFERROR(GOOGLETRANSLATE($B374,""en"",""lus""),$B374)","=IFERROR(GOOGLETRANSLATE($B374,""en"",""or""),$B374)","=IFERROR(GOOGLETRANSLATE($B374,""en"",""pa""),$B374)","=IFERROR(GOOGLETRANSLATE($B374,""en"",""ne""),$B374)","=IFERROR(GOOGLETRANSLATE($B374,""en"",""bn""),$B374)","=IFERROR(GOOGLETRANSLATE($B374,""en"",""ks""),$B374)",=$B374
ui_0374,Referral Rewards,"=IFERROR(GOOGLETRANSLATE($B375,""en"",""as""),$B375)","=IFERROR(GOOGLETRANSLATE($B375,""en"",""gom""),$B375)","=IFERROR(GOOGLETRANSLATE($B375,""en"",""gu""),$B375)","=IFERROR(GOOGLETRANSLATE($B375,""en"",""mr""),$B375)","=IFERROR(GOOGLETRANSLATE($B375,""en"",""mni-Mtei""),$B375)","=IFERROR(GOOGLETRANSLATE($B375,""en"",""lus""),$B375)","=IFERROR(GOOGLETRANSLATE($B375,""en"",""or""),$B375)","=IFERROR(GOOGLETRANSLATE($B375,""en"",""pa""),$B375)","=IFERROR(GOOGLETRANSLATE($B375,""en"",""ne""),$B375)","=IFERROR(GOOGLETRANSLATE($B375,""en"",""bn""),$B375)","=IFERROR(GOOGLETRANSLATE($B375,""en"",""ks""),$B375)",=$B375
ui_0375,"Refund, Cancellation, and Auto-Renewal","=IFERROR(GOOGLETRANSLATE($B376,""en"",""as""),$B376)","=IFERROR(GOOGLETRANSLATE($B376,""en"",""gom""),$B376)","=IFERROR(GOOGLETRANSLATE($B376,""en"",""gu""),$B376)","=IFERROR(GOOGLETRANSLATE($B376,""en"",""mr""),$B376)","=IFERROR(GOOGLETRANSLATE($B376,""en"",""mni-Mtei""),$B376)","=IFERROR(GOOGLETRANSLATE($B376,""en"",""lus""),$B376)","=IFERROR(GOOGLETRANSLATE($B376,""en"",""or""),$B376)","=IFERROR(GOOGLETRANSLATE($B376,""en"",""pa""),$B376)","=IFERROR(GOOGLETRANSLATE($B376,""en"",""ne""),$B376)","=IFERROR(GOOGLETRANSLATE($B376,""en"",""bn""),$B376)","=IFERROR(GOOGLETRANSLATE($B376,""en"",""ks""),$B376)",=$B376
ui_0376,"Region, Language, and Political Category Choices","=IFERROR(GOOGLETRANSLATE($B377,""en"",""as""),$B377)","=IFERROR(GOOGLETRANSLATE($B377,""en"",""gom""),$B377)","=IFERROR(GOOGLETRANSLATE($B377,""en"",""gu""),$B377)","=IFERROR(GOOGLETRANSLATE($B377,""en"",""mr""),$B377)","=IFERROR(GOOGLETRANSLATE($B377,""en"",""mni-Mtei""),$B377)","=IFERROR(GOOGLETRANSLATE($B377,""en"",""lus""),$B377)","=IFERROR(GOOGLETRANSLATE($B377,""en"",""or""),$B377)","=IFERROR(GOOGLETRANSLATE($B377,""en"",""pa""),$B377)","=IFERROR(GOOGLETRANSLATE($B377,""en"",""ne""),$B377)","=IFERROR(GOOGLETRANSLATE($B377,""en"",""bn""),$B377)","=IFERROR(GOOGLETRANSLATE($B377,""en"",""ks""),$B377)",=$B377
ui_0377,Rejected,"=IFERROR(GOOGLETRANSLATE($B378,""en"",""as""),$B378)","=IFERROR(GOOGLETRANSLATE($B378,""en"",""gom""),$B378)","=IFERROR(GOOGLETRANSLATE($B378,""en"",""gu""),$B378)","=IFERROR(GOOGLETRANSLATE($B378,""en"",""mr""),$B378)","=IFERROR(GOOGLETRANSLATE($B378,""en"",""mni-Mtei""),$B378)","=IFERROR(GOOGLETRANSLATE($B378,""en"",""lus""),$B378)","=IFERROR(GOOGLETRANSLATE($B378,""en"",""or""),$B378)","=IFERROR(GOOGLETRANSLATE($B378,""en"",""pa""),$B378)","=IFERROR(GOOGLETRANSLATE($B378,""en"",""ne""),$B378)","=IFERROR(GOOGLETRANSLATE($B378,""en"",""bn""),$B378)","=IFERROR(GOOGLETRANSLATE($B378,""en"",""ks""),$B378)",=$B378
ui_0378,Remove BG,"=IFERROR(GOOGLETRANSLATE($B379,""en"",""as""),$B379)","=IFERROR(GOOGLETRANSLATE($B379,""en"",""gom""),$B379)","=IFERROR(GOOGLETRANSLATE($B379,""en"",""gu""),$B379)","=IFERROR(GOOGLETRANSLATE($B379,""en"",""mr""),$B379)","=IFERROR(GOOGLETRANSLATE($B379,""en"",""mni-Mtei""),$B379)","=IFERROR(GOOGLETRANSLATE($B379,""en"",""lus""),$B379)","=IFERROR(GOOGLETRANSLATE($B379,""en"",""or""),$B379)","=IFERROR(GOOGLETRANSLATE($B379,""en"",""pa""),$B379)","=IFERROR(GOOGLETRANSLATE($B379,""en"",""ne""),$B379)","=IFERROR(GOOGLETRANSLATE($B379,""en"",""bn""),$B379)","=IFERROR(GOOGLETRANSLATE($B379,""en"",""ks""),$B379)",=$B379
ui_0379,Remove from my list,"=IFERROR(GOOGLETRANSLATE($B380,""en"",""as""),$B380)","=IFERROR(GOOGLETRANSLATE($B380,""en"",""gom""),$B380)","=IFERROR(GOOGLETRANSLATE($B380,""en"",""gu""),$B380)","=IFERROR(GOOGLETRANSLATE($B380,""en"",""mr""),$B380)","=IFERROR(GOOGLETRANSLATE($B380,""en"",""mni-Mtei""),$B380)","=IFERROR(GOOGLETRANSLATE($B380,""en"",""lus""),$B380)","=IFERROR(GOOGLETRANSLATE($B380,""en"",""or""),$B380)","=IFERROR(GOOGLETRANSLATE($B380,""en"",""pa""),$B380)","=IFERROR(GOOGLETRANSLATE($B380,""en"",""ne""),$B380)","=IFERROR(GOOGLETRANSLATE($B380,""en"",""bn""),$B380)","=IFERROR(GOOGLETRANSLATE($B380,""en"",""ks""),$B380)",=$B380
ui_0380,Removing background,"=IFERROR(GOOGLETRANSLATE($B381,""en"",""as""),$B381)","=IFERROR(GOOGLETRANSLATE($B381,""en"",""gom""),$B381)","=IFERROR(GOOGLETRANSLATE($B381,""en"",""gu""),$B381)","=IFERROR(GOOGLETRANSLATE($B381,""en"",""mr""),$B381)","=IFERROR(GOOGLETRANSLATE($B381,""en"",""mni-Mtei""),$B381)","=IFERROR(GOOGLETRANSLATE($B381,""en"",""lus""),$B381)","=IFERROR(GOOGLETRANSLATE($B381,""en"",""or""),$B381)","=IFERROR(GOOGLETRANSLATE($B381,""en"",""pa""),$B381)","=IFERROR(GOOGLETRANSLATE($B381,""en"",""ne""),$B381)","=IFERROR(GOOGLETRANSLATE($B381,""en"",""bn""),$B381)","=IFERROR(GOOGLETRANSLATE($B381,""en"",""ks""),$B381)",=$B381
ui_0381,Removing background...,"=IFERROR(GOOGLETRANSLATE($B382,""en"",""as""),$B382)","=IFERROR(GOOGLETRANSLATE($B382,""en"",""gom""),$B382)","=IFERROR(GOOGLETRANSLATE($B382,""en"",""gu""),$B382)","=IFERROR(GOOGLETRANSLATE($B382,""en"",""mr""),$B382)","=IFERROR(GOOGLETRANSLATE($B382,""en"",""mni-Mtei""),$B382)","=IFERROR(GOOGLETRANSLATE($B382,""en"",""lus""),$B382)","=IFERROR(GOOGLETRANSLATE($B382,""en"",""or""),$B382)","=IFERROR(GOOGLETRANSLATE($B382,""en"",""pa""),$B382)","=IFERROR(GOOGLETRANSLATE($B382,""en"",""ne""),$B382)","=IFERROR(GOOGLETRANSLATE($B382,""en"",""bn""),$B382)","=IFERROR(GOOGLETRANSLATE($B382,""en"",""ks""),$B382)",=$B382
ui_0382,Removing the selected color region,"=IFERROR(GOOGLETRANSLATE($B383,""en"",""as""),$B383)","=IFERROR(GOOGLETRANSLATE($B383,""en"",""gom""),$B383)","=IFERROR(GOOGLETRANSLATE($B383,""en"",""gu""),$B383)","=IFERROR(GOOGLETRANSLATE($B383,""en"",""mr""),$B383)","=IFERROR(GOOGLETRANSLATE($B383,""en"",""mni-Mtei""),$B383)","=IFERROR(GOOGLETRANSLATE($B383,""en"",""lus""),$B383)","=IFERROR(GOOGLETRANSLATE($B383,""en"",""or""),$B383)","=IFERROR(GOOGLETRANSLATE($B383,""en"",""pa""),$B383)","=IFERROR(GOOGLETRANSLATE($B383,""en"",""ne""),$B383)","=IFERROR(GOOGLETRANSLATE($B383,""en"",""bn""),$B383)","=IFERROR(GOOGLETRANSLATE($B383,""en"",""ks""),$B383)",=$B383
ui_0383,Removing...,"=IFERROR(GOOGLETRANSLATE($B384,""en"",""as""),$B384)","=IFERROR(GOOGLETRANSLATE($B384,""en"",""gom""),$B384)","=IFERROR(GOOGLETRANSLATE($B384,""en"",""gu""),$B384)","=IFERROR(GOOGLETRANSLATE($B384,""en"",""mr""),$B384)","=IFERROR(GOOGLETRANSLATE($B384,""en"",""mni-Mtei""),$B384)","=IFERROR(GOOGLETRANSLATE($B384,""en"",""lus""),$B384)","=IFERROR(GOOGLETRANSLATE($B384,""en"",""or""),$B384)","=IFERROR(GOOGLETRANSLATE($B384,""en"",""pa""),$B384)","=IFERROR(GOOGLETRANSLATE($B384,""en"",""ne""),$B384)","=IFERROR(GOOGLETRANSLATE($B384,""en"",""bn""),$B384)","=IFERROR(GOOGLETRANSLATE($B384,""en"",""ks""),$B384)",=$B384
ui_0384,Rendering and saving the final output,"=IFERROR(GOOGLETRANSLATE($B385,""en"",""as""),$B385)","=IFERROR(GOOGLETRANSLATE($B385,""en"",""gom""),$B385)","=IFERROR(GOOGLETRANSLATE($B385,""en"",""gu""),$B385)","=IFERROR(GOOGLETRANSLATE($B385,""en"",""mr""),$B385)","=IFERROR(GOOGLETRANSLATE($B385,""en"",""mni-Mtei""),$B385)","=IFERROR(GOOGLETRANSLATE($B385,""en"",""lus""),$B385)","=IFERROR(GOOGLETRANSLATE($B385,""en"",""or""),$B385)","=IFERROR(GOOGLETRANSLATE($B385,""en"",""pa""),$B385)","=IFERROR(GOOGLETRANSLATE($B385,""en"",""ne""),$B385)","=IFERROR(GOOGLETRANSLATE($B385,""en"",""bn""),$B385)","=IFERROR(GOOGLETRANSLATE($B385,""en"",""ks""),$B385)",=$B385
ui_0385,Rendering and sharing the final output,"=IFERROR(GOOGLETRANSLATE($B386,""en"",""as""),$B386)","=IFERROR(GOOGLETRANSLATE($B386,""en"",""gom""),$B386)","=IFERROR(GOOGLETRANSLATE($B386,""en"",""gu""),$B386)","=IFERROR(GOOGLETRANSLATE($B386,""en"",""mr""),$B386)","=IFERROR(GOOGLETRANSLATE($B386,""en"",""mni-Mtei""),$B386)","=IFERROR(GOOGLETRANSLATE($B386,""en"",""lus""),$B386)","=IFERROR(GOOGLETRANSLATE($B386,""en"",""or""),$B386)","=IFERROR(GOOGLETRANSLATE($B386,""en"",""pa""),$B386)","=IFERROR(GOOGLETRANSLATE($B386,""en"",""ne""),$B386)","=IFERROR(GOOGLETRANSLATE($B386,""en"",""bn""),$B386)","=IFERROR(GOOGLETRANSLATE($B386,""en"",""ks""),$B386)",=$B386
ui_0386,Renew Membership,"=IFERROR(GOOGLETRANSLATE($B387,""en"",""as""),$B387)","=IFERROR(GOOGLETRANSLATE($B387,""en"",""gom""),$B387)","=IFERROR(GOOGLETRANSLATE($B387,""en"",""gu""),$B387)","=IFERROR(GOOGLETRANSLATE($B387,""en"",""mr""),$B387)","=IFERROR(GOOGLETRANSLATE($B387,""en"",""mni-Mtei""),$B387)","=IFERROR(GOOGLETRANSLATE($B387,""en"",""lus""),$B387)","=IFERROR(GOOGLETRANSLATE($B387,""en"",""or""),$B387)","=IFERROR(GOOGLETRANSLATE($B387,""en"",""pa""),$B387)","=IFERROR(GOOGLETRANSLATE($B387,""en"",""ne""),$B387)","=IFERROR(GOOGLETRANSLATE($B387,""en"",""bn""),$B387)","=IFERROR(GOOGLETRANSLATE($B387,""en"",""ks""),$B387)",=$B387
ui_0387,Replay voice guide,"=IFERROR(GOOGLETRANSLATE($B388,""en"",""as""),$B388)","=IFERROR(GOOGLETRANSLATE($B388,""en"",""gom""),$B388)","=IFERROR(GOOGLETRANSLATE($B388,""en"",""gu""),$B388)","=IFERROR(GOOGLETRANSLATE($B388,""en"",""mr""),$B388)","=IFERROR(GOOGLETRANSLATE($B388,""en"",""mni-Mtei""),$B388)","=IFERROR(GOOGLETRANSLATE($B388,""en"",""lus""),$B388)","=IFERROR(GOOGLETRANSLATE($B388,""en"",""or""),$B388)","=IFERROR(GOOGLETRANSLATE($B388,""en"",""pa""),$B388)","=IFERROR(GOOGLETRANSLATE($B388,""en"",""ne""),$B388)","=IFERROR(GOOGLETRANSLATE($B388,""en"",""bn""),$B388)","=IFERROR(GOOGLETRANSLATE($B388,""en"",""ks""),$B388)",=$B388
ui_0388,Replies,"=IFERROR(GOOGLETRANSLATE($B389,""en"",""as""),$B389)","=IFERROR(GOOGLETRANSLATE($B389,""en"",""gom""),$B389)","=IFERROR(GOOGLETRANSLATE($B389,""en"",""gu""),$B389)","=IFERROR(GOOGLETRANSLATE($B389,""en"",""mr""),$B389)","=IFERROR(GOOGLETRANSLATE($B389,""en"",""mni-Mtei""),$B389)","=IFERROR(GOOGLETRANSLATE($B389,""en"",""lus""),$B389)","=IFERROR(GOOGLETRANSLATE($B389,""en"",""or""),$B389)","=IFERROR(GOOGLETRANSLATE($B389,""en"",""pa""),$B389)","=IFERROR(GOOGLETRANSLATE($B389,""en"",""ne""),$B389)","=IFERROR(GOOGLETRANSLATE($B389,""en"",""bn""),$B389)","=IFERROR(GOOGLETRANSLATE($B389,""en"",""ks""),$B389)",=$B389
ui_0389,reply,"=IFERROR(GOOGLETRANSLATE($B390,""en"",""as""),$B390)","=IFERROR(GOOGLETRANSLATE($B390,""en"",""gom""),$B390)","=IFERROR(GOOGLETRANSLATE($B390,""en"",""gu""),$B390)","=IFERROR(GOOGLETRANSLATE($B390,""en"",""mr""),$B390)","=IFERROR(GOOGLETRANSLATE($B390,""en"",""mni-Mtei""),$B390)","=IFERROR(GOOGLETRANSLATE($B390,""en"",""lus""),$B390)","=IFERROR(GOOGLETRANSLATE($B390,""en"",""or""),$B390)","=IFERROR(GOOGLETRANSLATE($B390,""en"",""pa""),$B390)","=IFERROR(GOOGLETRANSLATE($B390,""en"",""ne""),$B390)","=IFERROR(GOOGLETRANSLATE($B390,""en"",""bn""),$B390)","=IFERROR(GOOGLETRANSLATE($B390,""en"",""ks""),$B390)",=$B390
ui_0390,Reply failed. Try again.,"=IFERROR(GOOGLETRANSLATE($B391,""en"",""as""),$B391)","=IFERROR(GOOGLETRANSLATE($B391,""en"",""gom""),$B391)","=IFERROR(GOOGLETRANSLATE($B391,""en"",""gu""),$B391)","=IFERROR(GOOGLETRANSLATE($B391,""en"",""mr""),$B391)","=IFERROR(GOOGLETRANSLATE($B391,""en"",""mni-Mtei""),$B391)","=IFERROR(GOOGLETRANSLATE($B391,""en"",""lus""),$B391)","=IFERROR(GOOGLETRANSLATE($B391,""en"",""or""),$B391)","=IFERROR(GOOGLETRANSLATE($B391,""en"",""pa""),$B391)","=IFERROR(GOOGLETRANSLATE($B391,""en"",""ne""),$B391)","=IFERROR(GOOGLETRANSLATE($B391,""en"",""bn""),$B391)","=IFERROR(GOOGLETRANSLATE($B391,""en"",""ks""),$B391)",=$B391
ui_0391,Reply sent,"=IFERROR(GOOGLETRANSLATE($B392,""en"",""as""),$B392)","=IFERROR(GOOGLETRANSLATE($B392,""en"",""gom""),$B392)","=IFERROR(GOOGLETRANSLATE($B392,""en"",""gu""),$B392)","=IFERROR(GOOGLETRANSLATE($B392,""en"",""mr""),$B392)","=IFERROR(GOOGLETRANSLATE($B392,""en"",""mni-Mtei""),$B392)","=IFERROR(GOOGLETRANSLATE($B392,""en"",""lus""),$B392)","=IFERROR(GOOGLETRANSLATE($B392,""en"",""or""),$B392)","=IFERROR(GOOGLETRANSLATE($B392,""en"",""pa""),$B392)","=IFERROR(GOOGLETRANSLATE($B392,""en"",""ne""),$B392)","=IFERROR(GOOGLETRANSLATE($B392,""en"",""bn""),$B392)","=IFERROR(GOOGLETRANSLATE($B392,""en"",""ks""),$B392)",=$B392
ui_0392,Reply...,"=IFERROR(GOOGLETRANSLATE($B393,""en"",""as""),$B393)","=IFERROR(GOOGLETRANSLATE($B393,""en"",""gom""),$B393)","=IFERROR(GOOGLETRANSLATE($B393,""en"",""gu""),$B393)","=IFERROR(GOOGLETRANSLATE($B393,""en"",""mr""),$B393)","=IFERROR(GOOGLETRANSLATE($B393,""en"",""mni-Mtei""),$B393)","=IFERROR(GOOGLETRANSLATE($B393,""en"",""lus""),$B393)","=IFERROR(GOOGLETRANSLATE($B393,""en"",""or""),$B393)","=IFERROR(GOOGLETRANSLATE($B393,""en"",""pa""),$B393)","=IFERROR(GOOGLETRANSLATE($B393,""en"",""ne""),$B393)","=IFERROR(GOOGLETRANSLATE($B393,""en"",""bn""),$B393)","=IFERROR(GOOGLETRANSLATE($B393,""en"",""ks""),$B393)",=$B393
ui_0393,Report,"=IFERROR(GOOGLETRANSLATE($B394,""en"",""as""),$B394)","=IFERROR(GOOGLETRANSLATE($B394,""en"",""gom""),$B394)","=IFERROR(GOOGLETRANSLATE($B394,""en"",""gu""),$B394)","=IFERROR(GOOGLETRANSLATE($B394,""en"",""mr""),$B394)","=IFERROR(GOOGLETRANSLATE($B394,""en"",""mni-Mtei""),$B394)","=IFERROR(GOOGLETRANSLATE($B394,""en"",""lus""),$B394)","=IFERROR(GOOGLETRANSLATE($B394,""en"",""or""),$B394)","=IFERROR(GOOGLETRANSLATE($B394,""en"",""pa""),$B394)","=IFERROR(GOOGLETRANSLATE($B394,""en"",""ne""),$B394)","=IFERROR(GOOGLETRANSLATE($B394,""en"",""bn""),$B394)","=IFERROR(GOOGLETRANSLATE($B394,""en"",""ks""),$B394)",=$B394
ui_0394,Report failed. Please try again.,"=IFERROR(GOOGLETRANSLATE($B395,""en"",""as""),$B395)","=IFERROR(GOOGLETRANSLATE($B395,""en"",""gom""),$B395)","=IFERROR(GOOGLETRANSLATE($B395,""en"",""gu""),$B395)","=IFERROR(GOOGLETRANSLATE($B395,""en"",""mr""),$B395)","=IFERROR(GOOGLETRANSLATE($B395,""en"",""mni-Mtei""),$B395)","=IFERROR(GOOGLETRANSLATE($B395,""en"",""lus""),$B395)","=IFERROR(GOOGLETRANSLATE($B395,""en"",""or""),$B395)","=IFERROR(GOOGLETRANSLATE($B395,""en"",""pa""),$B395)","=IFERROR(GOOGLETRANSLATE($B395,""en"",""ne""),$B395)","=IFERROR(GOOGLETRANSLATE($B395,""en"",""bn""),$B395)","=IFERROR(GOOGLETRANSLATE($B395,""en"",""ks""),$B395)",=$B395
ui_0395,Report submitted. Thank you.,"=IFERROR(GOOGLETRANSLATE($B396,""en"",""as""),$B396)","=IFERROR(GOOGLETRANSLATE($B396,""en"",""gom""),$B396)","=IFERROR(GOOGLETRANSLATE($B396,""en"",""gu""),$B396)","=IFERROR(GOOGLETRANSLATE($B396,""en"",""mr""),$B396)","=IFERROR(GOOGLETRANSLATE($B396,""en"",""mni-Mtei""),$B396)","=IFERROR(GOOGLETRANSLATE($B396,""en"",""lus""),$B396)","=IFERROR(GOOGLETRANSLATE($B396,""en"",""or""),$B396)","=IFERROR(GOOGLETRANSLATE($B396,""en"",""pa""),$B396)","=IFERROR(GOOGLETRANSLATE($B396,""en"",""ne""),$B396)","=IFERROR(GOOGLETRANSLATE($B396,""en"",""bn""),$B396)","=IFERROR(GOOGLETRANSLATE($B396,""en"",""ks""),$B396)",=$B396
ui_0396,Reporting and Abusive Content,"=IFERROR(GOOGLETRANSLATE($B397,""en"",""as""),$B397)","=IFERROR(GOOGLETRANSLATE($B397,""en"",""gom""),$B397)","=IFERROR(GOOGLETRANSLATE($B397,""en"",""gu""),$B397)","=IFERROR(GOOGLETRANSLATE($B397,""en"",""mr""),$B397)","=IFERROR(GOOGLETRANSLATE($B397,""en"",""mni-Mtei""),$B397)","=IFERROR(GOOGLETRANSLATE($B397,""en"",""lus""),$B397)","=IFERROR(GOOGLETRANSLATE($B397,""en"",""or""),$B397)","=IFERROR(GOOGLETRANSLATE($B397,""en"",""pa""),$B397)","=IFERROR(GOOGLETRANSLATE($B397,""en"",""ne""),$B397)","=IFERROR(GOOGLETRANSLATE($B397,""en"",""bn""),$B397)","=IFERROR(GOOGLETRANSLATE($B397,""en"",""ks""),$B397)",=$B397
ui_0397,Reset,"=IFERROR(GOOGLETRANSLATE($B398,""en"",""as""),$B398)","=IFERROR(GOOGLETRANSLATE($B398,""en"",""gom""),$B398)","=IFERROR(GOOGLETRANSLATE($B398,""en"",""gu""),$B398)","=IFERROR(GOOGLETRANSLATE($B398,""en"",""mr""),$B398)","=IFERROR(GOOGLETRANSLATE($B398,""en"",""mni-Mtei""),$B398)","=IFERROR(GOOGLETRANSLATE($B398,""en"",""lus""),$B398)","=IFERROR(GOOGLETRANSLATE($B398,""en"",""or""),$B398)","=IFERROR(GOOGLETRANSLATE($B398,""en"",""pa""),$B398)","=IFERROR(GOOGLETRANSLATE($B398,""en"",""ne""),$B398)","=IFERROR(GOOGLETRANSLATE($B398,""en"",""bn""),$B398)","=IFERROR(GOOGLETRANSLATE($B398,""en"",""ks""),$B398)",=$B398
ui_0398,Restore,"=IFERROR(GOOGLETRANSLATE($B399,""en"",""as""),$B399)","=IFERROR(GOOGLETRANSLATE($B399,""en"",""gom""),$B399)","=IFERROR(GOOGLETRANSLATE($B399,""en"",""gu""),$B399)","=IFERROR(GOOGLETRANSLATE($B399,""en"",""mr""),$B399)","=IFERROR(GOOGLETRANSLATE($B399,""en"",""mni-Mtei""),$B399)","=IFERROR(GOOGLETRANSLATE($B399,""en"",""lus""),$B399)","=IFERROR(GOOGLETRANSLATE($B399,""en"",""or""),$B399)","=IFERROR(GOOGLETRANSLATE($B399,""en"",""pa""),$B399)","=IFERROR(GOOGLETRANSLATE($B399,""en"",""ne""),$B399)","=IFERROR(GOOGLETRANSLATE($B399,""en"",""bn""),$B399)","=IFERROR(GOOGLETRANSLATE($B399,""en"",""ks""),$B399)",=$B399
ui_0399,Restore subscriptions,"=IFERROR(GOOGLETRANSLATE($B400,""en"",""as""),$B400)","=IFERROR(GOOGLETRANSLATE($B400,""en"",""gom""),$B400)","=IFERROR(GOOGLETRANSLATE($B400,""en"",""gu""),$B400)","=IFERROR(GOOGLETRANSLATE($B400,""en"",""mr""),$B400)","=IFERROR(GOOGLETRANSLATE($B400,""en"",""mni-Mtei""),$B400)","=IFERROR(GOOGLETRANSLATE($B400,""en"",""lus""),$B400)","=IFERROR(GOOGLETRANSLATE($B400,""en"",""or""),$B400)","=IFERROR(GOOGLETRANSLATE($B400,""en"",""pa""),$B400)","=IFERROR(GOOGLETRANSLATE($B400,""en"",""ne""),$B400)","=IFERROR(GOOGLETRANSLATE($B400,""en"",""bn""),$B400)","=IFERROR(GOOGLETRANSLATE($B400,""en"",""ks""),$B400)",=$B400
ui_0400,"Restore succeeded, but Pro access is not updated yet. Please try again.","=IFERROR(GOOGLETRANSLATE($B401,""en"",""as""),$B401)","=IFERROR(GOOGLETRANSLATE($B401,""en"",""gom""),$B401)","=IFERROR(GOOGLETRANSLATE($B401,""en"",""gu""),$B401)","=IFERROR(GOOGLETRANSLATE($B401,""en"",""mr""),$B401)","=IFERROR(GOOGLETRANSLATE($B401,""en"",""mni-Mtei""),$B401)","=IFERROR(GOOGLETRANSLATE($B401,""en"",""lus""),$B401)","=IFERROR(GOOGLETRANSLATE($B401,""en"",""or""),$B401)","=IFERROR(GOOGLETRANSLATE($B401,""en"",""pa""),$B401)","=IFERROR(GOOGLETRANSLATE($B401,""en"",""ne""),$B401)","=IFERROR(GOOGLETRANSLATE($B401,""en"",""bn""),$B401)","=IFERROR(GOOGLETRANSLATE($B401,""en"",""ks""),$B401)",=$B401
ui_0401,Restore to refresh your verified subscription status,"=IFERROR(GOOGLETRANSLATE($B402,""en"",""as""),$B402)","=IFERROR(GOOGLETRANSLATE($B402,""en"",""gom""),$B402)","=IFERROR(GOOGLETRANSLATE($B402,""en"",""gu""),$B402)","=IFERROR(GOOGLETRANSLATE($B402,""en"",""mr""),$B402)","=IFERROR(GOOGLETRANSLATE($B402,""en"",""mni-Mtei""),$B402)","=IFERROR(GOOGLETRANSLATE($B402,""en"",""lus""),$B402)","=IFERROR(GOOGLETRANSLATE($B402,""en"",""or""),$B402)","=IFERROR(GOOGLETRANSLATE($B402,""en"",""pa""),$B402)","=IFERROR(GOOGLETRANSLATE($B402,""en"",""ne""),$B402)","=IFERROR(GOOGLETRANSLATE($B402,""en"",""bn""),$B402)","=IFERROR(GOOGLETRANSLATE($B402,""en"",""ks""),$B402)",=$B402
ui_0402,Right,"=IFERROR(GOOGLETRANSLATE($B403,""en"",""as""),$B403)","=IFERROR(GOOGLETRANSLATE($B403,""en"",""gom""),$B403)","=IFERROR(GOOGLETRANSLATE($B403,""en"",""gu""),$B403)","=IFERROR(GOOGLETRANSLATE($B403,""en"",""mr""),$B403)","=IFERROR(GOOGLETRANSLATE($B403,""en"",""mni-Mtei""),$B403)","=IFERROR(GOOGLETRANSLATE($B403,""en"",""lus""),$B403)","=IFERROR(GOOGLETRANSLATE($B403,""en"",""or""),$B403)","=IFERROR(GOOGLETRANSLATE($B403,""en"",""pa""),$B403)","=IFERROR(GOOGLETRANSLATE($B403,""en"",""ne""),$B403)","=IFERROR(GOOGLETRANSLATE($B403,""en"",""bn""),$B403)","=IFERROR(GOOGLETRANSLATE($B403,""en"",""ks""),$B403)",=$B403
ui_0403,Rounded,"=IFERROR(GOOGLETRANSLATE($B404,""en"",""as""),$B404)","=IFERROR(GOOGLETRANSLATE($B404,""en"",""gom""),$B404)","=IFERROR(GOOGLETRANSLATE($B404,""en"",""gu""),$B404)","=IFERROR(GOOGLETRANSLATE($B404,""en"",""mr""),$B404)","=IFERROR(GOOGLETRANSLATE($B404,""en"",""mni-Mtei""),$B404)","=IFERROR(GOOGLETRANSLATE($B404,""en"",""lus""),$B404)","=IFERROR(GOOGLETRANSLATE($B404,""en"",""or""),$B404)","=IFERROR(GOOGLETRANSLATE($B404,""en"",""pa""),$B404)","=IFERROR(GOOGLETRANSLATE($B404,""en"",""ne""),$B404)","=IFERROR(GOOGLETRANSLATE($B404,""en"",""bn""),$B404)","=IFERROR(GOOGLETRANSLATE($B404,""en"",""ks""),$B404)",=$B404
ui_0404,Saturation,"=IFERROR(GOOGLETRANSLATE($B405,""en"",""as""),$B405)","=IFERROR(GOOGLETRANSLATE($B405,""en"",""gom""),$B405)","=IFERROR(GOOGLETRANSLATE($B405,""en"",""gu""),$B405)","=IFERROR(GOOGLETRANSLATE($B405,""en"",""mr""),$B405)","=IFERROR(GOOGLETRANSLATE($B405,""en"",""mni-Mtei""),$B405)","=IFERROR(GOOGLETRANSLATE($B405,""en"",""lus""),$B405)","=IFERROR(GOOGLETRANSLATE($B405,""en"",""or""),$B405)","=IFERROR(GOOGLETRANSLATE($B405,""en"",""pa""),$B405)","=IFERROR(GOOGLETRANSLATE($B405,""en"",""ne""),$B405)","=IFERROR(GOOGLETRANSLATE($B405,""en"",""bn""),$B405)","=IFERROR(GOOGLETRANSLATE($B405,""en"",""ks""),$B405)",=$B405
ui_0405,Save / Apply,"=IFERROR(GOOGLETRANSLATE($B406,""en"",""as""),$B406)","=IFERROR(GOOGLETRANSLATE($B406,""en"",""gom""),$B406)","=IFERROR(GOOGLETRANSLATE($B406,""en"",""gu""),$B406)","=IFERROR(GOOGLETRANSLATE($B406,""en"",""mr""),$B406)","=IFERROR(GOOGLETRANSLATE($B406,""en"",""mni-Mtei""),$B406)","=IFERROR(GOOGLETRANSLATE($B406,""en"",""lus""),$B406)","=IFERROR(GOOGLETRANSLATE($B406,""en"",""or""),$B406)","=IFERROR(GOOGLETRANSLATE($B406,""en"",""pa""),$B406)","=IFERROR(GOOGLETRANSLATE($B406,""en"",""ne""),$B406)","=IFERROR(GOOGLETRANSLATE($B406,""en"",""bn""),$B406)","=IFERROR(GOOGLETRANSLATE($B406,""en"",""ks""),$B406)",=$B406
ui_0406,Save Current,"=IFERROR(GOOGLETRANSLATE($B407,""en"",""as""),$B407)","=IFERROR(GOOGLETRANSLATE($B407,""en"",""gom""),$B407)","=IFERROR(GOOGLETRANSLATE($B407,""en"",""gu""),$B407)","=IFERROR(GOOGLETRANSLATE($B407,""en"",""mr""),$B407)","=IFERROR(GOOGLETRANSLATE($B407,""en"",""mni-Mtei""),$B407)","=IFERROR(GOOGLETRANSLATE($B407,""en"",""lus""),$B407)","=IFERROR(GOOGLETRANSLATE($B407,""en"",""or""),$B407)","=IFERROR(GOOGLETRANSLATE($B407,""en"",""pa""),$B407)","=IFERROR(GOOGLETRANSLATE($B407,""en"",""ne""),$B407)","=IFERROR(GOOGLETRANSLATE($B407,""en"",""bn""),$B407)","=IFERROR(GOOGLETRANSLATE($B407,""en"",""ks""),$B407)",=$B407
ui_0407,"Save poster profile, business name, photo, and WhatsApp details.","=IFERROR(GOOGLETRANSLATE($B408,""en"",""as""),$B408)","=IFERROR(GOOGLETRANSLATE($B408,""en"",""gom""),$B408)","=IFERROR(GOOGLETRANSLATE($B408,""en"",""gu""),$B408)","=IFERROR(GOOGLETRANSLATE($B408,""en"",""mr""),$B408)","=IFERROR(GOOGLETRANSLATE($B408,""en"",""mni-Mtei""),$B408)","=IFERROR(GOOGLETRANSLATE($B408,""en"",""lus""),$B408)","=IFERROR(GOOGLETRANSLATE($B408,""en"",""or""),$B408)","=IFERROR(GOOGLETRANSLATE($B408,""en"",""pa""),$B408)","=IFERROR(GOOGLETRANSLATE($B408,""en"",""ne""),$B408)","=IFERROR(GOOGLETRANSLATE($B408,""en"",""bn""),$B408)","=IFERROR(GOOGLETRANSLATE($B408,""en"",""ks""),$B408)",=$B408
ui_0408,Saving...,"=IFERROR(GOOGLETRANSLATE($B409,""en"",""as""),$B409)","=IFERROR(GOOGLETRANSLATE($B409,""en"",""gom""),$B409)","=IFERROR(GOOGLETRANSLATE($B409,""en"",""gu""),$B409)","=IFERROR(GOOGLETRANSLATE($B409,""en"",""mr""),$B409)","=IFERROR(GOOGLETRANSLATE($B409,""en"",""mni-Mtei""),$B409)","=IFERROR(GOOGLETRANSLATE($B409,""en"",""lus""),$B409)","=IFERROR(GOOGLETRANSLATE($B409,""en"",""or""),$B409)","=IFERROR(GOOGLETRANSLATE($B409,""en"",""pa""),$B409)","=IFERROR(GOOGLETRANSLATE($B409,""en"",""ne""),$B409)","=IFERROR(GOOGLETRANSLATE($B409,""en"",""bn""),$B409)","=IFERROR(GOOGLETRANSLATE($B409,""en"",""ks""),$B409)",=$B409
ui_0409,Search elements,"=IFERROR(GOOGLETRANSLATE($B410,""en"",""as""),$B410)","=IFERROR(GOOGLETRANSLATE($B410,""en"",""gom""),$B410)","=IFERROR(GOOGLETRANSLATE($B410,""en"",""gu""),$B410)","=IFERROR(GOOGLETRANSLATE($B410,""en"",""mr""),$B410)","=IFERROR(GOOGLETRANSLATE($B410,""en"",""mni-Mtei""),$B410)","=IFERROR(GOOGLETRANSLATE($B410,""en"",""lus""),$B410)","=IFERROR(GOOGLETRANSLATE($B410,""en"",""or""),$B410)","=IFERROR(GOOGLETRANSLATE($B410,""en"",""pa""),$B410)","=IFERROR(GOOGLETRANSLATE($B410,""en"",""ne""),$B410)","=IFERROR(GOOGLETRANSLATE($B410,""en"",""bn""),$B410)","=IFERROR(GOOGLETRANSLATE($B410,""en"",""ks""),$B410)",=$B410
ui_0410,Search templates,"=IFERROR(GOOGLETRANSLATE($B411,""en"",""as""),$B411)","=IFERROR(GOOGLETRANSLATE($B411,""en"",""gom""),$B411)","=IFERROR(GOOGLETRANSLATE($B411,""en"",""gu""),$B411)","=IFERROR(GOOGLETRANSLATE($B411,""en"",""mr""),$B411)","=IFERROR(GOOGLETRANSLATE($B411,""en"",""mni-Mtei""),$B411)","=IFERROR(GOOGLETRANSLATE($B411,""en"",""lus""),$B411)","=IFERROR(GOOGLETRANSLATE($B411,""en"",""or""),$B411)","=IFERROR(GOOGLETRANSLATE($B411,""en"",""pa""),$B411)","=IFERROR(GOOGLETRANSLATE($B411,""en"",""ne""),$B411)","=IFERROR(GOOGLETRANSLATE($B411,""en"",""bn""),$B411)","=IFERROR(GOOGLETRANSLATE($B411,""en"",""ks""),$B411)",=$B411
ui_0411,Select a photo first,"=IFERROR(GOOGLETRANSLATE($B412,""en"",""as""),$B412)","=IFERROR(GOOGLETRANSLATE($B412,""en"",""gom""),$B412)","=IFERROR(GOOGLETRANSLATE($B412,""en"",""gu""),$B412)","=IFERROR(GOOGLETRANSLATE($B412,""en"",""mr""),$B412)","=IFERROR(GOOGLETRANSLATE($B412,""en"",""mni-Mtei""),$B412)","=IFERROR(GOOGLETRANSLATE($B412,""en"",""lus""),$B412)","=IFERROR(GOOGLETRANSLATE($B412,""en"",""or""),$B412)","=IFERROR(GOOGLETRANSLATE($B412,""en"",""pa""),$B412)","=IFERROR(GOOGLETRANSLATE($B412,""en"",""ne""),$B412)","=IFERROR(GOOGLETRANSLATE($B412,""en"",""bn""),$B412)","=IFERROR(GOOGLETRANSLATE($B412,""en"",""ks""),$B412)",=$B412
ui_0412,Select a photo layer for crop,"=IFERROR(GOOGLETRANSLATE($B413,""en"",""as""),$B413)","=IFERROR(GOOGLETRANSLATE($B413,""en"",""gom""),$B413)","=IFERROR(GOOGLETRANSLATE($B413,""en"",""gu""),$B413)","=IFERROR(GOOGLETRANSLATE($B413,""en"",""mr""),$B413)","=IFERROR(GOOGLETRANSLATE($B413,""en"",""mni-Mtei""),$B413)","=IFERROR(GOOGLETRANSLATE($B413,""en"",""lus""),$B413)","=IFERROR(GOOGLETRANSLATE($B413,""en"",""or""),$B413)","=IFERROR(GOOGLETRANSLATE($B413,""en"",""pa""),$B413)","=IFERROR(GOOGLETRANSLATE($B413,""en"",""ne""),$B413)","=IFERROR(GOOGLETRANSLATE($B413,""en"",""bn""),$B413)","=IFERROR(GOOGLETRANSLATE($B413,""en"",""ks""),$B413)",=$B413
ui_0413,Select Category,"=IFERROR(GOOGLETRANSLATE($B414,""en"",""as""),$B414)","=IFERROR(GOOGLETRANSLATE($B414,""en"",""gom""),$B414)","=IFERROR(GOOGLETRANSLATE($B414,""en"",""gu""),$B414)","=IFERROR(GOOGLETRANSLATE($B414,""en"",""mr""),$B414)","=IFERROR(GOOGLETRANSLATE($B414,""en"",""mni-Mtei""),$B414)","=IFERROR(GOOGLETRANSLATE($B414,""en"",""lus""),$B414)","=IFERROR(GOOGLETRANSLATE($B414,""en"",""or""),$B414)","=IFERROR(GOOGLETRANSLATE($B414,""en"",""pa""),$B414)","=IFERROR(GOOGLETRANSLATE($B414,""en"",""ne""),$B414)","=IFERROR(GOOGLETRANSLATE($B414,""en"",""bn""),$B414)","=IFERROR(GOOGLETRANSLATE($B414,""en"",""ks""),$B414)",=$B414
ui_0414,Select category,"=IFERROR(GOOGLETRANSLATE($B415,""en"",""as""),$B415)","=IFERROR(GOOGLETRANSLATE($B415,""en"",""gom""),$B415)","=IFERROR(GOOGLETRANSLATE($B415,""en"",""gu""),$B415)","=IFERROR(GOOGLETRANSLATE($B415,""en"",""mr""),$B415)","=IFERROR(GOOGLETRANSLATE($B415,""en"",""mni-Mtei""),$B415)","=IFERROR(GOOGLETRANSLATE($B415,""en"",""lus""),$B415)","=IFERROR(GOOGLETRANSLATE($B415,""en"",""or""),$B415)","=IFERROR(GOOGLETRANSLATE($B415,""en"",""pa""),$B415)","=IFERROR(GOOGLETRANSLATE($B415,""en"",""ne""),$B415)","=IFERROR(GOOGLETRANSLATE($B415,""en"",""bn""),$B415)","=IFERROR(GOOGLETRANSLATE($B415,""en"",""ks""),$B415)",=$B415
ui_0415,Select Image,"=IFERROR(GOOGLETRANSLATE($B416,""en"",""as""),$B416)","=IFERROR(GOOGLETRANSLATE($B416,""en"",""gom""),$B416)","=IFERROR(GOOGLETRANSLATE($B416,""en"",""gu""),$B416)","=IFERROR(GOOGLETRANSLATE($B416,""en"",""mr""),$B416)","=IFERROR(GOOGLETRANSLATE($B416,""en"",""mni-Mtei""),$B416)","=IFERROR(GOOGLETRANSLATE($B416,""en"",""lus""),$B416)","=IFERROR(GOOGLETRANSLATE($B416,""en"",""or""),$B416)","=IFERROR(GOOGLETRANSLATE($B416,""en"",""pa""),$B416)","=IFERROR(GOOGLETRANSLATE($B416,""en"",""ne""),$B416)","=IFERROR(GOOGLETRANSLATE($B416,""en"",""bn""),$B416)","=IFERROR(GOOGLETRANSLATE($B416,""en"",""ks""),$B416)",=$B416
ui_0416,Select your religion,"=IFERROR(GOOGLETRANSLATE($B417,""en"",""as""),$B417)","=IFERROR(GOOGLETRANSLATE($B417,""en"",""gom""),$B417)","=IFERROR(GOOGLETRANSLATE($B417,""en"",""gu""),$B417)","=IFERROR(GOOGLETRANSLATE($B417,""en"",""mr""),$B417)","=IFERROR(GOOGLETRANSLATE($B417,""en"",""mni-Mtei""),$B417)","=IFERROR(GOOGLETRANSLATE($B417,""en"",""lus""),$B417)","=IFERROR(GOOGLETRANSLATE($B417,""en"",""or""),$B417)","=IFERROR(GOOGLETRANSLATE($B417,""en"",""pa""),$B417)","=IFERROR(GOOGLETRANSLATE($B417,""en"",""ne""),$B417)","=IFERROR(GOOGLETRANSLATE($B417,""en"",""bn""),$B417)","=IFERROR(GOOGLETRANSLATE($B417,""en"",""ks""),$B417)",=$B417
ui_0417,Selected photo,"=IFERROR(GOOGLETRANSLATE($B418,""en"",""as""),$B418)","=IFERROR(GOOGLETRANSLATE($B418,""en"",""gom""),$B418)","=IFERROR(GOOGLETRANSLATE($B418,""en"",""gu""),$B418)","=IFERROR(GOOGLETRANSLATE($B418,""en"",""mr""),$B418)","=IFERROR(GOOGLETRANSLATE($B418,""en"",""mni-Mtei""),$B418)","=IFERROR(GOOGLETRANSLATE($B418,""en"",""lus""),$B418)","=IFERROR(GOOGLETRANSLATE($B418,""en"",""or""),$B418)","=IFERROR(GOOGLETRANSLATE($B418,""en"",""pa""),$B418)","=IFERROR(GOOGLETRANSLATE($B418,""en"",""ne""),$B418)","=IFERROR(GOOGLETRANSLATE($B418,""en"",""bn""),$B418)","=IFERROR(GOOGLETRANSLATE($B418,""en"",""ks""),$B418)",=$B418
ui_0418,Send back,"=IFERROR(GOOGLETRANSLATE($B419,""en"",""as""),$B419)","=IFERROR(GOOGLETRANSLATE($B419,""en"",""gom""),$B419)","=IFERROR(GOOGLETRANSLATE($B419,""en"",""gu""),$B419)","=IFERROR(GOOGLETRANSLATE($B419,""en"",""mr""),$B419)","=IFERROR(GOOGLETRANSLATE($B419,""en"",""mni-Mtei""),$B419)","=IFERROR(GOOGLETRANSLATE($B419,""en"",""lus""),$B419)","=IFERROR(GOOGLETRANSLATE($B419,""en"",""or""),$B419)","=IFERROR(GOOGLETRANSLATE($B419,""en"",""pa""),$B419)","=IFERROR(GOOGLETRANSLATE($B419,""en"",""ne""),$B419)","=IFERROR(GOOGLETRANSLATE($B419,""en"",""bn""),$B419)","=IFERROR(GOOGLETRANSLATE($B419,""en"",""ks""),$B419)",=$B419
ui_0419,Sending,"=IFERROR(GOOGLETRANSLATE($B420,""en"",""as""),$B420)","=IFERROR(GOOGLETRANSLATE($B420,""en"",""gom""),$B420)","=IFERROR(GOOGLETRANSLATE($B420,""en"",""gu""),$B420)","=IFERROR(GOOGLETRANSLATE($B420,""en"",""mr""),$B420)","=IFERROR(GOOGLETRANSLATE($B420,""en"",""mni-Mtei""),$B420)","=IFERROR(GOOGLETRANSLATE($B420,""en"",""lus""),$B420)","=IFERROR(GOOGLETRANSLATE($B420,""en"",""or""),$B420)","=IFERROR(GOOGLETRANSLATE($B420,""en"",""pa""),$B420)","=IFERROR(GOOGLETRANSLATE($B420,""en"",""ne""),$B420)","=IFERROR(GOOGLETRANSLATE($B420,""en"",""bn""),$B420)","=IFERROR(GOOGLETRANSLATE($B420,""en"",""ks""),$B420)",=$B420
ui_0420,Service Changes and Limitation of Liability,"=IFERROR(GOOGLETRANSLATE($B421,""en"",""as""),$B421)","=IFERROR(GOOGLETRANSLATE($B421,""en"",""gom""),$B421)","=IFERROR(GOOGLETRANSLATE($B421,""en"",""gu""),$B421)","=IFERROR(GOOGLETRANSLATE($B421,""en"",""mr""),$B421)","=IFERROR(GOOGLETRANSLATE($B421,""en"",""mni-Mtei""),$B421)","=IFERROR(GOOGLETRANSLATE($B421,""en"",""lus""),$B421)","=IFERROR(GOOGLETRANSLATE($B421,""en"",""or""),$B421)","=IFERROR(GOOGLETRANSLATE($B421,""en"",""pa""),$B421)","=IFERROR(GOOGLETRANSLATE($B421,""en"",""ne""),$B421)","=IFERROR(GOOGLETRANSLATE($B421,""en"",""bn""),$B421)","=IFERROR(GOOGLETRANSLATE($B421,""en"",""ks""),$B421)",=$B421
ui_0421,Sexual or adult content,"=IFERROR(GOOGLETRANSLATE($B422,""en"",""as""),$B422)","=IFERROR(GOOGLETRANSLATE($B422,""en"",""gom""),$B422)","=IFERROR(GOOGLETRANSLATE($B422,""en"",""gu""),$B422)","=IFERROR(GOOGLETRANSLATE($B422,""en"",""mr""),$B422)","=IFERROR(GOOGLETRANSLATE($B422,""en"",""mni-Mtei""),$B422)","=IFERROR(GOOGLETRANSLATE($B422,""en"",""lus""),$B422)","=IFERROR(GOOGLETRANSLATE($B422,""en"",""or""),$B422)","=IFERROR(GOOGLETRANSLATE($B422,""en"",""pa""),$B422)","=IFERROR(GOOGLETRANSLATE($B422,""en"",""ne""),$B422)","=IFERROR(GOOGLETRANSLATE($B422,""en"",""bn""),$B422)","=IFERROR(GOOGLETRANSLATE($B422,""en"",""ks""),$B422)",=$B422
ui_0422,Shadow,"=IFERROR(GOOGLETRANSLATE($B423,""en"",""as""),$B423)","=IFERROR(GOOGLETRANSLATE($B423,""en"",""gom""),$B423)","=IFERROR(GOOGLETRANSLATE($B423,""en"",""gu""),$B423)","=IFERROR(GOOGLETRANSLATE($B423,""en"",""mr""),$B423)","=IFERROR(GOOGLETRANSLATE($B423,""en"",""mni-Mtei""),$B423)","=IFERROR(GOOGLETRANSLATE($B423,""en"",""lus""),$B423)","=IFERROR(GOOGLETRANSLATE($B423,""en"",""or""),$B423)","=IFERROR(GOOGLETRANSLATE($B423,""en"",""pa""),$B423)","=IFERROR(GOOGLETRANSLATE($B423,""en"",""ne""),$B423)","=IFERROR(GOOGLETRANSLATE($B423,""en"",""bn""),$B423)","=IFERROR(GOOGLETRANSLATE($B423,""en"",""ks""),$B423)",=$B423
ui_0423,Shadow Blur,"=IFERROR(GOOGLETRANSLATE($B424,""en"",""as""),$B424)","=IFERROR(GOOGLETRANSLATE($B424,""en"",""gom""),$B424)","=IFERROR(GOOGLETRANSLATE($B424,""en"",""gu""),$B424)","=IFERROR(GOOGLETRANSLATE($B424,""en"",""mr""),$B424)","=IFERROR(GOOGLETRANSLATE($B424,""en"",""mni-Mtei""),$B424)","=IFERROR(GOOGLETRANSLATE($B424,""en"",""lus""),$B424)","=IFERROR(GOOGLETRANSLATE($B424,""en"",""or""),$B424)","=IFERROR(GOOGLETRANSLATE($B424,""en"",""pa""),$B424)","=IFERROR(GOOGLETRANSLATE($B424,""en"",""ne""),$B424)","=IFERROR(GOOGLETRANSLATE($B424,""en"",""bn""),$B424)","=IFERROR(GOOGLETRANSLATE($B424,""en"",""ks""),$B424)",=$B424
ui_0424,Shadow Offset Y,"=IFERROR(GOOGLETRANSLATE($B425,""en"",""as""),$B425)","=IFERROR(GOOGLETRANSLATE($B425,""en"",""gom""),$B425)","=IFERROR(GOOGLETRANSLATE($B425,""en"",""gu""),$B425)","=IFERROR(GOOGLETRANSLATE($B425,""en"",""mr""),$B425)","=IFERROR(GOOGLETRANSLATE($B425,""en"",""mni-Mtei""),$B425)","=IFERROR(GOOGLETRANSLATE($B425,""en"",""lus""),$B425)","=IFERROR(GOOGLETRANSLATE($B425,""en"",""or""),$B425)","=IFERROR(GOOGLETRANSLATE($B425,""en"",""pa""),$B425)","=IFERROR(GOOGLETRANSLATE($B425,""en"",""ne""),$B425)","=IFERROR(GOOGLETRANSLATE($B425,""en"",""bn""),$B425)","=IFERROR(GOOGLETRANSLATE($B425,""en"",""ks""),$B425)",=$B425
ui_0425,Shadow Opacity,"=IFERROR(GOOGLETRANSLATE($B426,""en"",""as""),$B426)","=IFERROR(GOOGLETRANSLATE($B426,""en"",""gom""),$B426)","=IFERROR(GOOGLETRANSLATE($B426,""en"",""gu""),$B426)","=IFERROR(GOOGLETRANSLATE($B426,""en"",""mr""),$B426)","=IFERROR(GOOGLETRANSLATE($B426,""en"",""mni-Mtei""),$B426)","=IFERROR(GOOGLETRANSLATE($B426,""en"",""lus""),$B426)","=IFERROR(GOOGLETRANSLATE($B426,""en"",""or""),$B426)","=IFERROR(GOOGLETRANSLATE($B426,""en"",""pa""),$B426)","=IFERROR(GOOGLETRANSLATE($B426,""en"",""ne""),$B426)","=IFERROR(GOOGLETRANSLATE($B426,""en"",""bn""),$B426)","=IFERROR(GOOGLETRANSLATE($B426,""en"",""ks""),$B426)",=$B426
ui_0426,Share,"=IFERROR(GOOGLETRANSLATE($B427,""en"",""as""),$B427)","=IFERROR(GOOGLETRANSLATE($B427,""en"",""gom""),$B427)","=IFERROR(GOOGLETRANSLATE($B427,""en"",""gu""),$B427)","=IFERROR(GOOGLETRANSLATE($B427,""en"",""mr""),$B427)","=IFERROR(GOOGLETRANSLATE($B427,""en"",""mni-Mtei""),$B427)","=IFERROR(GOOGLETRANSLATE($B427,""en"",""lus""),$B427)","=IFERROR(GOOGLETRANSLATE($B427,""en"",""or""),$B427)","=IFERROR(GOOGLETRANSLATE($B427,""en"",""pa""),$B427)","=IFERROR(GOOGLETRANSLATE($B427,""en"",""ne""),$B427)","=IFERROR(GOOGLETRANSLATE($B427,""en"",""bn""),$B427)","=IFERROR(GOOGLETRANSLATE($B427,""en"",""ks""),$B427)",=$B427
ui_0427,Share boundary not ready,"=IFERROR(GOOGLETRANSLATE($B428,""en"",""as""),$B428)","=IFERROR(GOOGLETRANSLATE($B428,""en"",""gom""),$B428)","=IFERROR(GOOGLETRANSLATE($B428,""en"",""gu""),$B428)","=IFERROR(GOOGLETRANSLATE($B428,""en"",""mr""),$B428)","=IFERROR(GOOGLETRANSLATE($B428,""en"",""mni-Mtei""),$B428)","=IFERROR(GOOGLETRANSLATE($B428,""en"",""lus""),$B428)","=IFERROR(GOOGLETRANSLATE($B428,""en"",""or""),$B428)","=IFERROR(GOOGLETRANSLATE($B428,""en"",""pa""),$B428)","=IFERROR(GOOGLETRANSLATE($B428,""en"",""ne""),$B428)","=IFERROR(GOOGLETRANSLATE($B428,""en"",""bn""),$B428)","=IFERROR(GOOGLETRANSLATE($B428,""en"",""ks""),$B428)",=$B428
ui_0428,"Share failed, please try again","=IFERROR(GOOGLETRANSLATE($B429,""en"",""as""),$B429)","=IFERROR(GOOGLETRANSLATE($B429,""en"",""gom""),$B429)","=IFERROR(GOOGLETRANSLATE($B429,""en"",""gu""),$B429)","=IFERROR(GOOGLETRANSLATE($B429,""en"",""mr""),$B429)","=IFERROR(GOOGLETRANSLATE($B429,""en"",""mni-Mtei""),$B429)","=IFERROR(GOOGLETRANSLATE($B429,""en"",""lus""),$B429)","=IFERROR(GOOGLETRANSLATE($B429,""en"",""or""),$B429)","=IFERROR(GOOGLETRANSLATE($B429,""en"",""pa""),$B429)","=IFERROR(GOOGLETRANSLATE($B429,""en"",""ne""),$B429)","=IFERROR(GOOGLETRANSLATE($B429,""en"",""bn""),$B429)","=IFERROR(GOOGLETRANSLATE($B429,""en"",""ks""),$B429)",=$B429
ui_0429,Share failed. Please try again.,"=IFERROR(GOOGLETRANSLATE($B430,""en"",""as""),$B430)","=IFERROR(GOOGLETRANSLATE($B430,""en"",""gom""),$B430)","=IFERROR(GOOGLETRANSLATE($B430,""en"",""gu""),$B430)","=IFERROR(GOOGLETRANSLATE($B430,""en"",""mr""),$B430)","=IFERROR(GOOGLETRANSLATE($B430,""en"",""mni-Mtei""),$B430)","=IFERROR(GOOGLETRANSLATE($B430,""en"",""lus""),$B430)","=IFERROR(GOOGLETRANSLATE($B430,""en"",""or""),$B430)","=IFERROR(GOOGLETRANSLATE($B430,""en"",""pa""),$B430)","=IFERROR(GOOGLETRANSLATE($B430,""en"",""ne""),$B430)","=IFERROR(GOOGLETRANSLATE($B430,""en"",""bn""),$B430)","=IFERROR(GOOGLETRANSLATE($B430,""en"",""ks""),$B430)",=$B430
ui_0430,Share is already in progress,"=IFERROR(GOOGLETRANSLATE($B431,""en"",""as""),$B431)","=IFERROR(GOOGLETRANSLATE($B431,""en"",""gom""),$B431)","=IFERROR(GOOGLETRANSLATE($B431,""en"",""gu""),$B431)","=IFERROR(GOOGLETRANSLATE($B431,""en"",""mr""),$B431)","=IFERROR(GOOGLETRANSLATE($B431,""en"",""mni-Mtei""),$B431)","=IFERROR(GOOGLETRANSLATE($B431,""en"",""lus""),$B431)","=IFERROR(GOOGLETRANSLATE($B431,""en"",""or""),$B431)","=IFERROR(GOOGLETRANSLATE($B431,""en"",""pa""),$B431)","=IFERROR(GOOGLETRANSLATE($B431,""en"",""ne""),$B431)","=IFERROR(GOOGLETRANSLATE($B431,""en"",""bn""),$B431)","=IFERROR(GOOGLETRANSLATE($B431,""en"",""ks""),$B431)",=$B431
ui_0431,Share WhatsApp,"=IFERROR(GOOGLETRANSLATE($B432,""en"",""as""),$B432)","=IFERROR(GOOGLETRANSLATE($B432,""en"",""gom""),$B432)","=IFERROR(GOOGLETRANSLATE($B432,""en"",""gu""),$B432)","=IFERROR(GOOGLETRANSLATE($B432,""en"",""mr""),$B432)","=IFERROR(GOOGLETRANSLATE($B432,""en"",""mni-Mtei""),$B432)","=IFERROR(GOOGLETRANSLATE($B432,""en"",""lus""),$B432)","=IFERROR(GOOGLETRANSLATE($B432,""en"",""or""),$B432)","=IFERROR(GOOGLETRANSLATE($B432,""en"",""pa""),$B432)","=IFERROR(GOOGLETRANSLATE($B432,""en"",""ne""),$B432)","=IFERROR(GOOGLETRANSLATE($B432,""en"",""bn""),$B432)","=IFERROR(GOOGLETRANSLATE($B432,""en"",""ks""),$B432)",=$B432
ui_0432,Sharing poster,"=IFERROR(GOOGLETRANSLATE($B433,""en"",""as""),$B433)","=IFERROR(GOOGLETRANSLATE($B433,""en"",""gom""),$B433)","=IFERROR(GOOGLETRANSLATE($B433,""en"",""gu""),$B433)","=IFERROR(GOOGLETRANSLATE($B433,""en"",""mr""),$B433)","=IFERROR(GOOGLETRANSLATE($B433,""en"",""mni-Mtei""),$B433)","=IFERROR(GOOGLETRANSLATE($B433,""en"",""lus""),$B433)","=IFERROR(GOOGLETRANSLATE($B433,""en"",""or""),$B433)","=IFERROR(GOOGLETRANSLATE($B433,""en"",""pa""),$B433)","=IFERROR(GOOGLETRANSLATE($B433,""en"",""ne""),$B433)","=IFERROR(GOOGLETRANSLATE($B433,""en"",""bn""),$B433)","=IFERROR(GOOGLETRANSLATE($B433,""en"",""ks""),$B433)",=$B433
ui_0433,Sign out logic can be connected later,"=IFERROR(GOOGLETRANSLATE($B434,""en"",""as""),$B434)","=IFERROR(GOOGLETRANSLATE($B434,""en"",""gom""),$B434)","=IFERROR(GOOGLETRANSLATE($B434,""en"",""gu""),$B434)","=IFERROR(GOOGLETRANSLATE($B434,""en"",""mr""),$B434)","=IFERROR(GOOGLETRANSLATE($B434,""en"",""mni-Mtei""),$B434)","=IFERROR(GOOGLETRANSLATE($B434,""en"",""lus""),$B434)","=IFERROR(GOOGLETRANSLATE($B434,""en"",""or""),$B434)","=IFERROR(GOOGLETRANSLATE($B434,""en"",""pa""),$B434)","=IFERROR(GOOGLETRANSLATE($B434,""en"",""ne""),$B434)","=IFERROR(GOOGLETRANSLATE($B434,""en"",""bn""),$B434)","=IFERROR(GOOGLETRANSLATE($B434,""en"",""ks""),$B434)",=$B434
ui_0434,Sign Up,"=IFERROR(GOOGLETRANSLATE($B435,""en"",""as""),$B435)","=IFERROR(GOOGLETRANSLATE($B435,""en"",""gom""),$B435)","=IFERROR(GOOGLETRANSLATE($B435,""en"",""gu""),$B435)","=IFERROR(GOOGLETRANSLATE($B435,""en"",""mr""),$B435)","=IFERROR(GOOGLETRANSLATE($B435,""en"",""mni-Mtei""),$B435)","=IFERROR(GOOGLETRANSLATE($B435,""en"",""lus""),$B435)","=IFERROR(GOOGLETRANSLATE($B435,""en"",""or""),$B435)","=IFERROR(GOOGLETRANSLATE($B435,""en"",""pa""),$B435)","=IFERROR(GOOGLETRANSLATE($B435,""en"",""ne""),$B435)","=IFERROR(GOOGLETRANSLATE($B435,""en"",""bn""),$B435)","=IFERROR(GOOGLETRANSLATE($B435,""en"",""ks""),$B435)",=$B435
ui_0435,Sign Up with Email,"=IFERROR(GOOGLETRANSLATE($B436,""en"",""as""),$B436)","=IFERROR(GOOGLETRANSLATE($B436,""en"",""gom""),$B436)","=IFERROR(GOOGLETRANSLATE($B436,""en"",""gu""),$B436)","=IFERROR(GOOGLETRANSLATE($B436,""en"",""mr""),$B436)","=IFERROR(GOOGLETRANSLATE($B436,""en"",""mni-Mtei""),$B436)","=IFERROR(GOOGLETRANSLATE($B436,""en"",""lus""),$B436)","=IFERROR(GOOGLETRANSLATE($B436,""en"",""or""),$B436)","=IFERROR(GOOGLETRANSLATE($B436,""en"",""pa""),$B436)","=IFERROR(GOOGLETRANSLATE($B436,""en"",""ne""),$B436)","=IFERROR(GOOGLETRANSLATE($B436,""en"",""bn""),$B436)","=IFERROR(GOOGLETRANSLATE($B436,""en"",""ks""),$B436)",=$B436
ui_0436,Signed-in account mismatch. Please sign in again.,"=IFERROR(GOOGLETRANSLATE($B437,""en"",""as""),$B437)","=IFERROR(GOOGLETRANSLATE($B437,""en"",""gom""),$B437)","=IFERROR(GOOGLETRANSLATE($B437,""en"",""gu""),$B437)","=IFERROR(GOOGLETRANSLATE($B437,""en"",""mr""),$B437)","=IFERROR(GOOGLETRANSLATE($B437,""en"",""mni-Mtei""),$B437)","=IFERROR(GOOGLETRANSLATE($B437,""en"",""lus""),$B437)","=IFERROR(GOOGLETRANSLATE($B437,""en"",""or""),$B437)","=IFERROR(GOOGLETRANSLATE($B437,""en"",""pa""),$B437)","=IFERROR(GOOGLETRANSLATE($B437,""en"",""ne""),$B437)","=IFERROR(GOOGLETRANSLATE($B437,""en"",""bn""),$B437)","=IFERROR(GOOGLETRANSLATE($B437,""en"",""ks""),$B437)",=$B437
ui_0437,Size,"=IFERROR(GOOGLETRANSLATE($B438,""en"",""as""),$B438)","=IFERROR(GOOGLETRANSLATE($B438,""en"",""gom""),$B438)","=IFERROR(GOOGLETRANSLATE($B438,""en"",""gu""),$B438)","=IFERROR(GOOGLETRANSLATE($B438,""en"",""mr""),$B438)","=IFERROR(GOOGLETRANSLATE($B438,""en"",""mni-Mtei""),$B438)","=IFERROR(GOOGLETRANSLATE($B438,""en"",""lus""),$B438)","=IFERROR(GOOGLETRANSLATE($B438,""en"",""or""),$B438)","=IFERROR(GOOGLETRANSLATE($B438,""en"",""pa""),$B438)","=IFERROR(GOOGLETRANSLATE($B438,""en"",""ne""),$B438)","=IFERROR(GOOGLETRANSLATE($B438,""en"",""bn""),$B438)","=IFERROR(GOOGLETRANSLATE($B438,""en"",""ks""),$B438)",=$B438
ui_0438,Skip,"=IFERROR(GOOGLETRANSLATE($B439,""en"",""as""),$B439)","=IFERROR(GOOGLETRANSLATE($B439,""en"",""gom""),$B439)","=IFERROR(GOOGLETRANSLATE($B439,""en"",""gu""),$B439)","=IFERROR(GOOGLETRANSLATE($B439,""en"",""mr""),$B439)","=IFERROR(GOOGLETRANSLATE($B439,""en"",""mni-Mtei""),$B439)","=IFERROR(GOOGLETRANSLATE($B439,""en"",""lus""),$B439)","=IFERROR(GOOGLETRANSLATE($B439,""en"",""or""),$B439)","=IFERROR(GOOGLETRANSLATE($B439,""en"",""pa""),$B439)","=IFERROR(GOOGLETRANSLATE($B439,""en"",""ne""),$B439)","=IFERROR(GOOGLETRANSLATE($B439,""en"",""bn""),$B439)","=IFERROR(GOOGLETRANSLATE($B439,""en"",""ks""),$B439)",=$B439
ui_0439,Smaller file size,"=IFERROR(GOOGLETRANSLATE($B440,""en"",""as""),$B440)","=IFERROR(GOOGLETRANSLATE($B440,""en"",""gom""),$B440)","=IFERROR(GOOGLETRANSLATE($B440,""en"",""gu""),$B440)","=IFERROR(GOOGLETRANSLATE($B440,""en"",""mr""),$B440)","=IFERROR(GOOGLETRANSLATE($B440,""en"",""mni-Mtei""),$B440)","=IFERROR(GOOGLETRANSLATE($B440,""en"",""lus""),$B440)","=IFERROR(GOOGLETRANSLATE($B440,""en"",""or""),$B440)","=IFERROR(GOOGLETRANSLATE($B440,""en"",""pa""),$B440)","=IFERROR(GOOGLETRANSLATE($B440,""en"",""ne""),$B440)","=IFERROR(GOOGLETRANSLATE($B440,""en"",""bn""),$B440)","=IFERROR(GOOGLETRANSLATE($B440,""en"",""ks""),$B440)",=$B440
ui_0440,Soft,"=IFERROR(GOOGLETRANSLATE($B441,""en"",""as""),$B441)","=IFERROR(GOOGLETRANSLATE($B441,""en"",""gom""),$B441)","=IFERROR(GOOGLETRANSLATE($B441,""en"",""gu""),$B441)","=IFERROR(GOOGLETRANSLATE($B441,""en"",""mr""),$B441)","=IFERROR(GOOGLETRANSLATE($B441,""en"",""mni-Mtei""),$B441)","=IFERROR(GOOGLETRANSLATE($B441,""en"",""lus""),$B441)","=IFERROR(GOOGLETRANSLATE($B441,""en"",""or""),$B441)","=IFERROR(GOOGLETRANSLATE($B441,""en"",""pa""),$B441)","=IFERROR(GOOGLETRANSLATE($B441,""en"",""ne""),$B441)","=IFERROR(GOOGLETRANSLATE($B441,""en"",""bn""),$B441)","=IFERROR(GOOGLETRANSLATE($B441,""en"",""ks""),$B441)",=$B441
ui_0441,Softly removing the brushed photo area,"=IFERROR(GOOGLETRANSLATE($B442,""en"",""as""),$B442)","=IFERROR(GOOGLETRANSLATE($B442,""en"",""gom""),$B442)","=IFERROR(GOOGLETRANSLATE($B442,""en"",""gu""),$B442)","=IFERROR(GOOGLETRANSLATE($B442,""en"",""mr""),$B442)","=IFERROR(GOOGLETRANSLATE($B442,""en"",""mni-Mtei""),$B442)","=IFERROR(GOOGLETRANSLATE($B442,""en"",""lus""),$B442)","=IFERROR(GOOGLETRANSLATE($B442,""en"",""or""),$B442)","=IFERROR(GOOGLETRANSLATE($B442,""en"",""pa""),$B442)","=IFERROR(GOOGLETRANSLATE($B442,""en"",""ne""),$B442)","=IFERROR(GOOGLETRANSLATE($B442,""en"",""bn""),$B442)","=IFERROR(GOOGLETRANSLATE($B442,""en"",""ks""),$B442)",=$B442
ui_0442,Source photo unavailable for Remove BG,"=IFERROR(GOOGLETRANSLATE($B443,""en"",""as""),$B443)","=IFERROR(GOOGLETRANSLATE($B443,""en"",""gom""),$B443)","=IFERROR(GOOGLETRANSLATE($B443,""en"",""gu""),$B443)","=IFERROR(GOOGLETRANSLATE($B443,""en"",""mr""),$B443)","=IFERROR(GOOGLETRANSLATE($B443,""en"",""mni-Mtei""),$B443)","=IFERROR(GOOGLETRANSLATE($B443,""en"",""lus""),$B443)","=IFERROR(GOOGLETRANSLATE($B443,""en"",""or""),$B443)","=IFERROR(GOOGLETRANSLATE($B443,""en"",""pa""),$B443)","=IFERROR(GOOGLETRANSLATE($B443,""en"",""ne""),$B443)","=IFERROR(GOOGLETRANSLATE($B443,""en"",""bn""),$B443)","=IFERROR(GOOGLETRANSLATE($B443,""en"",""ks""),$B443)",=$B443
ui_0443,"Spam, scam, or fake content","=IFERROR(GOOGLETRANSLATE($B444,""en"",""as""),$B444)","=IFERROR(GOOGLETRANSLATE($B444,""en"",""gom""),$B444)","=IFERROR(GOOGLETRANSLATE($B444,""en"",""gu""),$B444)","=IFERROR(GOOGLETRANSLATE($B444,""en"",""mr""),$B444)","=IFERROR(GOOGLETRANSLATE($B444,""en"",""mni-Mtei""),$B444)","=IFERROR(GOOGLETRANSLATE($B444,""en"",""lus""),$B444)","=IFERROR(GOOGLETRANSLATE($B444,""en"",""or""),$B444)","=IFERROR(GOOGLETRANSLATE($B444,""en"",""pa""),$B444)","=IFERROR(GOOGLETRANSLATE($B444,""en"",""ne""),$B444)","=IFERROR(GOOGLETRANSLATE($B444,""en"",""bn""),$B444)","=IFERROR(GOOGLETRANSLATE($B444,""en"",""ks""),$B444)",=$B444
ui_0444,Special,"=IFERROR(GOOGLETRANSLATE($B445,""en"",""as""),$B445)","=IFERROR(GOOGLETRANSLATE($B445,""en"",""gom""),$B445)","=IFERROR(GOOGLETRANSLATE($B445,""en"",""gu""),$B445)","=IFERROR(GOOGLETRANSLATE($B445,""en"",""mr""),$B445)","=IFERROR(GOOGLETRANSLATE($B445,""en"",""mni-Mtei""),$B445)","=IFERROR(GOOGLETRANSLATE($B445,""en"",""lus""),$B445)","=IFERROR(GOOGLETRANSLATE($B445,""en"",""or""),$B445)","=IFERROR(GOOGLETRANSLATE($B445,""en"",""pa""),$B445)","=IFERROR(GOOGLETRANSLATE($B445,""en"",""ne""),$B445)","=IFERROR(GOOGLETRANSLATE($B445,""en"",""bn""),$B445)","=IFERROR(GOOGLETRANSLATE($B445,""en"",""ks""),$B445)",=$B445
ui_0445,Start Design,"=IFERROR(GOOGLETRANSLATE($B446,""en"",""as""),$B446)","=IFERROR(GOOGLETRANSLATE($B446,""en"",""gom""),$B446)","=IFERROR(GOOGLETRANSLATE($B446,""en"",""gu""),$B446)","=IFERROR(GOOGLETRANSLATE($B446,""en"",""mr""),$B446)","=IFERROR(GOOGLETRANSLATE($B446,""en"",""mni-Mtei""),$B446)","=IFERROR(GOOGLETRANSLATE($B446,""en"",""lus""),$B446)","=IFERROR(GOOGLETRANSLATE($B446,""en"",""or""),$B446)","=IFERROR(GOOGLETRANSLATE($B446,""en"",""pa""),$B446)","=IFERROR(GOOGLETRANSLATE($B446,""en"",""ne""),$B446)","=IFERROR(GOOGLETRANSLATE($B446,""en"",""bn""),$B446)","=IFERROR(GOOGLETRANSLATE($B446,""en"",""ks""),$B446)",=$B446
ui_0446,State,"=IFERROR(GOOGLETRANSLATE($B447,""en"",""as""),$B447)","=IFERROR(GOOGLETRANSLATE($B447,""en"",""gom""),$B447)","=IFERROR(GOOGLETRANSLATE($B447,""en"",""gu""),$B447)","=IFERROR(GOOGLETRANSLATE($B447,""en"",""mr""),$B447)","=IFERROR(GOOGLETRANSLATE($B447,""en"",""mni-Mtei""),$B447)","=IFERROR(GOOGLETRANSLATE($B447,""en"",""lus""),$B447)","=IFERROR(GOOGLETRANSLATE($B447,""en"",""or""),$B447)","=IFERROR(GOOGLETRANSLATE($B447,""en"",""pa""),$B447)","=IFERROR(GOOGLETRANSLATE($B447,""en"",""ne""),$B447)","=IFERROR(GOOGLETRANSLATE($B447,""en"",""bn""),$B447)","=IFERROR(GOOGLETRANSLATE($B447,""en"",""ks""),$B447)",=$B447
ui_0447,Status,"=IFERROR(GOOGLETRANSLATE($B448,""en"",""as""),$B448)","=IFERROR(GOOGLETRANSLATE($B448,""en"",""gom""),$B448)","=IFERROR(GOOGLETRANSLATE($B448,""en"",""gu""),$B448)","=IFERROR(GOOGLETRANSLATE($B448,""en"",""mr""),$B448)","=IFERROR(GOOGLETRANSLATE($B448,""en"",""mni-Mtei""),$B448)","=IFERROR(GOOGLETRANSLATE($B448,""en"",""lus""),$B448)","=IFERROR(GOOGLETRANSLATE($B448,""en"",""or""),$B448)","=IFERROR(GOOGLETRANSLATE($B448,""en"",""pa""),$B448)","=IFERROR(GOOGLETRANSLATE($B448,""en"",""ne""),$B448)","=IFERROR(GOOGLETRANSLATE($B448,""en"",""bn""),$B448)","=IFERROR(GOOGLETRANSLATE($B448,""en"",""ks""),$B448)",=$B448
ui_0448,status,"=IFERROR(GOOGLETRANSLATE($B449,""en"",""as""),$B449)","=IFERROR(GOOGLETRANSLATE($B449,""en"",""gom""),$B449)","=IFERROR(GOOGLETRANSLATE($B449,""en"",""gu""),$B449)","=IFERROR(GOOGLETRANSLATE($B449,""en"",""mr""),$B449)","=IFERROR(GOOGLETRANSLATE($B449,""en"",""mni-Mtei""),$B449)","=IFERROR(GOOGLETRANSLATE($B449,""en"",""lus""),$B449)","=IFERROR(GOOGLETRANSLATE($B449,""en"",""or""),$B449)","=IFERROR(GOOGLETRANSLATE($B449,""en"",""pa""),$B449)","=IFERROR(GOOGLETRANSLATE($B449,""en"",""ne""),$B449)","=IFERROR(GOOGLETRANSLATE($B449,""en"",""bn""),$B449)","=IFERROR(GOOGLETRANSLATE($B449,""en"",""ks""),$B449)",=$B449
ui_0449,Status check failed,"=IFERROR(GOOGLETRANSLATE($B450,""en"",""as""),$B450)","=IFERROR(GOOGLETRANSLATE($B450,""en"",""gom""),$B450)","=IFERROR(GOOGLETRANSLATE($B450,""en"",""gu""),$B450)","=IFERROR(GOOGLETRANSLATE($B450,""en"",""mr""),$B450)","=IFERROR(GOOGLETRANSLATE($B450,""en"",""mni-Mtei""),$B450)","=IFERROR(GOOGLETRANSLATE($B450,""en"",""lus""),$B450)","=IFERROR(GOOGLETRANSLATE($B450,""en"",""or""),$B450)","=IFERROR(GOOGLETRANSLATE($B450,""en"",""pa""),$B450)","=IFERROR(GOOGLETRANSLATE($B450,""en"",""ne""),$B450)","=IFERROR(GOOGLETRANSLATE($B450,""en"",""bn""),$B450)","=IFERROR(GOOGLETRANSLATE($B450,""en"",""ks""),$B450)",=$B450
ui_0450,Status image must be 12MB or less,"=IFERROR(GOOGLETRANSLATE($B451,""en"",""as""),$B451)","=IFERROR(GOOGLETRANSLATE($B451,""en"",""gom""),$B451)","=IFERROR(GOOGLETRANSLATE($B451,""en"",""gu""),$B451)","=IFERROR(GOOGLETRANSLATE($B451,""en"",""mr""),$B451)","=IFERROR(GOOGLETRANSLATE($B451,""en"",""mni-Mtei""),$B451)","=IFERROR(GOOGLETRANSLATE($B451,""en"",""lus""),$B451)","=IFERROR(GOOGLETRANSLATE($B451,""en"",""or""),$B451)","=IFERROR(GOOGLETRANSLATE($B451,""en"",""pa""),$B451)","=IFERROR(GOOGLETRANSLATE($B451,""en"",""ne""),$B451)","=IFERROR(GOOGLETRANSLATE($B451,""en"",""bn""),$B451)","=IFERROR(GOOGLETRANSLATE($B451,""en"",""ks""),$B451)",=$B451
ui_0451,Status information unavailable,"=IFERROR(GOOGLETRANSLATE($B452,""en"",""as""),$B452)","=IFERROR(GOOGLETRANSLATE($B452,""en"",""gom""),$B452)","=IFERROR(GOOGLETRANSLATE($B452,""en"",""gu""),$B452)","=IFERROR(GOOGLETRANSLATE($B452,""en"",""mr""),$B452)","=IFERROR(GOOGLETRANSLATE($B452,""en"",""mni-Mtei""),$B452)","=IFERROR(GOOGLETRANSLATE($B452,""en"",""lus""),$B452)","=IFERROR(GOOGLETRANSLATE($B452,""en"",""or""),$B452)","=IFERROR(GOOGLETRANSLATE($B452,""en"",""pa""),$B452)","=IFERROR(GOOGLETRANSLATE($B452,""en"",""ne""),$B452)","=IFERROR(GOOGLETRANSLATE($B452,""en"",""bn""),$B452)","=IFERROR(GOOGLETRANSLATE($B452,""en"",""ks""),$B452)",=$B452
ui_0452,Status text must be 300 characters or less,"=IFERROR(GOOGLETRANSLATE($B453,""en"",""as""),$B453)","=IFERROR(GOOGLETRANSLATE($B453,""en"",""gom""),$B453)","=IFERROR(GOOGLETRANSLATE($B453,""en"",""gu""),$B453)","=IFERROR(GOOGLETRANSLATE($B453,""en"",""mr""),$B453)","=IFERROR(GOOGLETRANSLATE($B453,""en"",""mni-Mtei""),$B453)","=IFERROR(GOOGLETRANSLATE($B453,""en"",""lus""),$B453)","=IFERROR(GOOGLETRANSLATE($B453,""en"",""or""),$B453)","=IFERROR(GOOGLETRANSLATE($B453,""en"",""pa""),$B453)","=IFERROR(GOOGLETRANSLATE($B453,""en"",""ne""),$B453)","=IFERROR(GOOGLETRANSLATE($B453,""en"",""bn""),$B453)","=IFERROR(GOOGLETRANSLATE($B453,""en"",""ks""),$B453)",=$B453
ui_0453,Status upload failed. Please try again.,"=IFERROR(GOOGLETRANSLATE($B454,""en"",""as""),$B454)","=IFERROR(GOOGLETRANSLATE($B454,""en"",""gom""),$B454)","=IFERROR(GOOGLETRANSLATE($B454,""en"",""gu""),$B454)","=IFERROR(GOOGLETRANSLATE($B454,""en"",""mr""),$B454)","=IFERROR(GOOGLETRANSLATE($B454,""en"",""mni-Mtei""),$B454)","=IFERROR(GOOGLETRANSLATE($B454,""en"",""lus""),$B454)","=IFERROR(GOOGLETRANSLATE($B454,""en"",""or""),$B454)","=IFERROR(GOOGLETRANSLATE($B454,""en"",""pa""),$B454)","=IFERROR(GOOGLETRANSLATE($B454,""en"",""ne""),$B454)","=IFERROR(GOOGLETRANSLATE($B454,""en"",""bn""),$B454)","=IFERROR(GOOGLETRANSLATE($B454,""en"",""ks""),$B454)",=$B454
ui_0454,Status upload is supported on mobile app only,"=IFERROR(GOOGLETRANSLATE($B455,""en"",""as""),$B455)","=IFERROR(GOOGLETRANSLATE($B455,""en"",""gom""),$B455)","=IFERROR(GOOGLETRANSLATE($B455,""en"",""gu""),$B455)","=IFERROR(GOOGLETRANSLATE($B455,""en"",""mr""),$B455)","=IFERROR(GOOGLETRANSLATE($B455,""en"",""mni-Mtei""),$B455)","=IFERROR(GOOGLETRANSLATE($B455,""en"",""lus""),$B455)","=IFERROR(GOOGLETRANSLATE($B455,""en"",""or""),$B455)","=IFERROR(GOOGLETRANSLATE($B455,""en"",""pa""),$B455)","=IFERROR(GOOGLETRANSLATE($B455,""en"",""ne""),$B455)","=IFERROR(GOOGLETRANSLATE($B455,""en"",""bn""),$B455)","=IFERROR(GOOGLETRANSLATE($B455,""en"",""ks""),$B455)",=$B455
ui_0455,Status uploaded,"=IFERROR(GOOGLETRANSLATE($B456,""en"",""as""),$B456)","=IFERROR(GOOGLETRANSLATE($B456,""en"",""gom""),$B456)","=IFERROR(GOOGLETRANSLATE($B456,""en"",""gu""),$B456)","=IFERROR(GOOGLETRANSLATE($B456,""en"",""mr""),$B456)","=IFERROR(GOOGLETRANSLATE($B456,""en"",""mni-Mtei""),$B456)","=IFERROR(GOOGLETRANSLATE($B456,""en"",""lus""),$B456)","=IFERROR(GOOGLETRANSLATE($B456,""en"",""or""),$B456)","=IFERROR(GOOGLETRANSLATE($B456,""en"",""pa""),$B456)","=IFERROR(GOOGLETRANSLATE($B456,""en"",""ne""),$B456)","=IFERROR(GOOGLETRANSLATE($B456,""en"",""bn""),$B456)","=IFERROR(GOOGLETRANSLATE($B456,""en"",""ks""),$B456)",=$B456
ui_0456,Statuses,"=IFERROR(GOOGLETRANSLATE($B457,""en"",""as""),$B457)","=IFERROR(GOOGLETRANSLATE($B457,""en"",""gom""),$B457)","=IFERROR(GOOGLETRANSLATE($B457,""en"",""gu""),$B457)","=IFERROR(GOOGLETRANSLATE($B457,""en"",""mr""),$B457)","=IFERROR(GOOGLETRANSLATE($B457,""en"",""mni-Mtei""),$B457)","=IFERROR(GOOGLETRANSLATE($B457,""en"",""lus""),$B457)","=IFERROR(GOOGLETRANSLATE($B457,""en"",""or""),$B457)","=IFERROR(GOOGLETRANSLATE($B457,""en"",""pa""),$B457)","=IFERROR(GOOGLETRANSLATE($B457,""en"",""ne""),$B457)","=IFERROR(GOOGLETRANSLATE($B457,""en"",""bn""),$B457)","=IFERROR(GOOGLETRANSLATE($B457,""en"",""ks""),$B457)",=$B457
ui_0457,statuses,"=IFERROR(GOOGLETRANSLATE($B458,""en"",""as""),$B458)","=IFERROR(GOOGLETRANSLATE($B458,""en"",""gom""),$B458)","=IFERROR(GOOGLETRANSLATE($B458,""en"",""gu""),$B458)","=IFERROR(GOOGLETRANSLATE($B458,""en"",""mr""),$B458)","=IFERROR(GOOGLETRANSLATE($B458,""en"",""mni-Mtei""),$B458)","=IFERROR(GOOGLETRANSLATE($B458,""en"",""lus""),$B458)","=IFERROR(GOOGLETRANSLATE($B458,""en"",""or""),$B458)","=IFERROR(GOOGLETRANSLATE($B458,""en"",""pa""),$B458)","=IFERROR(GOOGLETRANSLATE($B458,""en"",""ne""),$B458)","=IFERROR(GOOGLETRANSLATE($B458,""en"",""bn""),$B458)","=IFERROR(GOOGLETRANSLATE($B458,""en"",""ks""),$B458)",=$B458
ui_0458,Stickers,"=IFERROR(GOOGLETRANSLATE($B459,""en"",""as""),$B459)","=IFERROR(GOOGLETRANSLATE($B459,""en"",""gom""),$B459)","=IFERROR(GOOGLETRANSLATE($B459,""en"",""gu""),$B459)","=IFERROR(GOOGLETRANSLATE($B459,""en"",""mr""),$B459)","=IFERROR(GOOGLETRANSLATE($B459,""en"",""mni-Mtei""),$B459)","=IFERROR(GOOGLETRANSLATE($B459,""en"",""lus""),$B459)","=IFERROR(GOOGLETRANSLATE($B459,""en"",""or""),$B459)","=IFERROR(GOOGLETRANSLATE($B459,""en"",""pa""),$B459)","=IFERROR(GOOGLETRANSLATE($B459,""en"",""ne""),$B459)","=IFERROR(GOOGLETRANSLATE($B459,""en"",""bn""),$B459)","=IFERROR(GOOGLETRANSLATE($B459,""en"",""ks""),$B459)",=$B459
ui_0459,Store product not found. Check product id.,"=IFERROR(GOOGLETRANSLATE($B460,""en"",""as""),$B460)","=IFERROR(GOOGLETRANSLATE($B460,""en"",""gom""),$B460)","=IFERROR(GOOGLETRANSLATE($B460,""en"",""gu""),$B460)","=IFERROR(GOOGLETRANSLATE($B460,""en"",""mr""),$B460)","=IFERROR(GOOGLETRANSLATE($B460,""en"",""mni-Mtei""),$B460)","=IFERROR(GOOGLETRANSLATE($B460,""en"",""lus""),$B460)","=IFERROR(GOOGLETRANSLATE($B460,""en"",""or""),$B460)","=IFERROR(GOOGLETRANSLATE($B460,""en"",""pa""),$B460)","=IFERROR(GOOGLETRANSLATE($B460,""en"",""ne""),$B460)","=IFERROR(GOOGLETRANSLATE($B460,""en"",""bn""),$B460)","=IFERROR(GOOGLETRANSLATE($B460,""en"",""ks""),$B460)",=$B460
ui_0460,Strength,"=IFERROR(GOOGLETRANSLATE($B461,""en"",""as""),$B461)","=IFERROR(GOOGLETRANSLATE($B461,""en"",""gom""),$B461)","=IFERROR(GOOGLETRANSLATE($B461,""en"",""gu""),$B461)","=IFERROR(GOOGLETRANSLATE($B461,""en"",""mr""),$B461)","=IFERROR(GOOGLETRANSLATE($B461,""en"",""mni-Mtei""),$B461)","=IFERROR(GOOGLETRANSLATE($B461,""en"",""lus""),$B461)","=IFERROR(GOOGLETRANSLATE($B461,""en"",""or""),$B461)","=IFERROR(GOOGLETRANSLATE($B461,""en"",""pa""),$B461)","=IFERROR(GOOGLETRANSLATE($B461,""en"",""ne""),$B461)","=IFERROR(GOOGLETRANSLATE($B461,""en"",""bn""),$B461)","=IFERROR(GOOGLETRANSLATE($B461,""en"",""ks""),$B461)",=$B461
ui_0461,Stroke,"=IFERROR(GOOGLETRANSLATE($B462,""en"",""as""),$B462)","=IFERROR(GOOGLETRANSLATE($B462,""en"",""gom""),$B462)","=IFERROR(GOOGLETRANSLATE($B462,""en"",""gu""),$B462)","=IFERROR(GOOGLETRANSLATE($B462,""en"",""mr""),$B462)","=IFERROR(GOOGLETRANSLATE($B462,""en"",""mni-Mtei""),$B462)","=IFERROR(GOOGLETRANSLATE($B462,""en"",""lus""),$B462)","=IFERROR(GOOGLETRANSLATE($B462,""en"",""or""),$B462)","=IFERROR(GOOGLETRANSLATE($B462,""en"",""pa""),$B462)","=IFERROR(GOOGLETRANSLATE($B462,""en"",""ne""),$B462)","=IFERROR(GOOGLETRANSLATE($B462,""en"",""bn""),$B462)","=IFERROR(GOOGLETRANSLATE($B462,""en"",""ks""),$B462)",=$B462
ui_0462,Stroke Color,"=IFERROR(GOOGLETRANSLATE($B463,""en"",""as""),$B463)","=IFERROR(GOOGLETRANSLATE($B463,""en"",""gom""),$B463)","=IFERROR(GOOGLETRANSLATE($B463,""en"",""gu""),$B463)","=IFERROR(GOOGLETRANSLATE($B463,""en"",""mr""),$B463)","=IFERROR(GOOGLETRANSLATE($B463,""en"",""mni-Mtei""),$B463)","=IFERROR(GOOGLETRANSLATE($B463,""en"",""lus""),$B463)","=IFERROR(GOOGLETRANSLATE($B463,""en"",""or""),$B463)","=IFERROR(GOOGLETRANSLATE($B463,""en"",""pa""),$B463)","=IFERROR(GOOGLETRANSLATE($B463,""en"",""ne""),$B463)","=IFERROR(GOOGLETRANSLATE($B463,""en"",""bn""),$B463)","=IFERROR(GOOGLETRANSLATE($B463,""en"",""ks""),$B463)",=$B463
ui_0463,Stroke Width,"=IFERROR(GOOGLETRANSLATE($B464,""en"",""as""),$B464)","=IFERROR(GOOGLETRANSLATE($B464,""en"",""gom""),$B464)","=IFERROR(GOOGLETRANSLATE($B464,""en"",""gu""),$B464)","=IFERROR(GOOGLETRANSLATE($B464,""en"",""mr""),$B464)","=IFERROR(GOOGLETRANSLATE($B464,""en"",""mni-Mtei""),$B464)","=IFERROR(GOOGLETRANSLATE($B464,""en"",""lus""),$B464)","=IFERROR(GOOGLETRANSLATE($B464,""en"",""or""),$B464)","=IFERROR(GOOGLETRANSLATE($B464,""en"",""pa""),$B464)","=IFERROR(GOOGLETRANSLATE($B464,""en"",""ne""),$B464)","=IFERROR(GOOGLETRANSLATE($B464,""en"",""bn""),$B464)","=IFERROR(GOOGLETRANSLATE($B464,""en"",""ks""),$B464)",=$B464
ui_0464,Style,"=IFERROR(GOOGLETRANSLATE($B465,""en"",""as""),$B465)","=IFERROR(GOOGLETRANSLATE($B465,""en"",""gom""),$B465)","=IFERROR(GOOGLETRANSLATE($B465,""en"",""gu""),$B465)","=IFERROR(GOOGLETRANSLATE($B465,""en"",""mr""),$B465)","=IFERROR(GOOGLETRANSLATE($B465,""en"",""mni-Mtei""),$B465)","=IFERROR(GOOGLETRANSLATE($B465,""en"",""lus""),$B465)","=IFERROR(GOOGLETRANSLATE($B465,""en"",""or""),$B465)","=IFERROR(GOOGLETRANSLATE($B465,""en"",""pa""),$B465)","=IFERROR(GOOGLETRANSLATE($B465,""en"",""ne""),$B465)","=IFERROR(GOOGLETRANSLATE($B465,""en"",""bn""),$B465)","=IFERROR(GOOGLETRANSLATE($B465,""en"",""ks""),$B465)",=$B465
ui_0465,Submit,"=IFERROR(GOOGLETRANSLATE($B466,""en"",""as""),$B466)","=IFERROR(GOOGLETRANSLATE($B466,""en"",""gom""),$B466)","=IFERROR(GOOGLETRANSLATE($B466,""en"",""gu""),$B466)","=IFERROR(GOOGLETRANSLATE($B466,""en"",""mr""),$B466)","=IFERROR(GOOGLETRANSLATE($B466,""en"",""mni-Mtei""),$B466)","=IFERROR(GOOGLETRANSLATE($B466,""en"",""lus""),$B466)","=IFERROR(GOOGLETRANSLATE($B466,""en"",""or""),$B466)","=IFERROR(GOOGLETRANSLATE($B466,""en"",""pa""),$B466)","=IFERROR(GOOGLETRANSLATE($B466,""en"",""ne""),$B466)","=IFERROR(GOOGLETRANSLATE($B466,""en"",""bn""),$B466)","=IFERROR(GOOGLETRANSLATE($B466,""en"",""ks""),$B466)",=$B466
ui_0466,Submitting...,"=IFERROR(GOOGLETRANSLATE($B467,""en"",""as""),$B467)","=IFERROR(GOOGLETRANSLATE($B467,""en"",""gom""),$B467)","=IFERROR(GOOGLETRANSLATE($B467,""en"",""gu""),$B467)","=IFERROR(GOOGLETRANSLATE($B467,""en"",""mr""),$B467)","=IFERROR(GOOGLETRANSLATE($B467,""en"",""mni-Mtei""),$B467)","=IFERROR(GOOGLETRANSLATE($B467,""en"",""lus""),$B467)","=IFERROR(GOOGLETRANSLATE($B467,""en"",""or""),$B467)","=IFERROR(GOOGLETRANSLATE($B467,""en"",""pa""),$B467)","=IFERROR(GOOGLETRANSLATE($B467,""en"",""ne""),$B467)","=IFERROR(GOOGLETRANSLATE($B467,""en"",""bn""),$B467)","=IFERROR(GOOGLETRANSLATE($B467,""en"",""ks""),$B467)",=$B467
ui_0467,Subscribe,"=IFERROR(GOOGLETRANSLATE($B468,""en"",""as""),$B468)","=IFERROR(GOOGLETRANSLATE($B468,""en"",""gom""),$B468)","=IFERROR(GOOGLETRANSLATE($B468,""en"",""gu""),$B468)","=IFERROR(GOOGLETRANSLATE($B468,""en"",""mr""),$B468)","=IFERROR(GOOGLETRANSLATE($B468,""en"",""mni-Mtei""),$B468)","=IFERROR(GOOGLETRANSLATE($B468,""en"",""lus""),$B468)","=IFERROR(GOOGLETRANSLATE($B468,""en"",""or""),$B468)","=IFERROR(GOOGLETRANSLATE($B468,""en"",""pa""),$B468)","=IFERROR(GOOGLETRANSLATE($B468,""en"",""ne""),$B468)","=IFERROR(GOOGLETRANSLATE($B468,""en"",""bn""),$B468)","=IFERROR(GOOGLETRANSLATE($B468,""en"",""ks""),$B468)",=$B468
ui_0468,"Subscribe for downloads, sharing, and membership benefits.","=IFERROR(GOOGLETRANSLATE($B469,""en"",""as""),$B469)","=IFERROR(GOOGLETRANSLATE($B469,""en"",""gom""),$B469)","=IFERROR(GOOGLETRANSLATE($B469,""en"",""gu""),$B469)","=IFERROR(GOOGLETRANSLATE($B469,""en"",""mr""),$B469)","=IFERROR(GOOGLETRANSLATE($B469,""en"",""mni-Mtei""),$B469)","=IFERROR(GOOGLETRANSLATE($B469,""en"",""lus""),$B469)","=IFERROR(GOOGLETRANSLATE($B469,""en"",""or""),$B469)","=IFERROR(GOOGLETRANSLATE($B469,""en"",""pa""),$B469)","=IFERROR(GOOGLETRANSLATE($B469,""en"",""ne""),$B469)","=IFERROR(GOOGLETRANSLATE($B469,""en"",""bn""),$B469)","=IFERROR(GOOGLETRANSLATE($B469,""en"",""ks""),$B469)",=$B469
ui_0469,Subscribe Now,"=IFERROR(GOOGLETRANSLATE($B470,""en"",""as""),$B470)","=IFERROR(GOOGLETRANSLATE($B470,""en"",""gom""),$B470)","=IFERROR(GOOGLETRANSLATE($B470,""en"",""gu""),$B470)","=IFERROR(GOOGLETRANSLATE($B470,""en"",""mr""),$B470)","=IFERROR(GOOGLETRANSLATE($B470,""en"",""mni-Mtei""),$B470)","=IFERROR(GOOGLETRANSLATE($B470,""en"",""lus""),$B470)","=IFERROR(GOOGLETRANSLATE($B470,""en"",""or""),$B470)","=IFERROR(GOOGLETRANSLATE($B470,""en"",""pa""),$B470)","=IFERROR(GOOGLETRANSLATE($B470,""en"",""ne""),$B470)","=IFERROR(GOOGLETRANSLATE($B470,""en"",""bn""),$B470)","=IFERROR(GOOGLETRANSLATE($B470,""en"",""ks""),$B470)",=$B470
ui_0470,Subscribe now to create and share unlimited posters in the app.,"=IFERROR(GOOGLETRANSLATE($B471,""en"",""as""),$B471)","=IFERROR(GOOGLETRANSLATE($B471,""en"",""gom""),$B471)","=IFERROR(GOOGLETRANSLATE($B471,""en"",""gu""),$B471)","=IFERROR(GOOGLETRANSLATE($B471,""en"",""mr""),$B471)","=IFERROR(GOOGLETRANSLATE($B471,""en"",""mni-Mtei""),$B471)","=IFERROR(GOOGLETRANSLATE($B471,""en"",""lus""),$B471)","=IFERROR(GOOGLETRANSLATE($B471,""en"",""or""),$B471)","=IFERROR(GOOGLETRANSLATE($B471,""en"",""pa""),$B471)","=IFERROR(GOOGLETRANSLATE($B471,""en"",""ne""),$B471)","=IFERROR(GOOGLETRANSLATE($B471,""en"",""bn""),$B471)","=IFERROR(GOOGLETRANSLATE($B471,""en"",""ks""),$B471)",=$B471
ui_0471,Subscription,"=IFERROR(GOOGLETRANSLATE($B472,""en"",""as""),$B472)","=IFERROR(GOOGLETRANSLATE($B472,""en"",""gom""),$B472)","=IFERROR(GOOGLETRANSLATE($B472,""en"",""gu""),$B472)","=IFERROR(GOOGLETRANSLATE($B472,""en"",""mr""),$B472)","=IFERROR(GOOGLETRANSLATE($B472,""en"",""mni-Mtei""),$B472)","=IFERROR(GOOGLETRANSLATE($B472,""en"",""lus""),$B472)","=IFERROR(GOOGLETRANSLATE($B472,""en"",""or""),$B472)","=IFERROR(GOOGLETRANSLATE($B472,""en"",""pa""),$B472)","=IFERROR(GOOGLETRANSLATE($B472,""en"",""ne""),$B472)","=IFERROR(GOOGLETRANSLATE($B472,""en"",""bn""),$B472)","=IFERROR(GOOGLETRANSLATE($B472,""en"",""ks""),$B472)",=$B472
ui_0472,Subscription / Plans,"=IFERROR(GOOGLETRANSLATE($B473,""en"",""as""),$B473)","=IFERROR(GOOGLETRANSLATE($B473,""en"",""gom""),$B473)","=IFERROR(GOOGLETRANSLATE($B473,""en"",""gu""),$B473)","=IFERROR(GOOGLETRANSLATE($B473,""en"",""mr""),$B473)","=IFERROR(GOOGLETRANSLATE($B473,""en"",""mni-Mtei""),$B473)","=IFERROR(GOOGLETRANSLATE($B473,""en"",""lus""),$B473)","=IFERROR(GOOGLETRANSLATE($B473,""en"",""or""),$B473)","=IFERROR(GOOGLETRANSLATE($B473,""en"",""pa""),$B473)","=IFERROR(GOOGLETRANSLATE($B473,""en"",""ne""),$B473)","=IFERROR(GOOGLETRANSLATE($B473,""en"",""bn""),$B473)","=IFERROR(GOOGLETRANSLATE($B473,""en"",""ks""),$B473)",=$B473
ui_0473,Subscription activated,"=IFERROR(GOOGLETRANSLATE($B474,""en"",""as""),$B474)","=IFERROR(GOOGLETRANSLATE($B474,""en"",""gom""),$B474)","=IFERROR(GOOGLETRANSLATE($B474,""en"",""gu""),$B474)","=IFERROR(GOOGLETRANSLATE($B474,""en"",""mr""),$B474)","=IFERROR(GOOGLETRANSLATE($B474,""en"",""mni-Mtei""),$B474)","=IFERROR(GOOGLETRANSLATE($B474,""en"",""lus""),$B474)","=IFERROR(GOOGLETRANSLATE($B474,""en"",""or""),$B474)","=IFERROR(GOOGLETRANSLATE($B474,""en"",""pa""),$B474)","=IFERROR(GOOGLETRANSLATE($B474,""en"",""ne""),$B474)","=IFERROR(GOOGLETRANSLATE($B474,""en"",""bn""),$B474)","=IFERROR(GOOGLETRANSLATE($B474,""en"",""ks""),$B474)",=$B474
ui_0474,"Subscription cancellation is generally managed through your Play Store or App Store subscription settings. After cancelling, access may continue until the current billing period ends. Refund eligibility is determined by Google Play or Apple policies.","=IFERROR(GOOGLETRANSLATE($B475,""en"",""as""),$B475)","=IFERROR(GOOGLETRANSLATE($B475,""en"",""gom""),$B475)","=IFERROR(GOOGLETRANSLATE($B475,""en"",""gu""),$B475)","=IFERROR(GOOGLETRANSLATE($B475,""en"",""mr""),$B475)","=IFERROR(GOOGLETRANSLATE($B475,""en"",""mni-Mtei""),$B475)","=IFERROR(GOOGLETRANSLATE($B475,""en"",""lus""),$B475)","=IFERROR(GOOGLETRANSLATE($B475,""en"",""or""),$B475)","=IFERROR(GOOGLETRANSLATE($B475,""en"",""pa""),$B475)","=IFERROR(GOOGLETRANSLATE($B475,""en"",""ne""),$B475)","=IFERROR(GOOGLETRANSLATE($B475,""en"",""bn""),$B475)","=IFERROR(GOOGLETRANSLATE($B475,""en"",""ks""),$B475)",=$B475
ui_0475,Subscription details,"=IFERROR(GOOGLETRANSLATE($B476,""en"",""as""),$B476)","=IFERROR(GOOGLETRANSLATE($B476,""en"",""gom""),$B476)","=IFERROR(GOOGLETRANSLATE($B476,""en"",""gu""),$B476)","=IFERROR(GOOGLETRANSLATE($B476,""en"",""mr""),$B476)","=IFERROR(GOOGLETRANSLATE($B476,""en"",""mni-Mtei""),$B476)","=IFERROR(GOOGLETRANSLATE($B476,""en"",""lus""),$B476)","=IFERROR(GOOGLETRANSLATE($B476,""en"",""or""),$B476)","=IFERROR(GOOGLETRANSLATE($B476,""en"",""pa""),$B476)","=IFERROR(GOOGLETRANSLATE($B476,""en"",""ne""),$B476)","=IFERROR(GOOGLETRANSLATE($B476,""en"",""bn""),$B476)","=IFERROR(GOOGLETRANSLATE($B476,""en"",""ks""),$B476)",=$B476
ui_0476,Subscription expired,"=IFERROR(GOOGLETRANSLATE($B477,""en"",""as""),$B477)","=IFERROR(GOOGLETRANSLATE($B477,""en"",""gom""),$B477)","=IFERROR(GOOGLETRANSLATE($B477,""en"",""gu""),$B477)","=IFERROR(GOOGLETRANSLATE($B477,""en"",""mr""),$B477)","=IFERROR(GOOGLETRANSLATE($B477,""en"",""mni-Mtei""),$B477)","=IFERROR(GOOGLETRANSLATE($B477,""en"",""lus""),$B477)","=IFERROR(GOOGLETRANSLATE($B477,""en"",""or""),$B477)","=IFERROR(GOOGLETRANSLATE($B477,""en"",""pa""),$B477)","=IFERROR(GOOGLETRANSLATE($B477,""en"",""ne""),$B477)","=IFERROR(GOOGLETRANSLATE($B477,""en"",""bn""),$B477)","=IFERROR(GOOGLETRANSLATE($B477,""en"",""ks""),$B477)",=$B477
ui_0477,Subscription is not active,"=IFERROR(GOOGLETRANSLATE($B478,""en"",""as""),$B478)","=IFERROR(GOOGLETRANSLATE($B478,""en"",""gom""),$B478)","=IFERROR(GOOGLETRANSLATE($B478,""en"",""gu""),$B478)","=IFERROR(GOOGLETRANSLATE($B478,""en"",""mr""),$B478)","=IFERROR(GOOGLETRANSLATE($B478,""en"",""mni-Mtei""),$B478)","=IFERROR(GOOGLETRANSLATE($B478,""en"",""lus""),$B478)","=IFERROR(GOOGLETRANSLATE($B478,""en"",""or""),$B478)","=IFERROR(GOOGLETRANSLATE($B478,""en"",""pa""),$B478)","=IFERROR(GOOGLETRANSLATE($B478,""en"",""ne""),$B478)","=IFERROR(GOOGLETRANSLATE($B478,""en"",""bn""),$B478)","=IFERROR(GOOGLETRANSLATE($B478,""en"",""ks""),$B478)",=$B478
ui_0478,Subscription Plan,"=IFERROR(GOOGLETRANSLATE($B479,""en"",""as""),$B479)","=IFERROR(GOOGLETRANSLATE($B479,""en"",""gom""),$B479)","=IFERROR(GOOGLETRANSLATE($B479,""en"",""gu""),$B479)","=IFERROR(GOOGLETRANSLATE($B479,""en"",""mr""),$B479)","=IFERROR(GOOGLETRANSLATE($B479,""en"",""mni-Mtei""),$B479)","=IFERROR(GOOGLETRANSLATE($B479,""en"",""lus""),$B479)","=IFERROR(GOOGLETRANSLATE($B479,""en"",""or""),$B479)","=IFERROR(GOOGLETRANSLATE($B479,""en"",""pa""),$B479)","=IFERROR(GOOGLETRANSLATE($B479,""en"",""ne""),$B479)","=IFERROR(GOOGLETRANSLATE($B479,""en"",""bn""),$B479)","=IFERROR(GOOGLETRANSLATE($B479,""en"",""ks""),$B479)",=$B479
ui_0479,Subscription Required,"=IFERROR(GOOGLETRANSLATE($B480,""en"",""as""),$B480)","=IFERROR(GOOGLETRANSLATE($B480,""en"",""gom""),$B480)","=IFERROR(GOOGLETRANSLATE($B480,""en"",""gu""),$B480)","=IFERROR(GOOGLETRANSLATE($B480,""en"",""mr""),$B480)","=IFERROR(GOOGLETRANSLATE($B480,""en"",""mni-Mtei""),$B480)","=IFERROR(GOOGLETRANSLATE($B480,""en"",""lus""),$B480)","=IFERROR(GOOGLETRANSLATE($B480,""en"",""or""),$B480)","=IFERROR(GOOGLETRANSLATE($B480,""en"",""pa""),$B480)","=IFERROR(GOOGLETRANSLATE($B480,""en"",""ne""),$B480)","=IFERROR(GOOGLETRANSLATE($B480,""en"",""bn""),$B480)","=IFERROR(GOOGLETRANSLATE($B480,""en"",""ks""),$B480)",=$B480
ui_0480,Subscription restored,"=IFERROR(GOOGLETRANSLATE($B481,""en"",""as""),$B481)","=IFERROR(GOOGLETRANSLATE($B481,""en"",""gom""),$B481)","=IFERROR(GOOGLETRANSLATE($B481,""en"",""gu""),$B481)","=IFERROR(GOOGLETRANSLATE($B481,""en"",""mr""),$B481)","=IFERROR(GOOGLETRANSLATE($B481,""en"",""mni-Mtei""),$B481)","=IFERROR(GOOGLETRANSLATE($B481,""en"",""lus""),$B481)","=IFERROR(GOOGLETRANSLATE($B481,""en"",""or""),$B481)","=IFERROR(GOOGLETRANSLATE($B481,""en"",""pa""),$B481)","=IFERROR(GOOGLETRANSLATE($B481,""en"",""ne""),$B481)","=IFERROR(GOOGLETRANSLATE($B481,""en"",""bn""),$B481)","=IFERROR(GOOGLETRANSLATE($B481,""en"",""ks""),$B481)",=$B481
ui_0481,Subscription verification failed,"=IFERROR(GOOGLETRANSLATE($B482,""en"",""as""),$B482)","=IFERROR(GOOGLETRANSLATE($B482,""en"",""gom""),$B482)","=IFERROR(GOOGLETRANSLATE($B482,""en"",""gu""),$B482)","=IFERROR(GOOGLETRANSLATE($B482,""en"",""mr""),$B482)","=IFERROR(GOOGLETRANSLATE($B482,""en"",""mni-Mtei""),$B482)","=IFERROR(GOOGLETRANSLATE($B482,""en"",""lus""),$B482)","=IFERROR(GOOGLETRANSLATE($B482,""en"",""or""),$B482)","=IFERROR(GOOGLETRANSLATE($B482,""en"",""pa""),$B482)","=IFERROR(GOOGLETRANSLATE($B482,""en"",""ne""),$B482)","=IFERROR(GOOGLETRANSLATE($B482,""en"",""bn""),$B482)","=IFERROR(GOOGLETRANSLATE($B482,""en"",""ks""),$B482)",=$B482
ui_0482,Subscription verification is unavailable. Please try again later.,"=IFERROR(GOOGLETRANSLATE($B483,""en"",""as""),$B483)","=IFERROR(GOOGLETRANSLATE($B483,""en"",""gom""),$B483)","=IFERROR(GOOGLETRANSLATE($B483,""en"",""gu""),$B483)","=IFERROR(GOOGLETRANSLATE($B483,""en"",""mr""),$B483)","=IFERROR(GOOGLETRANSLATE($B483,""en"",""mni-Mtei""),$B483)","=IFERROR(GOOGLETRANSLATE($B483,""en"",""lus""),$B483)","=IFERROR(GOOGLETRANSLATE($B483,""en"",""or""),$B483)","=IFERROR(GOOGLETRANSLATE($B483,""en"",""pa""),$B483)","=IFERROR(GOOGLETRANSLATE($B483,""en"",""ne""),$B483)","=IFERROR(GOOGLETRANSLATE($B483,""en"",""bn""),$B483)","=IFERROR(GOOGLETRANSLATE($B483,""en"",""ks""),$B483)",=$B483
ui_0483,Subscriptions and Billing,"=IFERROR(GOOGLETRANSLATE($B484,""en"",""as""),$B484)","=IFERROR(GOOGLETRANSLATE($B484,""en"",""gom""),$B484)","=IFERROR(GOOGLETRANSLATE($B484,""en"",""gu""),$B484)","=IFERROR(GOOGLETRANSLATE($B484,""en"",""mr""),$B484)","=IFERROR(GOOGLETRANSLATE($B484,""en"",""mni-Mtei""),$B484)","=IFERROR(GOOGLETRANSLATE($B484,""en"",""lus""),$B484)","=IFERROR(GOOGLETRANSLATE($B484,""en"",""or""),$B484)","=IFERROR(GOOGLETRANSLATE($B484,""en"",""pa""),$B484)","=IFERROR(GOOGLETRANSLATE($B484,""en"",""ne""),$B484)","=IFERROR(GOOGLETRANSLATE($B484,""en"",""bn""),$B484)","=IFERROR(GOOGLETRANSLATE($B484,""en"",""ks""),$B484)",=$B484
ui_0484,Subscriptions and Premium Access,"=IFERROR(GOOGLETRANSLATE($B485,""en"",""as""),$B485)","=IFERROR(GOOGLETRANSLATE($B485,""en"",""gom""),$B485)","=IFERROR(GOOGLETRANSLATE($B485,""en"",""gu""),$B485)","=IFERROR(GOOGLETRANSLATE($B485,""en"",""mr""),$B485)","=IFERROR(GOOGLETRANSLATE($B485,""en"",""mni-Mtei""),$B485)","=IFERROR(GOOGLETRANSLATE($B485,""en"",""lus""),$B485)","=IFERROR(GOOGLETRANSLATE($B485,""en"",""or""),$B485)","=IFERROR(GOOGLETRANSLATE($B485,""en"",""pa""),$B485)","=IFERROR(GOOGLETRANSLATE($B485,""en"",""ne""),$B485)","=IFERROR(GOOGLETRANSLATE($B485,""en"",""bn""),$B485)","=IFERROR(GOOGLETRANSLATE($B485,""en"",""ks""),$B485)",=$B485
ui_0485,Support,"=IFERROR(GOOGLETRANSLATE($B486,""en"",""as""),$B486)","=IFERROR(GOOGLETRANSLATE($B486,""en"",""gom""),$B486)","=IFERROR(GOOGLETRANSLATE($B486,""en"",""gu""),$B486)","=IFERROR(GOOGLETRANSLATE($B486,""en"",""mr""),$B486)","=IFERROR(GOOGLETRANSLATE($B486,""en"",""mni-Mtei""),$B486)","=IFERROR(GOOGLETRANSLATE($B486,""en"",""lus""),$B486)","=IFERROR(GOOGLETRANSLATE($B486,""en"",""or""),$B486)","=IFERROR(GOOGLETRANSLATE($B486,""en"",""pa""),$B486)","=IFERROR(GOOGLETRANSLATE($B486,""en"",""ne""),$B486)","=IFERROR(GOOGLETRANSLATE($B486,""en"",""bn""),$B486)","=IFERROR(GOOGLETRANSLATE($B486,""en"",""ks""),$B486)",=$B486
ui_0486,Support and contact,"=IFERROR(GOOGLETRANSLATE($B487,""en"",""as""),$B487)","=IFERROR(GOOGLETRANSLATE($B487,""en"",""gom""),$B487)","=IFERROR(GOOGLETRANSLATE($B487,""en"",""gu""),$B487)","=IFERROR(GOOGLETRANSLATE($B487,""en"",""mr""),$B487)","=IFERROR(GOOGLETRANSLATE($B487,""en"",""mni-Mtei""),$B487)","=IFERROR(GOOGLETRANSLATE($B487,""en"",""lus""),$B487)","=IFERROR(GOOGLETRANSLATE($B487,""en"",""or""),$B487)","=IFERROR(GOOGLETRANSLATE($B487,""en"",""pa""),$B487)","=IFERROR(GOOGLETRANSLATE($B487,""en"",""ne""),$B487)","=IFERROR(GOOGLETRANSLATE($B487,""en"",""bn""),$B487)","=IFERROR(GOOGLETRANSLATE($B487,""en"",""ks""),$B487)",=$B487
ui_0487,Swipe up for replies,"=IFERROR(GOOGLETRANSLATE($B488,""en"",""as""),$B488)","=IFERROR(GOOGLETRANSLATE($B488,""en"",""gom""),$B488)","=IFERROR(GOOGLETRANSLATE($B488,""en"",""gu""),$B488)","=IFERROR(GOOGLETRANSLATE($B488,""en"",""mr""),$B488)","=IFERROR(GOOGLETRANSLATE($B488,""en"",""mni-Mtei""),$B488)","=IFERROR(GOOGLETRANSLATE($B488,""en"",""lus""),$B488)","=IFERROR(GOOGLETRANSLATE($B488,""en"",""or""),$B488)","=IFERROR(GOOGLETRANSLATE($B488,""en"",""pa""),$B488)","=IFERROR(GOOGLETRANSLATE($B488,""en"",""ne""),$B488)","=IFERROR(GOOGLETRANSLATE($B488,""en"",""bn""),$B488)","=IFERROR(GOOGLETRANSLATE($B488,""en"",""ks""),$B488)",=$B488
ui_0488,Tap inside the selected photo,"=IFERROR(GOOGLETRANSLATE($B489,""en"",""as""),$B489)","=IFERROR(GOOGLETRANSLATE($B489,""en"",""gom""),$B489)","=IFERROR(GOOGLETRANSLATE($B489,""en"",""gu""),$B489)","=IFERROR(GOOGLETRANSLATE($B489,""en"",""mr""),$B489)","=IFERROR(GOOGLETRANSLATE($B489,""en"",""mni-Mtei""),$B489)","=IFERROR(GOOGLETRANSLATE($B489,""en"",""lus""),$B489)","=IFERROR(GOOGLETRANSLATE($B489,""en"",""or""),$B489)","=IFERROR(GOOGLETRANSLATE($B489,""en"",""pa""),$B489)","=IFERROR(GOOGLETRANSLATE($B489,""en"",""ne""),$B489)","=IFERROR(GOOGLETRANSLATE($B489,""en"",""bn""),$B489)","=IFERROR(GOOGLETRANSLATE($B489,""en"",""ks""),$B489)",=$B489
ui_0489,Tap the color you want to remove,"=IFERROR(GOOGLETRANSLATE($B490,""en"",""as""),$B490)","=IFERROR(GOOGLETRANSLATE($B490,""en"",""gom""),$B490)","=IFERROR(GOOGLETRANSLATE($B490,""en"",""gu""),$B490)","=IFERROR(GOOGLETRANSLATE($B490,""en"",""mr""),$B490)","=IFERROR(GOOGLETRANSLATE($B490,""en"",""mni-Mtei""),$B490)","=IFERROR(GOOGLETRANSLATE($B490,""en"",""lus""),$B490)","=IFERROR(GOOGLETRANSLATE($B490,""en"",""or""),$B490)","=IFERROR(GOOGLETRANSLATE($B490,""en"",""pa""),$B490)","=IFERROR(GOOGLETRANSLATE($B490,""en"",""ne""),$B490)","=IFERROR(GOOGLETRANSLATE($B490,""en"",""bn""),$B490)","=IFERROR(GOOGLETRANSLATE($B490,""en"",""ks""),$B490)",=$B490
ui_0490,Tap to add a status,"=IFERROR(GOOGLETRANSLATE($B491,""en"",""as""),$B491)","=IFERROR(GOOGLETRANSLATE($B491,""en"",""gom""),$B491)","=IFERROR(GOOGLETRANSLATE($B491,""en"",""gu""),$B491)","=IFERROR(GOOGLETRANSLATE($B491,""en"",""mr""),$B491)","=IFERROR(GOOGLETRANSLATE($B491,""en"",""mni-Mtei""),$B491)","=IFERROR(GOOGLETRANSLATE($B491,""en"",""lus""),$B491)","=IFERROR(GOOGLETRANSLATE($B491,""en"",""or""),$B491)","=IFERROR(GOOGLETRANSLATE($B491,""en"",""pa""),$B491)","=IFERROR(GOOGLETRANSLATE($B491,""en"",""ne""),$B491)","=IFERROR(GOOGLETRANSLATE($B491,""en"",""bn""),$B491)","=IFERROR(GOOGLETRANSLATE($B491,""en"",""ks""),$B491)",=$B491
ui_0491,Telugu-first experience,"=IFERROR(GOOGLETRANSLATE($B492,""en"",""as""),$B492)","=IFERROR(GOOGLETRANSLATE($B492,""en"",""gom""),$B492)","=IFERROR(GOOGLETRANSLATE($B492,""en"",""gu""),$B492)","=IFERROR(GOOGLETRANSLATE($B492,""en"",""mr""),$B492)","=IFERROR(GOOGLETRANSLATE($B492,""en"",""mni-Mtei""),$B492)","=IFERROR(GOOGLETRANSLATE($B492,""en"",""lus""),$B492)","=IFERROR(GOOGLETRANSLATE($B492,""en"",""or""),$B492)","=IFERROR(GOOGLETRANSLATE($B492,""en"",""pa""),$B492)","=IFERROR(GOOGLETRANSLATE($B492,""en"",""ne""),$B492)","=IFERROR(GOOGLETRANSLATE($B492,""en"",""bn""),$B492)","=IFERROR(GOOGLETRANSLATE($B492,""en"",""ks""),$B492)",=$B492
ui_0492,Template failed to load. Please try again.,"=IFERROR(GOOGLETRANSLATE($B493,""en"",""as""),$B493)","=IFERROR(GOOGLETRANSLATE($B493,""en"",""gom""),$B493)","=IFERROR(GOOGLETRANSLATE($B493,""en"",""gu""),$B493)","=IFERROR(GOOGLETRANSLATE($B493,""en"",""mr""),$B493)","=IFERROR(GOOGLETRANSLATE($B493,""en"",""mni-Mtei""),$B493)","=IFERROR(GOOGLETRANSLATE($B493,""en"",""lus""),$B493)","=IFERROR(GOOGLETRANSLATE($B493,""en"",""or""),$B493)","=IFERROR(GOOGLETRANSLATE($B493,""en"",""pa""),$B493)","=IFERROR(GOOGLETRANSLATE($B493,""en"",""ne""),$B493)","=IFERROR(GOOGLETRANSLATE($B493,""en"",""bn""),$B493)","=IFERROR(GOOGLETRANSLATE($B493,""en"",""ks""),$B493)",=$B493
ui_0493,Template image unavailable,"=IFERROR(GOOGLETRANSLATE($B494,""en"",""as""),$B494)","=IFERROR(GOOGLETRANSLATE($B494,""en"",""gom""),$B494)","=IFERROR(GOOGLETRANSLATE($B494,""en"",""gu""),$B494)","=IFERROR(GOOGLETRANSLATE($B494,""en"",""mr""),$B494)","=IFERROR(GOOGLETRANSLATE($B494,""en"",""mni-Mtei""),$B494)","=IFERROR(GOOGLETRANSLATE($B494,""en"",""lus""),$B494)","=IFERROR(GOOGLETRANSLATE($B494,""en"",""or""),$B494)","=IFERROR(GOOGLETRANSLATE($B494,""en"",""pa""),$B494)","=IFERROR(GOOGLETRANSLATE($B494,""en"",""ne""),$B494)","=IFERROR(GOOGLETRANSLATE($B494,""en"",""bn""),$B494)","=IFERROR(GOOGLETRANSLATE($B494,""en"",""ks""),$B494)",=$B494
ui_0494,Template layers failed to load. Please try again.,"=IFERROR(GOOGLETRANSLATE($B495,""en"",""as""),$B495)","=IFERROR(GOOGLETRANSLATE($B495,""en"",""gom""),$B495)","=IFERROR(GOOGLETRANSLATE($B495,""en"",""gu""),$B495)","=IFERROR(GOOGLETRANSLATE($B495,""en"",""mr""),$B495)","=IFERROR(GOOGLETRANSLATE($B495,""en"",""mni-Mtei""),$B495)","=IFERROR(GOOGLETRANSLATE($B495,""en"",""lus""),$B495)","=IFERROR(GOOGLETRANSLATE($B495,""en"",""or""),$B495)","=IFERROR(GOOGLETRANSLATE($B495,""en"",""pa""),$B495)","=IFERROR(GOOGLETRANSLATE($B495,""en"",""ne""),$B495)","=IFERROR(GOOGLETRANSLATE($B495,""en"",""bn""),$B495)","=IFERROR(GOOGLETRANSLATE($B495,""en"",""ks""),$B495)",=$B495
ui_0495,Terms,"=IFERROR(GOOGLETRANSLATE($B496,""en"",""as""),$B496)","=IFERROR(GOOGLETRANSLATE($B496,""en"",""gom""),$B496)","=IFERROR(GOOGLETRANSLATE($B496,""en"",""gu""),$B496)","=IFERROR(GOOGLETRANSLATE($B496,""en"",""mr""),$B496)","=IFERROR(GOOGLETRANSLATE($B496,""en"",""mni-Mtei""),$B496)","=IFERROR(GOOGLETRANSLATE($B496,""en"",""lus""),$B496)","=IFERROR(GOOGLETRANSLATE($B496,""en"",""or""),$B496)","=IFERROR(GOOGLETRANSLATE($B496,""en"",""pa""),$B496)","=IFERROR(GOOGLETRANSLATE($B496,""en"",""ne""),$B496)","=IFERROR(GOOGLETRANSLATE($B496,""en"",""bn""),$B496)","=IFERROR(GOOGLETRANSLATE($B496,""en"",""ks""),$B496)",=$B496
ui_0496,Terms & Conditions,"=IFERROR(GOOGLETRANSLATE($B497,""en"",""as""),$B497)","=IFERROR(GOOGLETRANSLATE($B497,""en"",""gom""),$B497)","=IFERROR(GOOGLETRANSLATE($B497,""en"",""gu""),$B497)","=IFERROR(GOOGLETRANSLATE($B497,""en"",""mr""),$B497)","=IFERROR(GOOGLETRANSLATE($B497,""en"",""mni-Mtei""),$B497)","=IFERROR(GOOGLETRANSLATE($B497,""en"",""lus""),$B497)","=IFERROR(GOOGLETRANSLATE($B497,""en"",""or""),$B497)","=IFERROR(GOOGLETRANSLATE($B497,""en"",""pa""),$B497)","=IFERROR(GOOGLETRANSLATE($B497,""en"",""ne""),$B497)","=IFERROR(GOOGLETRANSLATE($B497,""en"",""bn""),$B497)","=IFERROR(GOOGLETRANSLATE($B497,""en"",""ks""),$B497)",=$B497
ui_0497,Text,"=IFERROR(GOOGLETRANSLATE($B498,""en"",""as""),$B498)","=IFERROR(GOOGLETRANSLATE($B498,""en"",""gom""),$B498)","=IFERROR(GOOGLETRANSLATE($B498,""en"",""gu""),$B498)","=IFERROR(GOOGLETRANSLATE($B498,""en"",""mr""),$B498)","=IFERROR(GOOGLETRANSLATE($B498,""en"",""mni-Mtei""),$B498)","=IFERROR(GOOGLETRANSLATE($B498,""en"",""lus""),$B498)","=IFERROR(GOOGLETRANSLATE($B498,""en"",""or""),$B498)","=IFERROR(GOOGLETRANSLATE($B498,""en"",""pa""),$B498)","=IFERROR(GOOGLETRANSLATE($B498,""en"",""ne""),$B498)","=IFERROR(GOOGLETRANSLATE($B498,""en"",""bn""),$B498)","=IFERROR(GOOGLETRANSLATE($B498,""en"",""ks""),$B498)",=$B498
ui_0498,Text Colors,"=IFERROR(GOOGLETRANSLATE($B499,""en"",""as""),$B499)","=IFERROR(GOOGLETRANSLATE($B499,""en"",""gom""),$B499)","=IFERROR(GOOGLETRANSLATE($B499,""en"",""gu""),$B499)","=IFERROR(GOOGLETRANSLATE($B499,""en"",""mr""),$B499)","=IFERROR(GOOGLETRANSLATE($B499,""en"",""mni-Mtei""),$B499)","=IFERROR(GOOGLETRANSLATE($B499,""en"",""lus""),$B499)","=IFERROR(GOOGLETRANSLATE($B499,""en"",""or""),$B499)","=IFERROR(GOOGLETRANSLATE($B499,""en"",""pa""),$B499)","=IFERROR(GOOGLETRANSLATE($B499,""en"",""ne""),$B499)","=IFERROR(GOOGLETRANSLATE($B499,""en"",""bn""),$B499)","=IFERROR(GOOGLETRANSLATE($B499,""en"",""ks""),$B499)",=$B499
ui_0499,Text Opacity,"=IFERROR(GOOGLETRANSLATE($B500,""en"",""as""),$B500)","=IFERROR(GOOGLETRANSLATE($B500,""en"",""gom""),$B500)","=IFERROR(GOOGLETRANSLATE($B500,""en"",""gu""),$B500)","=IFERROR(GOOGLETRANSLATE($B500,""en"",""mr""),$B500)","=IFERROR(GOOGLETRANSLATE($B500,""en"",""mni-Mtei""),$B500)","=IFERROR(GOOGLETRANSLATE($B500,""en"",""lus""),$B500)","=IFERROR(GOOGLETRANSLATE($B500,""en"",""or""),$B500)","=IFERROR(GOOGLETRANSLATE($B500,""en"",""pa""),$B500)","=IFERROR(GOOGLETRANSLATE($B500,""en"",""ne""),$B500)","=IFERROR(GOOGLETRANSLATE($B500,""en"",""bn""),$B500)","=IFERROR(GOOGLETRANSLATE($B500,""en"",""ks""),$B500)",=$B500
ui_0500,Text selected,"=IFERROR(GOOGLETRANSLATE($B501,""en"",""as""),$B501)","=IFERROR(GOOGLETRANSLATE($B501,""en"",""gom""),$B501)","=IFERROR(GOOGLETRANSLATE($B501,""en"",""gu""),$B501)","=IFERROR(GOOGLETRANSLATE($B501,""en"",""mr""),$B501)","=IFERROR(GOOGLETRANSLATE($B501,""en"",""mni-Mtei""),$B501)","=IFERROR(GOOGLETRANSLATE($B501,""en"",""lus""),$B501)","=IFERROR(GOOGLETRANSLATE($B501,""en"",""or""),$B501)","=IFERROR(GOOGLETRANSLATE($B501,""en"",""pa""),$B501)","=IFERROR(GOOGLETRANSLATE($B501,""en"",""ne""),$B501)","=IFERROR(GOOGLETRANSLATE($B501,""en"",""bn""),$B501)","=IFERROR(GOOGLETRANSLATE($B501,""en"",""ks""),$B501)",=$B501
ui_0501,Text Style,"=IFERROR(GOOGLETRANSLATE($B502,""en"",""as""),$B502)","=IFERROR(GOOGLETRANSLATE($B502,""en"",""gom""),$B502)","=IFERROR(GOOGLETRANSLATE($B502,""en"",""gu""),$B502)","=IFERROR(GOOGLETRANSLATE($B502,""en"",""mr""),$B502)","=IFERROR(GOOGLETRANSLATE($B502,""en"",""mni-Mtei""),$B502)","=IFERROR(GOOGLETRANSLATE($B502,""en"",""lus""),$B502)","=IFERROR(GOOGLETRANSLATE($B502,""en"",""or""),$B502)","=IFERROR(GOOGLETRANSLATE($B502,""en"",""pa""),$B502)","=IFERROR(GOOGLETRANSLATE($B502,""en"",""ne""),$B502)","=IFERROR(GOOGLETRANSLATE($B502,""en"",""bn""),$B502)","=IFERROR(GOOGLETRANSLATE($B502,""en"",""ks""),$B502)",=$B502
ui_0502,Text styling,"=IFERROR(GOOGLETRANSLATE($B503,""en"",""as""),$B503)","=IFERROR(GOOGLETRANSLATE($B503,""en"",""gom""),$B503)","=IFERROR(GOOGLETRANSLATE($B503,""en"",""gu""),$B503)","=IFERROR(GOOGLETRANSLATE($B503,""en"",""mr""),$B503)","=IFERROR(GOOGLETRANSLATE($B503,""en"",""mni-Mtei""),$B503)","=IFERROR(GOOGLETRANSLATE($B503,""en"",""lus""),$B503)","=IFERROR(GOOGLETRANSLATE($B503,""en"",""or""),$B503)","=IFERROR(GOOGLETRANSLATE($B503,""en"",""pa""),$B503)","=IFERROR(GOOGLETRANSLATE($B503,""en"",""ne""),$B503)","=IFERROR(GOOGLETRANSLATE($B503,""en"",""bn""),$B503)","=IFERROR(GOOGLETRANSLATE($B503,""en"",""ks""),$B503)",=$B503
ui_0503,"Text tool: tap Add Text, then style it.","=IFERROR(GOOGLETRANSLATE($B504,""en"",""as""),$B504)","=IFERROR(GOOGLETRANSLATE($B504,""en"",""gom""),$B504)","=IFERROR(GOOGLETRANSLATE($B504,""en"",""gu""),$B504)","=IFERROR(GOOGLETRANSLATE($B504,""en"",""mr""),$B504)","=IFERROR(GOOGLETRANSLATE($B504,""en"",""mni-Mtei""),$B504)","=IFERROR(GOOGLETRANSLATE($B504,""en"",""lus""),$B504)","=IFERROR(GOOGLETRANSLATE($B504,""en"",""or""),$B504)","=IFERROR(GOOGLETRANSLATE($B504,""en"",""pa""),$B504)","=IFERROR(GOOGLETRANSLATE($B504,""en"",""ne""),$B504)","=IFERROR(GOOGLETRANSLATE($B504,""en"",""bn""),$B504)","=IFERROR(GOOGLETRANSLATE($B504,""en"",""ks""),$B504)",=$B504
ui_0504,Text tools,"=IFERROR(GOOGLETRANSLATE($B505,""en"",""as""),$B505)","=IFERROR(GOOGLETRANSLATE($B505,""en"",""gom""),$B505)","=IFERROR(GOOGLETRANSLATE($B505,""en"",""gu""),$B505)","=IFERROR(GOOGLETRANSLATE($B505,""en"",""mr""),$B505)","=IFERROR(GOOGLETRANSLATE($B505,""en"",""mni-Mtei""),$B505)","=IFERROR(GOOGLETRANSLATE($B505,""en"",""lus""),$B505)","=IFERROR(GOOGLETRANSLATE($B505,""en"",""or""),$B505)","=IFERROR(GOOGLETRANSLATE($B505,""en"",""pa""),$B505)","=IFERROR(GOOGLETRANSLATE($B505,""en"",""ne""),$B505)","=IFERROR(GOOGLETRANSLATE($B505,""en"",""bn""),$B505)","=IFERROR(GOOGLETRANSLATE($B505,""en"",""ks""),$B505)",=$B505
ui_0505,Thank You,"=IFERROR(GOOGLETRANSLATE($B506,""en"",""as""),$B506)","=IFERROR(GOOGLETRANSLATE($B506,""en"",""gom""),$B506)","=IFERROR(GOOGLETRANSLATE($B506,""en"",""gu""),$B506)","=IFERROR(GOOGLETRANSLATE($B506,""en"",""mr""),$B506)","=IFERROR(GOOGLETRANSLATE($B506,""en"",""mni-Mtei""),$B506)","=IFERROR(GOOGLETRANSLATE($B506,""en"",""lus""),$B506)","=IFERROR(GOOGLETRANSLATE($B506,""en"",""or""),$B506)","=IFERROR(GOOGLETRANSLATE($B506,""en"",""pa""),$B506)","=IFERROR(GOOGLETRANSLATE($B506,""en"",""ne""),$B506)","=IFERROR(GOOGLETRANSLATE($B506,""en"",""bn""),$B506)","=IFERROR(GOOGLETRANSLATE($B506,""en"",""ks""),$B506)",=$B506
ui_0506,Thanks,"=IFERROR(GOOGLETRANSLATE($B507,""en"",""as""),$B507)","=IFERROR(GOOGLETRANSLATE($B507,""en"",""gom""),$B507)","=IFERROR(GOOGLETRANSLATE($B507,""en"",""gu""),$B507)","=IFERROR(GOOGLETRANSLATE($B507,""en"",""mr""),$B507)","=IFERROR(GOOGLETRANSLATE($B507,""en"",""mni-Mtei""),$B507)","=IFERROR(GOOGLETRANSLATE($B507,""en"",""lus""),$B507)","=IFERROR(GOOGLETRANSLATE($B507,""en"",""or""),$B507)","=IFERROR(GOOGLETRANSLATE($B507,""en"",""pa""),$B507)","=IFERROR(GOOGLETRANSLATE($B507,""en"",""ne""),$B507)","=IFERROR(GOOGLETRANSLATE($B507,""en"",""bn""),$B507)","=IFERROR(GOOGLETRANSLATE($B507,""en"",""ks""),$B507)",=$B507
ui_0507,"The app may display AdMob ads. Ad availability, ad-skip timing, billing services, Google sign-in, notifications, or Firebase services may depend on third-party providers. The app does not guarantee uninterrupted availability of third-party services.","=IFERROR(GOOGLETRANSLATE($B508,""en"",""as""),$B508)","=IFERROR(GOOGLETRANSLATE($B508,""en"",""gom""),$B508)","=IFERROR(GOOGLETRANSLATE($B508,""en"",""gu""),$B508)","=IFERROR(GOOGLETRANSLATE($B508,""en"",""mr""),$B508)","=IFERROR(GOOGLETRANSLATE($B508,""en"",""mni-Mtei""),$B508)","=IFERROR(GOOGLETRANSLATE($B508,""en"",""lus""),$B508)","=IFERROR(GOOGLETRANSLATE($B508,""en"",""or""),$B508)","=IFERROR(GOOGLETRANSLATE($B508,""en"",""pa""),$B508)","=IFERROR(GOOGLETRANSLATE($B508,""en"",""ne""),$B508)","=IFERROR(GOOGLETRANSLATE($B508,""en"",""bn""),$B508)","=IFERROR(GOOGLETRANSLATE($B508,""en"",""ks""),$B508)",=$B508
ui_0508,"The app provides an account deletion request option. After deletion, login access, poster profile data, and linked app data may be removed. Some billing or platform-required records may be retained for a limited period.","=IFERROR(GOOGLETRANSLATE($B509,""en"",""as""),$B509)","=IFERROR(GOOGLETRANSLATE($B509,""en"",""gom""),$B509)","=IFERROR(GOOGLETRANSLATE($B509,""en"",""gu""),$B509)","=IFERROR(GOOGLETRANSLATE($B509,""en"",""mr""),$B509)","=IFERROR(GOOGLETRANSLATE($B509,""en"",""mni-Mtei""),$B509)","=IFERROR(GOOGLETRANSLATE($B509,""en"",""lus""),$B509)","=IFERROR(GOOGLETRANSLATE($B509,""en"",""or""),$B509)","=IFERROR(GOOGLETRANSLATE($B509,""en"",""pa""),$B509)","=IFERROR(GOOGLETRANSLATE($B509,""en"",""ne""),$B509)","=IFERROR(GOOGLETRANSLATE($B509,""en"",""bn""),$B509)","=IFERROR(GOOGLETRANSLATE($B509,""en"",""ks""),$B509)",=$B509
ui_0509,"The app uses Firebase Authentication, Firestore, Storage, Messaging, Analytics, Crashlytics, Google Sign-In, Google Play Billing, and AdMob. These services support app performance, crash diagnostics, notifications, billing verification, and ad delivery. AdMob may collect device identifiers, IP address, and usage data to provide personalized or non-personalized ads.","=IFERROR(GOOGLETRANSLATE($B510,""en"",""as""),$B510)","=IFERROR(GOOGLETRANSLATE($B510,""en"",""gom""),$B510)","=IFERROR(GOOGLETRANSLATE($B510,""en"",""gu""),$B510)","=IFERROR(GOOGLETRANSLATE($B510,""en"",""mr""),$B510)","=IFERROR(GOOGLETRANSLATE($B510,""en"",""mni-Mtei""),$B510)","=IFERROR(GOOGLETRANSLATE($B510,""en"",""lus""),$B510)","=IFERROR(GOOGLETRANSLATE($B510,""en"",""or""),$B510)","=IFERROR(GOOGLETRANSLATE($B510,""en"",""pa""),$B510)","=IFERROR(GOOGLETRANSLATE($B510,""en"",""ne""),$B510)","=IFERROR(GOOGLETRANSLATE($B510,""en"",""bn""),$B510)","=IFERROR(GOOGLETRANSLATE($B510,""en"",""ks""),$B510)",=$B510
ui_0510,"The in-app Status feature allows a user to upload a text status, an image status, or an image with a caption. A user may keep up to 5 text statuses and 2 image/image + caption statuses active within a 24-hour active window; deleting an old active status or waiting for expiry frees that limit again. An image with a caption counts toward the image status limit. These limits may change for abuse prevention, storage cost control, performance, moderation, or security reasons. Status visibility is limited based on the user-selected State/Union Territory and religion preference; generally, a status is shown only to signed-in users in the same region and same or compatible religion scope. If the user enables optional location access, we use Android native location permission and store only approximate city, district, state, country code, update time, and a random feed seed to prioritize nearby statuses, show area-relevant banners, support area-targeted admin push notifications, and provide privacy-safe admin insights. We do not store or display exact GPS latitude/longitude for this feature. Denying location permission does not block normal app use. When a status is uploaded, we may process the status text, caption, background color, compressed image file, image storage path, user ID, user display name, user photo URL, region ID/name, religion preference, approximate location fields if enabled, created time, expiry time, view count, like count, reaction count, viewers map, likes map, reactions map, and related technical metadata.

When an image status is uploaded, the app may compress the file to reduce file size. Compression is used to reduce storage/bandwidth cost and improve loading speed; we do not promise to retain the original image as a permanent archive. Status media is stored temporarily in backend storage. Each status is assigned a 24-hour expiry time. Expired statuses are processed by backend scheduled cleanup for permanent deletion of the Firestore document, related comments/replies subcollection, and uploaded status image storage file. Because cleanup runs on a schedule, deletion is not guaranteed at the exact second of expiry; it normally occurs in the next cleanup cycle after expiry.

Other users may send a reply/comment to a status owner. A reply/comment may store the commenter user ID, display name, comment text, status ID, status owner ID, and created time. The app is designed so that only the status owner can view replies for their own status in the replies screen; limited records may also remain available for the commenter's own use or enforcement. Comments are not intended as public feed comments; they are for response/feedback to the status owner only. Comments must not contain abusive, illegal, hateful, threatening, sexually explicit, misleading, spam, impersonation, copyright/trademark infringing, election/political misuse, or privacy-violating content. If there is a policy violation, safety issue, legal request, abuse investigation, or technical requirement, comments/status records may need to be reviewed, restricted, deleted, retained, or disclosed.

The status viewer processes view counts, likes, reactions, and replies for the app experience. If a user taps/opens a status, a view record may be updated. If a user sends a like/reaction, account-level reaction data may be updated in backend maps. These interactions are not anonymous to the backend because user-linked records may be required for fraud prevention, abuse prevention, count accuracy, security, moderation, and user safety.","=IFERROR(GOOGLETRANSLATE($B511,""en"",""as""),$B511)","=IFERROR(GOOGLETRANSLATE($B511,""en"",""gom""),$B511)","=IFERROR(GOOGLETRANSLATE($B511,""en"",""gu""),$B511)","=IFERROR(GOOGLETRANSLATE($B511,""en"",""mr""),$B511)","=IFERROR(GOOGLETRANSLATE($B511,""en"",""mni-Mtei""),$B511)","=IFERROR(GOOGLETRANSLATE($B511,""en"",""lus""),$B511)","=IFERROR(GOOGLETRANSLATE($B511,""en"",""or""),$B511)","=IFERROR(GOOGLETRANSLATE($B511,""en"",""pa""),$B511)","=IFERROR(GOOGLETRANSLATE($B511,""en"",""ne""),$B511)","=IFERROR(GOOGLETRANSLATE($B511,""en"",""bn""),$B511)","=IFERROR(GOOGLETRANSLATE($B511,""en"",""ks""),$B511)",=$B511
ui_0511,"The Status feature is intended only for short-lived community sharing. A user may upload a text, image, or image + caption status. A user may keep up to 5 text statuses and 2 image/image + caption statuses active within a 24-hour active window; deleting an old active status or waiting for expiry frees the quota again. An image + caption status counts toward the image status limit. A status is generally visible only to users in the same or compatible scope based on the selected State/Union Territory and religion preference. Region/religion filtering is used for app experience and safety; if a user selects the wrong region/religion, visibility may change accordingly. Optional location access may be used only to prioritize nearby city/district statuses, show area-relevant banners, support area-targeted admin push notifications, and show aggregate admin insights. Exact GPS coordinates are not stored or shown in dashboards; approximate city/district/state fields may be stored with the user/status/report records when enabled. Status content is stored in the backend with a 24-hour expiry and is processed by scheduled cleanup for permanent deletion of the status document, related replies/comments, and status image. Exact-second deletion is not guaranteed; cleanup may occur in the next scheduled cycle.

Before upload, status images may be compressed by the app to reduce file size. Compression reduces storage/bandwidth usage; the original full-size image is not guaranteed to be retained. When a user opens a status, a view count may be updated. Other users may send likes, reactions, and replies. The status owner can read replies in the replies screen; reply text may appear as a 2-line preview in the app UI and expand through Read more. The replying user is responsible for their message. Do not post private, confidential, financial, medical, legal, password, OTP, address, personal ID, sensitive political/religious targeting, or another person's private information in a status or reply.

Mana Poster Ai does not treat statuses, replies, likes, reactions, or views as public endorsements, official communications, or guaranteed delivery channels. Status/reply sending, viewing, counting, deletion, or display behavior may change because of network delay, moderation, security checks, backend cleanup, device issue, app update, account restriction, or policy enforcement. Users may report abusive, illegal, spam, privacy-violating, impersonating, copyright/trademark infringing, or deceptive political status/reply content through the in-app report option; report reason, optional details, reported content preview, reporter UID, and moderation metadata may be retained for safety and legal review. If there is abuse, spam, harassment, impersonation, copyright/trademark issue, illegal political misuse, misinformation risk, user safety concern, law enforcement request, or legal obligation, Mana Poster Ai may restrict, remove, preserve, review, disclose, or disable statuses/replies. Repeated misuse may lead to account restrictions.","=IFERROR(GOOGLETRANSLATE($B512,""en"",""as""),$B512)","=IFERROR(GOOGLETRANSLATE($B512,""en"",""gom""),$B512)","=IFERROR(GOOGLETRANSLATE($B512,""en"",""gu""),$B512)","=IFERROR(GOOGLETRANSLATE($B512,""en"",""mr""),$B512)","=IFERROR(GOOGLETRANSLATE($B512,""en"",""mni-Mtei""),$B512)","=IFERROR(GOOGLETRANSLATE($B512,""en"",""lus""),$B512)","=IFERROR(GOOGLETRANSLATE($B512,""en"",""or""),$B512)","=IFERROR(GOOGLETRANSLATE($B512,""en"",""pa""),$B512)","=IFERROR(GOOGLETRANSLATE($B512,""en"",""ne""),$B512)","=IFERROR(GOOGLETRANSLATE($B512,""en"",""bn""),$B512)","=IFERROR(GOOGLETRANSLATE($B512,""en"",""ks""),$B512)",=$B512
ui_0512,"The Status feature lets users upload up to 5 text statuses and 2 image/image + caption statuses in 24 hours; they are shown within the matching region/religion scope, deleted by backend cleanup after 24 hours, and replies can be read by the status owner.","=IFERROR(GOOGLETRANSLATE($B513,""en"",""as""),$B513)","=IFERROR(GOOGLETRANSLATE($B513,""en"",""gom""),$B513)","=IFERROR(GOOGLETRANSLATE($B513,""en"",""gu""),$B513)","=IFERROR(GOOGLETRANSLATE($B513,""en"",""mr""),$B513)","=IFERROR(GOOGLETRANSLATE($B513,""en"",""mni-Mtei""),$B513)","=IFERROR(GOOGLETRANSLATE($B513,""en"",""lus""),$B513)","=IFERROR(GOOGLETRANSLATE($B513,""en"",""or""),$B513)","=IFERROR(GOOGLETRANSLATE($B513,""en"",""pa""),$B513)","=IFERROR(GOOGLETRANSLATE($B513,""en"",""ne""),$B513)","=IFERROR(GOOGLETRANSLATE($B513,""en"",""bn""),$B513)","=IFERROR(GOOGLETRANSLATE($B513,""en"",""ks""),$B513)",=$B513
ui_0513,The subscription plan supports poster creation and exports.,"=IFERROR(GOOGLETRANSLATE($B514,""en"",""as""),$B514)","=IFERROR(GOOGLETRANSLATE($B514,""en"",""gom""),$B514)","=IFERROR(GOOGLETRANSLATE($B514,""en"",""gu""),$B514)","=IFERROR(GOOGLETRANSLATE($B514,""en"",""mr""),$B514)","=IFERROR(GOOGLETRANSLATE($B514,""en"",""mni-Mtei""),$B514)","=IFERROR(GOOGLETRANSLATE($B514,""en"",""lus""),$B514)","=IFERROR(GOOGLETRANSLATE($B514,""en"",""or""),$B514)","=IFERROR(GOOGLETRANSLATE($B514,""en"",""pa""),$B514)","=IFERROR(GOOGLETRANSLATE($B514,""en"",""ne""),$B514)","=IFERROR(GOOGLETRANSLATE($B514,""en"",""bn""),$B514)","=IFERROR(GOOGLETRANSLATE($B514,""en"",""ks""),$B514)",=$B514
ui_0514,The supported regional language is applied from the selected State or Union Territory; English fallback may appear where full UI support is not available.,"=IFERROR(GOOGLETRANSLATE($B515,""en"",""as""),$B515)","=IFERROR(GOOGLETRANSLATE($B515,""en"",""gom""),$B515)","=IFERROR(GOOGLETRANSLATE($B515,""en"",""gu""),$B515)","=IFERROR(GOOGLETRANSLATE($B515,""en"",""mr""),$B515)","=IFERROR(GOOGLETRANSLATE($B515,""en"",""mni-Mtei""),$B515)","=IFERROR(GOOGLETRANSLATE($B515,""en"",""lus""),$B515)","=IFERROR(GOOGLETRANSLATE($B515,""en"",""or""),$B515)","=IFERROR(GOOGLETRANSLATE($B515,""en"",""pa""),$B515)","=IFERROR(GOOGLETRANSLATE($B515,""en"",""ne""),$B515)","=IFERROR(GOOGLETRANSLATE($B515,""en"",""bn""),$B515)","=IFERROR(GOOGLETRANSLATE($B515,""en"",""ks""),$B515)",=$B515
ui_0515,There are no design layers. Do you still want to export only the background?,"=IFERROR(GOOGLETRANSLATE($B516,""en"",""as""),$B516)","=IFERROR(GOOGLETRANSLATE($B516,""en"",""gom""),$B516)","=IFERROR(GOOGLETRANSLATE($B516,""en"",""gu""),$B516)","=IFERROR(GOOGLETRANSLATE($B516,""en"",""mr""),$B516)","=IFERROR(GOOGLETRANSLATE($B516,""en"",""mni-Mtei""),$B516)","=IFERROR(GOOGLETRANSLATE($B516,""en"",""lus""),$B516)","=IFERROR(GOOGLETRANSLATE($B516,""en"",""or""),$B516)","=IFERROR(GOOGLETRANSLATE($B516,""en"",""pa""),$B516)","=IFERROR(GOOGLETRANSLATE($B516,""en"",""ne""),$B516)","=IFERROR(GOOGLETRANSLATE($B516,""en"",""bn""),$B516)","=IFERROR(GOOGLETRANSLATE($B516,""en"",""ks""),$B516)",=$B516
ui_0516,There are no posters for this category right now. Pull down to refresh and check again.,"=IFERROR(GOOGLETRANSLATE($B517,""en"",""as""),$B517)","=IFERROR(GOOGLETRANSLATE($B517,""en"",""gom""),$B517)","=IFERROR(GOOGLETRANSLATE($B517,""en"",""gu""),$B517)","=IFERROR(GOOGLETRANSLATE($B517,""en"",""mr""),$B517)","=IFERROR(GOOGLETRANSLATE($B517,""en"",""mni-Mtei""),$B517)","=IFERROR(GOOGLETRANSLATE($B517,""en"",""lus""),$B517)","=IFERROR(GOOGLETRANSLATE($B517,""en"",""or""),$B517)","=IFERROR(GOOGLETRANSLATE($B517,""en"",""pa""),$B517)","=IFERROR(GOOGLETRANSLATE($B517,""en"",""ne""),$B517)","=IFERROR(GOOGLETRANSLATE($B517,""en"",""bn""),$B517)","=IFERROR(GOOGLETRANSLATE($B517,""en"",""ks""),$B517)",=$B517
ui_0517,Thin Black,"=IFERROR(GOOGLETRANSLATE($B518,""en"",""as""),$B518)","=IFERROR(GOOGLETRANSLATE($B518,""en"",""gom""),$B518)","=IFERROR(GOOGLETRANSLATE($B518,""en"",""gu""),$B518)","=IFERROR(GOOGLETRANSLATE($B518,""en"",""mr""),$B518)","=IFERROR(GOOGLETRANSLATE($B518,""en"",""mni-Mtei""),$B518)","=IFERROR(GOOGLETRANSLATE($B518,""en"",""lus""),$B518)","=IFERROR(GOOGLETRANSLATE($B518,""en"",""or""),$B518)","=IFERROR(GOOGLETRANSLATE($B518,""en"",""pa""),$B518)","=IFERROR(GOOGLETRANSLATE($B518,""en"",""ne""),$B518)","=IFERROR(GOOGLETRANSLATE($B518,""en"",""bn""),$B518)","=IFERROR(GOOGLETRANSLATE($B518,""en"",""ks""),$B518)",=$B518
ui_0518,Thin White,"=IFERROR(GOOGLETRANSLATE($B519,""en"",""as""),$B519)","=IFERROR(GOOGLETRANSLATE($B519,""en"",""gom""),$B519)","=IFERROR(GOOGLETRANSLATE($B519,""en"",""gu""),$B519)","=IFERROR(GOOGLETRANSLATE($B519,""en"",""mr""),$B519)","=IFERROR(GOOGLETRANSLATE($B519,""en"",""mni-Mtei""),$B519)","=IFERROR(GOOGLETRANSLATE($B519,""en"",""lus""),$B519)","=IFERROR(GOOGLETRANSLATE($B519,""en"",""or""),$B519)","=IFERROR(GOOGLETRANSLATE($B519,""en"",""pa""),$B519)","=IFERROR(GOOGLETRANSLATE($B519,""en"",""ne""),$B519)","=IFERROR(GOOGLETRANSLATE($B519,""en"",""bn""),$B519)","=IFERROR(GOOGLETRANSLATE($B519,""en"",""ks""),$B519)",=$B519
ui_0519,This account has been disabled.,"=IFERROR(GOOGLETRANSLATE($B520,""en"",""as""),$B520)","=IFERROR(GOOGLETRANSLATE($B520,""en"",""gom""),$B520)","=IFERROR(GOOGLETRANSLATE($B520,""en"",""gu""),$B520)","=IFERROR(GOOGLETRANSLATE($B520,""en"",""mr""),$B520)","=IFERROR(GOOGLETRANSLATE($B520,""en"",""mni-Mtei""),$B520)","=IFERROR(GOOGLETRANSLATE($B520,""en"",""lus""),$B520)","=IFERROR(GOOGLETRANSLATE($B520,""en"",""or""),$B520)","=IFERROR(GOOGLETRANSLATE($B520,""en"",""pa""),$B520)","=IFERROR(GOOGLETRANSLATE($B520,""en"",""ne""),$B520)","=IFERROR(GOOGLETRANSLATE($B520,""en"",""bn""),$B520)","=IFERROR(GOOGLETRANSLATE($B520,""en"",""ks""),$B520)",=$B520
ui_0520,This app is designed with Telugu as the primary experience.,"=IFERROR(GOOGLETRANSLATE($B521,""en"",""as""),$B521)","=IFERROR(GOOGLETRANSLATE($B521,""en"",""gom""),$B521)","=IFERROR(GOOGLETRANSLATE($B521,""en"",""gu""),$B521)","=IFERROR(GOOGLETRANSLATE($B521,""en"",""mr""),$B521)","=IFERROR(GOOGLETRANSLATE($B521,""en"",""mni-Mtei""),$B521)","=IFERROR(GOOGLETRANSLATE($B521,""en"",""lus""),$B521)","=IFERROR(GOOGLETRANSLATE($B521,""en"",""or""),$B521)","=IFERROR(GOOGLETRANSLATE($B521,""en"",""pa""),$B521)","=IFERROR(GOOGLETRANSLATE($B521,""en"",""ne""),$B521)","=IFERROR(GOOGLETRANSLATE($B521,""en"",""bn""),$B521)","=IFERROR(GOOGLETRANSLATE($B521,""en"",""ks""),$B521)",=$B521
ui_0521,This app is not intended for children under the age of 13.,"=IFERROR(GOOGLETRANSLATE($B522,""en"",""as""),$B522)","=IFERROR(GOOGLETRANSLATE($B522,""en"",""gom""),$B522)","=IFERROR(GOOGLETRANSLATE($B522,""en"",""gu""),$B522)","=IFERROR(GOOGLETRANSLATE($B522,""en"",""mr""),$B522)","=IFERROR(GOOGLETRANSLATE($B522,""en"",""mni-Mtei""),$B522)","=IFERROR(GOOGLETRANSLATE($B522,""en"",""lus""),$B522)","=IFERROR(GOOGLETRANSLATE($B522,""en"",""or""),$B522)","=IFERROR(GOOGLETRANSLATE($B522,""en"",""pa""),$B522)","=IFERROR(GOOGLETRANSLATE($B522,""en"",""ne""),$B522)","=IFERROR(GOOGLETRANSLATE($B522,""en"",""bn""),$B522)","=IFERROR(GOOGLETRANSLATE($B522,""en"",""ks""),$B522)",=$B522
ui_0522,"This app is useful for people who share daily greetings, create posters for small businesses, publish devotional or occasion-based posts, or want personalized posters with their own name or business identity.","=IFERROR(GOOGLETRANSLATE($B523,""en"",""as""),$B523)","=IFERROR(GOOGLETRANSLATE($B523,""en"",""gom""),$B523)","=IFERROR(GOOGLETRANSLATE($B523,""en"",""gu""),$B523)","=IFERROR(GOOGLETRANSLATE($B523,""en"",""mr""),$B523)","=IFERROR(GOOGLETRANSLATE($B523,""en"",""mni-Mtei""),$B523)","=IFERROR(GOOGLETRANSLATE($B523,""en"",""lus""),$B523)","=IFERROR(GOOGLETRANSLATE($B523,""en"",""or""),$B523)","=IFERROR(GOOGLETRANSLATE($B523,""en"",""pa""),$B523)","=IFERROR(GOOGLETRANSLATE($B523,""en"",""ne""),$B523)","=IFERROR(GOOGLETRANSLATE($B523,""en"",""bn""),$B523)","=IFERROR(GOOGLETRANSLATE($B523,""en"",""ks""),$B523)",=$B523
ui_0523,This content was removed or is no longer available. Open Home to see the latest posters.,"=IFERROR(GOOGLETRANSLATE($B524,""en"",""as""),$B524)","=IFERROR(GOOGLETRANSLATE($B524,""en"",""gom""),$B524)","=IFERROR(GOOGLETRANSLATE($B524,""en"",""gu""),$B524)","=IFERROR(GOOGLETRANSLATE($B524,""en"",""mr""),$B524)","=IFERROR(GOOGLETRANSLATE($B524,""en"",""mni-Mtei""),$B524)","=IFERROR(GOOGLETRANSLATE($B524,""en"",""lus""),$B524)","=IFERROR(GOOGLETRANSLATE($B524,""en"",""or""),$B524)","=IFERROR(GOOGLETRANSLATE($B524,""en"",""pa""),$B524)","=IFERROR(GOOGLETRANSLATE($B524,""en"",""ne""),$B524)","=IFERROR(GOOGLETRANSLATE($B524,""en"",""bn""),$B524)","=IFERROR(GOOGLETRANSLATE($B524,""en"",""ks""),$B524)",=$B524
ui_0524,This domain is not authorized in Firebase Authentication.,"=IFERROR(GOOGLETRANSLATE($B525,""en"",""as""),$B525)","=IFERROR(GOOGLETRANSLATE($B525,""en"",""gom""),$B525)","=IFERROR(GOOGLETRANSLATE($B525,""en"",""gu""),$B525)","=IFERROR(GOOGLETRANSLATE($B525,""en"",""mr""),$B525)","=IFERROR(GOOGLETRANSLATE($B525,""en"",""mni-Mtei""),$B525)","=IFERROR(GOOGLETRANSLATE($B525,""en"",""lus""),$B525)","=IFERROR(GOOGLETRANSLATE($B525,""en"",""or""),$B525)","=IFERROR(GOOGLETRANSLATE($B525,""en"",""pa""),$B525)","=IFERROR(GOOGLETRANSLATE($B525,""en"",""ne""),$B525)","=IFERROR(GOOGLETRANSLATE($B525,""en"",""bn""),$B525)","=IFERROR(GOOGLETRANSLATE($B525,""en"",""ks""),$B525)",=$B525
ui_0525,This email is already linked to Google Sign-In. Continue with Google.,"=IFERROR(GOOGLETRANSLATE($B526,""en"",""as""),$B526)","=IFERROR(GOOGLETRANSLATE($B526,""en"",""gom""),$B526)","=IFERROR(GOOGLETRANSLATE($B526,""en"",""gu""),$B526)","=IFERROR(GOOGLETRANSLATE($B526,""en"",""mr""),$B526)","=IFERROR(GOOGLETRANSLATE($B526,""en"",""mni-Mtei""),$B526)","=IFERROR(GOOGLETRANSLATE($B526,""en"",""lus""),$B526)","=IFERROR(GOOGLETRANSLATE($B526,""en"",""or""),$B526)","=IFERROR(GOOGLETRANSLATE($B526,""en"",""pa""),$B526)","=IFERROR(GOOGLETRANSLATE($B526,""en"",""ne""),$B526)","=IFERROR(GOOGLETRANSLATE($B526,""en"",""bn""),$B526)","=IFERROR(GOOGLETRANSLATE($B526,""en"",""ks""),$B526)",=$B526
ui_0526,This email is registered with Google Sign-In. Continue with Google.,"=IFERROR(GOOGLETRANSLATE($B527,""en"",""as""),$B527)","=IFERROR(GOOGLETRANSLATE($B527,""en"",""gom""),$B527)","=IFERROR(GOOGLETRANSLATE($B527,""en"",""gu""),$B527)","=IFERROR(GOOGLETRANSLATE($B527,""en"",""mr""),$B527)","=IFERROR(GOOGLETRANSLATE($B527,""en"",""mni-Mtei""),$B527)","=IFERROR(GOOGLETRANSLATE($B527,""en"",""lus""),$B527)","=IFERROR(GOOGLETRANSLATE($B527,""en"",""or""),$B527)","=IFERROR(GOOGLETRANSLATE($B527,""en"",""pa""),$B527)","=IFERROR(GOOGLETRANSLATE($B527,""en"",""ne""),$B527)","=IFERROR(GOOGLETRANSLATE($B527,""en"",""bn""),$B527)","=IFERROR(GOOGLETRANSLATE($B527,""en"",""ks""),$B527)",=$B527
ui_0527,"This is a poster creation app where users can choose ready-made designs and personalize them with their photo, business name, WhatsApp details, and other relevant information. Templates, profile details, subscription information, help, and legal access are available in one place.","=IFERROR(GOOGLETRANSLATE($B528,""en"",""as""),$B528)","=IFERROR(GOOGLETRANSLATE($B528,""en"",""gom""),$B528)","=IFERROR(GOOGLETRANSLATE($B528,""en"",""gu""),$B528)","=IFERROR(GOOGLETRANSLATE($B528,""en"",""mr""),$B528)","=IFERROR(GOOGLETRANSLATE($B528,""en"",""mni-Mtei""),$B528)","=IFERROR(GOOGLETRANSLATE($B528,""en"",""lus""),$B528)","=IFERROR(GOOGLETRANSLATE($B528,""en"",""or""),$B528)","=IFERROR(GOOGLETRANSLATE($B528,""en"",""pa""),$B528)","=IFERROR(GOOGLETRANSLATE($B528,""en"",""ne""),$B528)","=IFERROR(GOOGLETRANSLATE($B528,""en"",""bn""),$B528)","=IFERROR(GOOGLETRANSLATE($B528,""en"",""ks""),$B528)",=$B528
ui_0528,This item was removed from your list,"=IFERROR(GOOGLETRANSLATE($B529,""en"",""as""),$B529)","=IFERROR(GOOGLETRANSLATE($B529,""en"",""gom""),$B529)","=IFERROR(GOOGLETRANSLATE($B529,""en"",""gu""),$B529)","=IFERROR(GOOGLETRANSLATE($B529,""en"",""mr""),$B529)","=IFERROR(GOOGLETRANSLATE($B529,""en"",""mni-Mtei""),$B529)","=IFERROR(GOOGLETRANSLATE($B529,""en"",""lus""),$B529)","=IFERROR(GOOGLETRANSLATE($B529,""en"",""or""),$B529)","=IFERROR(GOOGLETRANSLATE($B529,""en"",""pa""),$B529)","=IFERROR(GOOGLETRANSLATE($B529,""en"",""ne""),$B529)","=IFERROR(GOOGLETRANSLATE($B529,""en"",""bn""),$B529)","=IFERROR(GOOGLETRANSLATE($B529,""en"",""ks""),$B529)",=$B529
ui_0529,This notification content is unavailable,"=IFERROR(GOOGLETRANSLATE($B530,""en"",""as""),$B530)","=IFERROR(GOOGLETRANSLATE($B530,""en"",""gom""),$B530)","=IFERROR(GOOGLETRANSLATE($B530,""en"",""gu""),$B530)","=IFERROR(GOOGLETRANSLATE($B530,""en"",""mr""),$B530)","=IFERROR(GOOGLETRANSLATE($B530,""en"",""mni-Mtei""),$B530)","=IFERROR(GOOGLETRANSLATE($B530,""en"",""lus""),$B530)","=IFERROR(GOOGLETRANSLATE($B530,""en"",""or""),$B530)","=IFERROR(GOOGLETRANSLATE($B530,""en"",""pa""),$B530)","=IFERROR(GOOGLETRANSLATE($B530,""en"",""ne""),$B530)","=IFERROR(GOOGLETRANSLATE($B530,""en"",""bn""),$B530)","=IFERROR(GOOGLETRANSLATE($B530,""en"",""ks""),$B530)",=$B530
ui_0530,"This page contains the rules for using Mana Poster Ai, including subscriptions, payments, ads, account responsibility, and service limitations.","=IFERROR(GOOGLETRANSLATE($B531,""en"",""as""),$B531)","=IFERROR(GOOGLETRANSLATE($B531,""en"",""gom""),$B531)","=IFERROR(GOOGLETRANSLATE($B531,""en"",""gu""),$B531)","=IFERROR(GOOGLETRANSLATE($B531,""en"",""mr""),$B531)","=IFERROR(GOOGLETRANSLATE($B531,""en"",""mni-Mtei""),$B531)","=IFERROR(GOOGLETRANSLATE($B531,""en"",""lus""),$B531)","=IFERROR(GOOGLETRANSLATE($B531,""en"",""or""),$B531)","=IFERROR(GOOGLETRANSLATE($B531,""en"",""pa""),$B531)","=IFERROR(GOOGLETRANSLATE($B531,""en"",""ne""),$B531)","=IFERROR(GOOGLETRANSLATE($B531,""en"",""bn""),$B531)","=IFERROR(GOOGLETRANSLATE($B531,""en"",""ks""),$B531)",=$B531
ui_0531,"This page explains how Mana Poster Ai handles your data, subscriptions, ads, account deletion, and Firebase-powered services.","=IFERROR(GOOGLETRANSLATE($B532,""en"",""as""),$B532)","=IFERROR(GOOGLETRANSLATE($B532,""en"",""gom""),$B532)","=IFERROR(GOOGLETRANSLATE($B532,""en"",""gu""),$B532)","=IFERROR(GOOGLETRANSLATE($B532,""en"",""mr""),$B532)","=IFERROR(GOOGLETRANSLATE($B532,""en"",""mni-Mtei""),$B532)","=IFERROR(GOOGLETRANSLATE($B532,""en"",""lus""),$B532)","=IFERROR(GOOGLETRANSLATE($B532,""en"",""or""),$B532)","=IFERROR(GOOGLETRANSLATE($B532,""en"",""pa""),$B532)","=IFERROR(GOOGLETRANSLATE($B532,""en"",""ne""),$B532)","=IFERROR(GOOGLETRANSLATE($B532,""en"",""bn""),$B532)","=IFERROR(GOOGLETRANSLATE($B532,""en"",""ks""),$B532)",=$B532
ui_0532,This sign-in method is not enabled yet.,"=IFERROR(GOOGLETRANSLATE($B533,""en"",""as""),$B533)","=IFERROR(GOOGLETRANSLATE($B533,""en"",""gom""),$B533)","=IFERROR(GOOGLETRANSLATE($B533,""en"",""gu""),$B533)","=IFERROR(GOOGLETRANSLATE($B533,""en"",""mr""),$B533)","=IFERROR(GOOGLETRANSLATE($B533,""en"",""mni-Mtei""),$B533)","=IFERROR(GOOGLETRANSLATE($B533,""en"",""lus""),$B533)","=IFERROR(GOOGLETRANSLATE($B533,""en"",""or""),$B533)","=IFERROR(GOOGLETRANSLATE($B533,""en"",""pa""),$B533)","=IFERROR(GOOGLETRANSLATE($B533,""en"",""ne""),$B533)","=IFERROR(GOOGLETRANSLATE($B533,""en"",""bn""),$B533)","=IFERROR(GOOGLETRANSLATE($B533,""en"",""ks""),$B533)",=$B533
ui_0533,This will be removed only from your My Uploads list. It will not be deleted for other users.,"=IFERROR(GOOGLETRANSLATE($B534,""en"",""as""),$B534)","=IFERROR(GOOGLETRANSLATE($B534,""en"",""gom""),$B534)","=IFERROR(GOOGLETRANSLATE($B534,""en"",""gu""),$B534)","=IFERROR(GOOGLETRANSLATE($B534,""en"",""mr""),$B534)","=IFERROR(GOOGLETRANSLATE($B534,""en"",""mni-Mtei""),$B534)","=IFERROR(GOOGLETRANSLATE($B534,""en"",""lus""),$B534)","=IFERROR(GOOGLETRANSLATE($B534,""en"",""or""),$B534)","=IFERROR(GOOGLETRANSLATE($B534,""en"",""pa""),$B534)","=IFERROR(GOOGLETRANSLATE($B534,""en"",""ne""),$B534)","=IFERROR(GOOGLETRANSLATE($B534,""en"",""bn""),$B534)","=IFERROR(GOOGLETRANSLATE($B534,""en"",""ks""),$B534)",=$B534
ui_0534,Tip: Select a layer to unlock tool actions. Tap empty canvas to deselect.,"=IFERROR(GOOGLETRANSLATE($B535,""en"",""as""),$B535)","=IFERROR(GOOGLETRANSLATE($B535,""en"",""gom""),$B535)","=IFERROR(GOOGLETRANSLATE($B535,""en"",""gu""),$B535)","=IFERROR(GOOGLETRANSLATE($B535,""en"",""mr""),$B535)","=IFERROR(GOOGLETRANSLATE($B535,""en"",""mni-Mtei""),$B535)","=IFERROR(GOOGLETRANSLATE($B535,""en"",""lus""),$B535)","=IFERROR(GOOGLETRANSLATE($B535,""en"",""or""),$B535)","=IFERROR(GOOGLETRANSLATE($B535,""en"",""pa""),$B535)","=IFERROR(GOOGLETRANSLATE($B535,""en"",""ne""),$B535)","=IFERROR(GOOGLETRANSLATE($B535,""en"",""bn""),$B535)","=IFERROR(GOOGLETRANSLATE($B535,""en"",""ks""),$B535)",=$B535
ui_0535,To capture your photo.,"=IFERROR(GOOGLETRANSLATE($B536,""en"",""as""),$B536)","=IFERROR(GOOGLETRANSLATE($B536,""en"",""gom""),$B536)","=IFERROR(GOOGLETRANSLATE($B536,""en"",""gu""),$B536)","=IFERROR(GOOGLETRANSLATE($B536,""en"",""mr""),$B536)","=IFERROR(GOOGLETRANSLATE($B536,""en"",""mni-Mtei""),$B536)","=IFERROR(GOOGLETRANSLATE($B536,""en"",""lus""),$B536)","=IFERROR(GOOGLETRANSLATE($B536,""en"",""or""),$B536)","=IFERROR(GOOGLETRANSLATE($B536,""en"",""pa""),$B536)","=IFERROR(GOOGLETRANSLATE($B536,""en"",""ne""),$B536)","=IFERROR(GOOGLETRANSLATE($B536,""en"",""bn""),$B536)","=IFERROR(GOOGLETRANSLATE($B536,""en"",""ks""),$B536)",=$B536
ui_0536,To save posters.,"=IFERROR(GOOGLETRANSLATE($B537,""en"",""as""),$B537)","=IFERROR(GOOGLETRANSLATE($B537,""en"",""gom""),$B537)","=IFERROR(GOOGLETRANSLATE($B537,""en"",""gu""),$B537)","=IFERROR(GOOGLETRANSLATE($B537,""en"",""mr""),$B537)","=IFERROR(GOOGLETRANSLATE($B537,""en"",""mni-Mtei""),$B537)","=IFERROR(GOOGLETRANSLATE($B537,""en"",""lus""),$B537)","=IFERROR(GOOGLETRANSLATE($B537,""en"",""or""),$B537)","=IFERROR(GOOGLETRANSLATE($B537,""en"",""pa""),$B537)","=IFERROR(GOOGLETRANSLATE($B537,""en"",""ne""),$B537)","=IFERROR(GOOGLETRANSLATE($B537,""en"",""bn""),$B537)","=IFERROR(GOOGLETRANSLATE($B537,""en"",""ks""),$B537)",=$B537
ui_0537,To show nearby statuses.,"=IFERROR(GOOGLETRANSLATE($B538,""en"",""as""),$B538)","=IFERROR(GOOGLETRANSLATE($B538,""en"",""gom""),$B538)","=IFERROR(GOOGLETRANSLATE($B538,""en"",""gu""),$B538)","=IFERROR(GOOGLETRANSLATE($B538,""en"",""mr""),$B538)","=IFERROR(GOOGLETRANSLATE($B538,""en"",""mni-Mtei""),$B538)","=IFERROR(GOOGLETRANSLATE($B538,""en"",""lus""),$B538)","=IFERROR(GOOGLETRANSLATE($B538,""en"",""or""),$B538)","=IFERROR(GOOGLETRANSLATE($B538,""en"",""pa""),$B538)","=IFERROR(GOOGLETRANSLATE($B538,""en"",""ne""),$B538)","=IFERROR(GOOGLETRANSLATE($B538,""en"",""bn""),$B538)","=IFERROR(GOOGLETRANSLATE($B538,""en"",""ks""),$B538)",=$B538
ui_0538,Too many attempts. Please wait and try again.,"=IFERROR(GOOGLETRANSLATE($B539,""en"",""as""),$B539)","=IFERROR(GOOGLETRANSLATE($B539,""en"",""gom""),$B539)","=IFERROR(GOOGLETRANSLATE($B539,""en"",""gu""),$B539)","=IFERROR(GOOGLETRANSLATE($B539,""en"",""mr""),$B539)","=IFERROR(GOOGLETRANSLATE($B539,""en"",""mni-Mtei""),$B539)","=IFERROR(GOOGLETRANSLATE($B539,""en"",""lus""),$B539)","=IFERROR(GOOGLETRANSLATE($B539,""en"",""or""),$B539)","=IFERROR(GOOGLETRANSLATE($B539,""en"",""pa""),$B539)","=IFERROR(GOOGLETRANSLATE($B539,""en"",""ne""),$B539)","=IFERROR(GOOGLETRANSLATE($B539,""en"",""bn""),$B539)","=IFERROR(GOOGLETRANSLATE($B539,""en"",""ks""),$B539)",=$B539
ui_0539,Tools,"=IFERROR(GOOGLETRANSLATE($B540,""en"",""as""),$B540)","=IFERROR(GOOGLETRANSLATE($B540,""en"",""gom""),$B540)","=IFERROR(GOOGLETRANSLATE($B540,""en"",""gu""),$B540)","=IFERROR(GOOGLETRANSLATE($B540,""en"",""mr""),$B540)","=IFERROR(GOOGLETRANSLATE($B540,""en"",""mni-Mtei""),$B540)","=IFERROR(GOOGLETRANSLATE($B540,""en"",""lus""),$B540)","=IFERROR(GOOGLETRANSLATE($B540,""en"",""or""),$B540)","=IFERROR(GOOGLETRANSLATE($B540,""en"",""pa""),$B540)","=IFERROR(GOOGLETRANSLATE($B540,""en"",""ne""),$B540)","=IFERROR(GOOGLETRANSLATE($B540,""en"",""bn""),$B540)","=IFERROR(GOOGLETRANSLATE($B540,""en"",""ks""),$B540)",=$B540
ui_0540,"Tools: Crop, Erase, Layers, Stickers, and Border.","=IFERROR(GOOGLETRANSLATE($B541,""en"",""as""),$B541)","=IFERROR(GOOGLETRANSLATE($B541,""en"",""gom""),$B541)","=IFERROR(GOOGLETRANSLATE($B541,""en"",""gu""),$B541)","=IFERROR(GOOGLETRANSLATE($B541,""en"",""mr""),$B541)","=IFERROR(GOOGLETRANSLATE($B541,""en"",""mni-Mtei""),$B541)","=IFERROR(GOOGLETRANSLATE($B541,""en"",""lus""),$B541)","=IFERROR(GOOGLETRANSLATE($B541,""en"",""or""),$B541)","=IFERROR(GOOGLETRANSLATE($B541,""en"",""pa""),$B541)","=IFERROR(GOOGLETRANSLATE($B541,""en"",""ne""),$B541)","=IFERROR(GOOGLETRANSLATE($B541,""en"",""bn""),$B541)","=IFERROR(GOOGLETRANSLATE($B541,""en"",""ks""),$B541)",=$B541
ui_0541,Transparent,"=IFERROR(GOOGLETRANSLATE($B542,""en"",""as""),$B542)","=IFERROR(GOOGLETRANSLATE($B542,""en"",""gom""),$B542)","=IFERROR(GOOGLETRANSLATE($B542,""en"",""gu""),$B542)","=IFERROR(GOOGLETRANSLATE($B542,""en"",""mr""),$B542)","=IFERROR(GOOGLETRANSLATE($B542,""en"",""mni-Mtei""),$B542)","=IFERROR(GOOGLETRANSLATE($B542,""en"",""lus""),$B542)","=IFERROR(GOOGLETRANSLATE($B542,""en"",""or""),$B542)","=IFERROR(GOOGLETRANSLATE($B542,""en"",""pa""),$B542)","=IFERROR(GOOGLETRANSLATE($B542,""en"",""ne""),$B542)","=IFERROR(GOOGLETRANSLATE($B542,""en"",""bn""),$B542)","=IFERROR(GOOGLETRANSLATE($B542,""en"",""ks""),$B542)",=$B542
ui_0542,"Transparent background, best for Remove BG","=IFERROR(GOOGLETRANSLATE($B543,""en"",""as""),$B543)","=IFERROR(GOOGLETRANSLATE($B543,""en"",""gom""),$B543)","=IFERROR(GOOGLETRANSLATE($B543,""en"",""gu""),$B543)","=IFERROR(GOOGLETRANSLATE($B543,""en"",""mr""),$B543)","=IFERROR(GOOGLETRANSLATE($B543,""en"",""mni-Mtei""),$B543)","=IFERROR(GOOGLETRANSLATE($B543,""en"",""lus""),$B543)","=IFERROR(GOOGLETRANSLATE($B543,""en"",""or""),$B543)","=IFERROR(GOOGLETRANSLATE($B543,""en"",""pa""),$B543)","=IFERROR(GOOGLETRANSLATE($B543,""en"",""ne""),$B543)","=IFERROR(GOOGLETRANSLATE($B543,""en"",""bn""),$B543)","=IFERROR(GOOGLETRANSLATE($B543,""en"",""ks""),$B543)",=$B543
ui_0543,Trial,"=IFERROR(GOOGLETRANSLATE($B544,""en"",""as""),$B544)","=IFERROR(GOOGLETRANSLATE($B544,""en"",""gom""),$B544)","=IFERROR(GOOGLETRANSLATE($B544,""en"",""gu""),$B544)","=IFERROR(GOOGLETRANSLATE($B544,""en"",""mr""),$B544)","=IFERROR(GOOGLETRANSLATE($B544,""en"",""mni-Mtei""),$B544)","=IFERROR(GOOGLETRANSLATE($B544,""en"",""lus""),$B544)","=IFERROR(GOOGLETRANSLATE($B544,""en"",""or""),$B544)","=IFERROR(GOOGLETRANSLATE($B544,""en"",""pa""),$B544)","=IFERROR(GOOGLETRANSLATE($B544,""en"",""ne""),$B544)","=IFERROR(GOOGLETRANSLATE($B544,""en"",""bn""),$B544)","=IFERROR(GOOGLETRANSLATE($B544,""en"",""ks""),$B544)",=$B544
ui_0544,Type text here,"=IFERROR(GOOGLETRANSLATE($B545,""en"",""as""),$B545)","=IFERROR(GOOGLETRANSLATE($B545,""en"",""gom""),$B545)","=IFERROR(GOOGLETRANSLATE($B545,""en"",""gu""),$B545)","=IFERROR(GOOGLETRANSLATE($B545,""en"",""mr""),$B545)","=IFERROR(GOOGLETRANSLATE($B545,""en"",""mni-Mtei""),$B545)","=IFERROR(GOOGLETRANSLATE($B545,""en"",""lus""),$B545)","=IFERROR(GOOGLETRANSLATE($B545,""en"",""or""),$B545)","=IFERROR(GOOGLETRANSLATE($B545,""en"",""pa""),$B545)","=IFERROR(GOOGLETRANSLATE($B545,""en"",""ne""),$B545)","=IFERROR(GOOGLETRANSLATE($B545,""en"",""bn""),$B545)","=IFERROR(GOOGLETRANSLATE($B545,""en"",""ks""),$B545)",=$B545
ui_0545,Unable to open legal page. Please try again.,"=IFERROR(GOOGLETRANSLATE($B546,""en"",""as""),$B546)","=IFERROR(GOOGLETRANSLATE($B546,""en"",""gom""),$B546)","=IFERROR(GOOGLETRANSLATE($B546,""en"",""gu""),$B546)","=IFERROR(GOOGLETRANSLATE($B546,""en"",""mr""),$B546)","=IFERROR(GOOGLETRANSLATE($B546,""en"",""mni-Mtei""),$B546)","=IFERROR(GOOGLETRANSLATE($B546,""en"",""lus""),$B546)","=IFERROR(GOOGLETRANSLATE($B546,""en"",""or""),$B546)","=IFERROR(GOOGLETRANSLATE($B546,""en"",""pa""),$B546)","=IFERROR(GOOGLETRANSLATE($B546,""en"",""ne""),$B546)","=IFERROR(GOOGLETRANSLATE($B546,""en"",""bn""),$B546)","=IFERROR(GOOGLETRANSLATE($B546,""en"",""ks""),$B546)",=$B546
ui_0546,Undo,"=IFERROR(GOOGLETRANSLATE($B547,""en"",""as""),$B547)","=IFERROR(GOOGLETRANSLATE($B547,""en"",""gom""),$B547)","=IFERROR(GOOGLETRANSLATE($B547,""en"",""gu""),$B547)","=IFERROR(GOOGLETRANSLATE($B547,""en"",""mr""),$B547)","=IFERROR(GOOGLETRANSLATE($B547,""en"",""mni-Mtei""),$B547)","=IFERROR(GOOGLETRANSLATE($B547,""en"",""lus""),$B547)","=IFERROR(GOOGLETRANSLATE($B547,""en"",""or""),$B547)","=IFERROR(GOOGLETRANSLATE($B547,""en"",""pa""),$B547)","=IFERROR(GOOGLETRANSLATE($B547,""en"",""ne""),$B547)","=IFERROR(GOOGLETRANSLATE($B547,""en"",""bn""),$B547)","=IFERROR(GOOGLETRANSLATE($B547,""en"",""ks""),$B547)",=$B547
ui_0547,Unlock more posters with membership,"=IFERROR(GOOGLETRANSLATE($B548,""en"",""as""),$B548)","=IFERROR(GOOGLETRANSLATE($B548,""en"",""gom""),$B548)","=IFERROR(GOOGLETRANSLATE($B548,""en"",""gu""),$B548)","=IFERROR(GOOGLETRANSLATE($B548,""en"",""mr""),$B548)","=IFERROR(GOOGLETRANSLATE($B548,""en"",""mni-Mtei""),$B548)","=IFERROR(GOOGLETRANSLATE($B548,""en"",""lus""),$B548)","=IFERROR(GOOGLETRANSLATE($B548,""en"",""or""),$B548)","=IFERROR(GOOGLETRANSLATE($B548,""en"",""pa""),$B548)","=IFERROR(GOOGLETRANSLATE($B548,""en"",""ne""),$B548)","=IFERROR(GOOGLETRANSLATE($B548,""en"",""bn""),$B548)","=IFERROR(GOOGLETRANSLATE($B548,""en"",""ks""),$B548)",=$B548
ui_0548,Unlock share & download,"=IFERROR(GOOGLETRANSLATE($B549,""en"",""as""),$B549)","=IFERROR(GOOGLETRANSLATE($B549,""en"",""gom""),$B549)","=IFERROR(GOOGLETRANSLATE($B549,""en"",""gu""),$B549)","=IFERROR(GOOGLETRANSLATE($B549,""en"",""mr""),$B549)","=IFERROR(GOOGLETRANSLATE($B549,""en"",""mni-Mtei""),$B549)","=IFERROR(GOOGLETRANSLATE($B549,""en"",""lus""),$B549)","=IFERROR(GOOGLETRANSLATE($B549,""en"",""or""),$B549)","=IFERROR(GOOGLETRANSLATE($B549,""en"",""pa""),$B549)","=IFERROR(GOOGLETRANSLATE($B549,""en"",""ne""),$B549)","=IFERROR(GOOGLETRANSLATE($B549,""en"",""bn""),$B549)","=IFERROR(GOOGLETRANSLATE($B549,""en"",""ks""),$B549)",=$B549
ui_0549,Update App,"=IFERROR(GOOGLETRANSLATE($B550,""en"",""as""),$B550)","=IFERROR(GOOGLETRANSLATE($B550,""en"",""gom""),$B550)","=IFERROR(GOOGLETRANSLATE($B550,""en"",""gu""),$B550)","=IFERROR(GOOGLETRANSLATE($B550,""en"",""mr""),$B550)","=IFERROR(GOOGLETRANSLATE($B550,""en"",""mni-Mtei""),$B550)","=IFERROR(GOOGLETRANSLATE($B550,""en"",""lus""),$B550)","=IFERROR(GOOGLETRANSLATE($B550,""en"",""or""),$B550)","=IFERROR(GOOGLETRANSLATE($B550,""en"",""pa""),$B550)","=IFERROR(GOOGLETRANSLATE($B550,""en"",""ne""),$B550)","=IFERROR(GOOGLETRANSLATE($B550,""en"",""bn""),$B550)","=IFERROR(GOOGLETRANSLATE($B550,""en"",""ks""),$B550)",=$B550
ui_0550,Upload failed. Please try again.,"=IFERROR(GOOGLETRANSLATE($B551,""en"",""as""),$B551)","=IFERROR(GOOGLETRANSLATE($B551,""en"",""gom""),$B551)","=IFERROR(GOOGLETRANSLATE($B551,""en"",""gu""),$B551)","=IFERROR(GOOGLETRANSLATE($B551,""en"",""mr""),$B551)","=IFERROR(GOOGLETRANSLATE($B551,""en"",""mni-Mtei""),$B551)","=IFERROR(GOOGLETRANSLATE($B551,""en"",""lus""),$B551)","=IFERROR(GOOGLETRANSLATE($B551,""en"",""or""),$B551)","=IFERROR(GOOGLETRANSLATE($B551,""en"",""pa""),$B551)","=IFERROR(GOOGLETRANSLATE($B551,""en"",""ne""),$B551)","=IFERROR(GOOGLETRANSLATE($B551,""en"",""bn""),$B551)","=IFERROR(GOOGLETRANSLATE($B551,""en"",""ks""),$B551)",=$B551
ui_0551,Upload is supported on mobile app only,"=IFERROR(GOOGLETRANSLATE($B552,""en"",""as""),$B552)","=IFERROR(GOOGLETRANSLATE($B552,""en"",""gom""),$B552)","=IFERROR(GOOGLETRANSLATE($B552,""en"",""gu""),$B552)","=IFERROR(GOOGLETRANSLATE($B552,""en"",""mr""),$B552)","=IFERROR(GOOGLETRANSLATE($B552,""en"",""mni-Mtei""),$B552)","=IFERROR(GOOGLETRANSLATE($B552,""en"",""lus""),$B552)","=IFERROR(GOOGLETRANSLATE($B552,""en"",""or""),$B552)","=IFERROR(GOOGLETRANSLATE($B552,""en"",""pa""),$B552)","=IFERROR(GOOGLETRANSLATE($B552,""en"",""ne""),$B552)","=IFERROR(GOOGLETRANSLATE($B552,""en"",""bn""),$B552)","=IFERROR(GOOGLETRANSLATE($B552,""en"",""ks""),$B552)",=$B552
ui_0552,Upload Poster,"=IFERROR(GOOGLETRANSLATE($B553,""en"",""as""),$B553)","=IFERROR(GOOGLETRANSLATE($B553,""en"",""gom""),$B553)","=IFERROR(GOOGLETRANSLATE($B553,""en"",""gu""),$B553)","=IFERROR(GOOGLETRANSLATE($B553,""en"",""mr""),$B553)","=IFERROR(GOOGLETRANSLATE($B553,""en"",""mni-Mtei""),$B553)","=IFERROR(GOOGLETRANSLATE($B553,""en"",""lus""),$B553)","=IFERROR(GOOGLETRANSLATE($B553,""en"",""or""),$B553)","=IFERROR(GOOGLETRANSLATE($B553,""en"",""pa""),$B553)","=IFERROR(GOOGLETRANSLATE($B553,""en"",""ne""),$B553)","=IFERROR(GOOGLETRANSLATE($B553,""en"",""bn""),$B553)","=IFERROR(GOOGLETRANSLATE($B553,""en"",""ks""),$B553)",=$B553
ui_0553,Upload Status,"=IFERROR(GOOGLETRANSLATE($B554,""en"",""as""),$B554)","=IFERROR(GOOGLETRANSLATE($B554,""en"",""gom""),$B554)","=IFERROR(GOOGLETRANSLATE($B554,""en"",""gu""),$B554)","=IFERROR(GOOGLETRANSLATE($B554,""en"",""mr""),$B554)","=IFERROR(GOOGLETRANSLATE($B554,""en"",""mni-Mtei""),$B554)","=IFERROR(GOOGLETRANSLATE($B554,""en"",""lus""),$B554)","=IFERROR(GOOGLETRANSLATE($B554,""en"",""or""),$B554)","=IFERROR(GOOGLETRANSLATE($B554,""en"",""pa""),$B554)","=IFERROR(GOOGLETRANSLATE($B554,""en"",""ne""),$B554)","=IFERROR(GOOGLETRANSLATE($B554,""en"",""bn""),$B554)","=IFERROR(GOOGLETRANSLATE($B554,""en"",""ks""),$B554)",=$B554
ui_0554,Upload submitted for review,"=IFERROR(GOOGLETRANSLATE($B555,""en"",""as""),$B555)","=IFERROR(GOOGLETRANSLATE($B555,""en"",""gom""),$B555)","=IFERROR(GOOGLETRANSLATE($B555,""en"",""gu""),$B555)","=IFERROR(GOOGLETRANSLATE($B555,""en"",""mr""),$B555)","=IFERROR(GOOGLETRANSLATE($B555,""en"",""mni-Mtei""),$B555)","=IFERROR(GOOGLETRANSLATE($B555,""en"",""lus""),$B555)","=IFERROR(GOOGLETRANSLATE($B555,""en"",""or""),$B555)","=IFERROR(GOOGLETRANSLATE($B555,""en"",""pa""),$B555)","=IFERROR(GOOGLETRANSLATE($B555,""en"",""ne""),$B555)","=IFERROR(GOOGLETRANSLATE($B555,""en"",""bn""),$B555)","=IFERROR(GOOGLETRANSLATE($B555,""en"",""ks""),$B555)",=$B555
ui_0555,Usage Terms,"=IFERROR(GOOGLETRANSLATE($B556,""en"",""as""),$B556)","=IFERROR(GOOGLETRANSLATE($B556,""en"",""gom""),$B556)","=IFERROR(GOOGLETRANSLATE($B556,""en"",""gu""),$B556)","=IFERROR(GOOGLETRANSLATE($B556,""en"",""mr""),$B556)","=IFERROR(GOOGLETRANSLATE($B556,""en"",""mni-Mtei""),$B556)","=IFERROR(GOOGLETRANSLATE($B556,""en"",""lus""),$B556)","=IFERROR(GOOGLETRANSLATE($B556,""en"",""or""),$B556)","=IFERROR(GOOGLETRANSLATE($B556,""en"",""pa""),$B556)","=IFERROR(GOOGLETRANSLATE($B556,""en"",""ne""),$B556)","=IFERROR(GOOGLETRANSLATE($B556,""en"",""bn""),$B556)","=IFERROR(GOOGLETRANSLATE($B556,""en"",""ks""),$B556)",=$B556
ui_0556,"Use this email for login problems, photo selection or upload issues, save or export problems, subscription questions, or general app support. Privacy Policy and Terms & Conditions are also available inside the app.","=IFERROR(GOOGLETRANSLATE($B557,""en"",""as""),$B557)","=IFERROR(GOOGLETRANSLATE($B557,""en"",""gom""),$B557)","=IFERROR(GOOGLETRANSLATE($B557,""en"",""gu""),$B557)","=IFERROR(GOOGLETRANSLATE($B557,""en"",""mr""),$B557)","=IFERROR(GOOGLETRANSLATE($B557,""en"",""mni-Mtei""),$B557)","=IFERROR(GOOGLETRANSLATE($B557,""en"",""lus""),$B557)","=IFERROR(GOOGLETRANSLATE($B557,""en"",""or""),$B557)","=IFERROR(GOOGLETRANSLATE($B557,""en"",""pa""),$B557)","=IFERROR(GOOGLETRANSLATE($B557,""en"",""ne""),$B557)","=IFERROR(GOOGLETRANSLATE($B557,""en"",""bn""),$B557)","=IFERROR(GOOGLETRANSLATE($B557,""en"",""ks""),$B557)",=$B557
ui_0557,User,"=IFERROR(GOOGLETRANSLATE($B558,""en"",""as""),$B558)","=IFERROR(GOOGLETRANSLATE($B558,""en"",""gom""),$B558)","=IFERROR(GOOGLETRANSLATE($B558,""en"",""gu""),$B558)","=IFERROR(GOOGLETRANSLATE($B558,""en"",""mr""),$B558)","=IFERROR(GOOGLETRANSLATE($B558,""en"",""mni-Mtei""),$B558)","=IFERROR(GOOGLETRANSLATE($B558,""en"",""lus""),$B558)","=IFERROR(GOOGLETRANSLATE($B558,""en"",""or""),$B558)","=IFERROR(GOOGLETRANSLATE($B558,""en"",""pa""),$B558)","=IFERROR(GOOGLETRANSLATE($B558,""en"",""ne""),$B558)","=IFERROR(GOOGLETRANSLATE($B558,""en"",""bn""),$B558)","=IFERROR(GOOGLETRANSLATE($B558,""en"",""ks""),$B558)",=$B558
ui_0558,"Users may submit an image, quote text, or both for manager review. We may process the uploaded media, quote text, selected region, selected or manager-corrected category, political party category where applicable, upload time, applicable visibility date, review status, rejection reason, contribution share/download counts, and related moderation history. Quote-only submissions are not guaranteed to be published as raw text; a manager may use the quote as reference, create or customize a poster image, and upload it to the appropriate category. Approved posters may become visible to other users in the selected or manager-corrected category. Managers and admins may review, reject, edit, delay, remove, or retain pending, rejected, or policy-violating uploads as part of moderation and record-keeping.","=IFERROR(GOOGLETRANSLATE($B559,""en"",""as""),$B559)","=IFERROR(GOOGLETRANSLATE($B559,""en"",""gom""),$B559)","=IFERROR(GOOGLETRANSLATE($B559,""en"",""gu""),$B559)","=IFERROR(GOOGLETRANSLATE($B559,""en"",""mr""),$B559)","=IFERROR(GOOGLETRANSLATE($B559,""en"",""mni-Mtei""),$B559)","=IFERROR(GOOGLETRANSLATE($B559,""en"",""lus""),$B559)","=IFERROR(GOOGLETRANSLATE($B559,""en"",""or""),$B559)","=IFERROR(GOOGLETRANSLATE($B559,""en"",""pa""),$B559)","=IFERROR(GOOGLETRANSLATE($B559,""en"",""ne""),$B559)","=IFERROR(GOOGLETRANSLATE($B559,""en"",""bn""),$B559)","=IFERROR(GOOGLETRANSLATE($B559,""en"",""ks""),$B559)",=$B559
ui_0559,Using the App,"=IFERROR(GOOGLETRANSLATE($B560,""en"",""as""),$B560)","=IFERROR(GOOGLETRANSLATE($B560,""en"",""gom""),$B560)","=IFERROR(GOOGLETRANSLATE($B560,""en"",""gu""),$B560)","=IFERROR(GOOGLETRANSLATE($B560,""en"",""mr""),$B560)","=IFERROR(GOOGLETRANSLATE($B560,""en"",""mni-Mtei""),$B560)","=IFERROR(GOOGLETRANSLATE($B560,""en"",""lus""),$B560)","=IFERROR(GOOGLETRANSLATE($B560,""en"",""or""),$B560)","=IFERROR(GOOGLETRANSLATE($B560,""en"",""pa""),$B560)","=IFERROR(GOOGLETRANSLATE($B560,""en"",""ne""),$B560)","=IFERROR(GOOGLETRANSLATE($B560,""en"",""bn""),$B560)","=IFERROR(GOOGLETRANSLATE($B560,""en"",""ks""),$B560)",=$B560
ui_0560,Verification data is missing. Try restore.,"=IFERROR(GOOGLETRANSLATE($B561,""en"",""as""),$B561)","=IFERROR(GOOGLETRANSLATE($B561,""en"",""gom""),$B561)","=IFERROR(GOOGLETRANSLATE($B561,""en"",""gu""),$B561)","=IFERROR(GOOGLETRANSLATE($B561,""en"",""mr""),$B561)","=IFERROR(GOOGLETRANSLATE($B561,""en"",""mni-Mtei""),$B561)","=IFERROR(GOOGLETRANSLATE($B561,""en"",""lus""),$B561)","=IFERROR(GOOGLETRANSLATE($B561,""en"",""or""),$B561)","=IFERROR(GOOGLETRANSLATE($B561,""en"",""pa""),$B561)","=IFERROR(GOOGLETRANSLATE($B561,""en"",""ne""),$B561)","=IFERROR(GOOGLETRANSLATE($B561,""en"",""bn""),$B561)","=IFERROR(GOOGLETRANSLATE($B561,""en"",""ks""),$B561)",=$B561
ui_0561,Verification failed,"=IFERROR(GOOGLETRANSLATE($B562,""en"",""as""),$B562)","=IFERROR(GOOGLETRANSLATE($B562,""en"",""gom""),$B562)","=IFERROR(GOOGLETRANSLATE($B562,""en"",""gu""),$B562)","=IFERROR(GOOGLETRANSLATE($B562,""en"",""mr""),$B562)","=IFERROR(GOOGLETRANSLATE($B562,""en"",""mni-Mtei""),$B562)","=IFERROR(GOOGLETRANSLATE($B562,""en"",""lus""),$B562)","=IFERROR(GOOGLETRANSLATE($B562,""en"",""or""),$B562)","=IFERROR(GOOGLETRANSLATE($B562,""en"",""pa""),$B562)","=IFERROR(GOOGLETRANSLATE($B562,""en"",""ne""),$B562)","=IFERROR(GOOGLETRANSLATE($B562,""en"",""bn""),$B562)","=IFERROR(GOOGLETRANSLATE($B562,""en"",""ks""),$B562)",=$B562
ui_0562,Version,"=IFERROR(GOOGLETRANSLATE($B563,""en"",""as""),$B563)","=IFERROR(GOOGLETRANSLATE($B563,""en"",""gom""),$B563)","=IFERROR(GOOGLETRANSLATE($B563,""en"",""gu""),$B563)","=IFERROR(GOOGLETRANSLATE($B563,""en"",""mr""),$B563)","=IFERROR(GOOGLETRANSLATE($B563,""en"",""mni-Mtei""),$B563)","=IFERROR(GOOGLETRANSLATE($B563,""en"",""lus""),$B563)","=IFERROR(GOOGLETRANSLATE($B563,""en"",""or""),$B563)","=IFERROR(GOOGLETRANSLATE($B563,""en"",""pa""),$B563)","=IFERROR(GOOGLETRANSLATE($B563,""en"",""ne""),$B563)","=IFERROR(GOOGLETRANSLATE($B563,""en"",""bn""),$B563)","=IFERROR(GOOGLETRANSLATE($B563,""en"",""ks""),$B563)",=$B563
ui_0563,Vertical Spacing,"=IFERROR(GOOGLETRANSLATE($B564,""en"",""as""),$B564)","=IFERROR(GOOGLETRANSLATE($B564,""en"",""gom""),$B564)","=IFERROR(GOOGLETRANSLATE($B564,""en"",""gu""),$B564)","=IFERROR(GOOGLETRANSLATE($B564,""en"",""mr""),$B564)","=IFERROR(GOOGLETRANSLATE($B564,""en"",""mni-Mtei""),$B564)","=IFERROR(GOOGLETRANSLATE($B564,""en"",""lus""),$B564)","=IFERROR(GOOGLETRANSLATE($B564,""en"",""or""),$B564)","=IFERROR(GOOGLETRANSLATE($B564,""en"",""pa""),$B564)","=IFERROR(GOOGLETRANSLATE($B564,""en"",""ne""),$B564)","=IFERROR(GOOGLETRANSLATE($B564,""en"",""bn""),$B564)","=IFERROR(GOOGLETRANSLATE($B564,""en"",""ks""),$B564)",=$B564
ui_0564,Video unavailable,"=IFERROR(GOOGLETRANSLATE($B565,""en"",""as""),$B565)","=IFERROR(GOOGLETRANSLATE($B565,""en"",""gom""),$B565)","=IFERROR(GOOGLETRANSLATE($B565,""en"",""gu""),$B565)","=IFERROR(GOOGLETRANSLATE($B565,""en"",""mr""),$B565)","=IFERROR(GOOGLETRANSLATE($B565,""en"",""mni-Mtei""),$B565)","=IFERROR(GOOGLETRANSLATE($B565,""en"",""lus""),$B565)","=IFERROR(GOOGLETRANSLATE($B565,""en"",""or""),$B565)","=IFERROR(GOOGLETRANSLATE($B565,""en"",""pa""),$B565)","=IFERROR(GOOGLETRANSLATE($B565,""en"",""ne""),$B565)","=IFERROR(GOOGLETRANSLATE($B565,""en"",""bn""),$B565)","=IFERROR(GOOGLETRANSLATE($B565,""en"",""ks""),$B565)",=$B565
ui_0565,View Privacy Policy,"=IFERROR(GOOGLETRANSLATE($B566,""en"",""as""),$B566)","=IFERROR(GOOGLETRANSLATE($B566,""en"",""gom""),$B566)","=IFERROR(GOOGLETRANSLATE($B566,""en"",""gu""),$B566)","=IFERROR(GOOGLETRANSLATE($B566,""en"",""mr""),$B566)","=IFERROR(GOOGLETRANSLATE($B566,""en"",""mni-Mtei""),$B566)","=IFERROR(GOOGLETRANSLATE($B566,""en"",""lus""),$B566)","=IFERROR(GOOGLETRANSLATE($B566,""en"",""or""),$B566)","=IFERROR(GOOGLETRANSLATE($B566,""en"",""pa""),$B566)","=IFERROR(GOOGLETRANSLATE($B566,""en"",""ne""),$B566)","=IFERROR(GOOGLETRANSLATE($B566,""en"",""bn""),$B566)","=IFERROR(GOOGLETRANSLATE($B566,""en"",""ks""),$B566)",=$B566
ui_0566,View Terms & Conditions,"=IFERROR(GOOGLETRANSLATE($B567,""en"",""as""),$B567)","=IFERROR(GOOGLETRANSLATE($B567,""en"",""gom""),$B567)","=IFERROR(GOOGLETRANSLATE($B567,""en"",""gu""),$B567)","=IFERROR(GOOGLETRANSLATE($B567,""en"",""mr""),$B567)","=IFERROR(GOOGLETRANSLATE($B567,""en"",""mni-Mtei""),$B567)","=IFERROR(GOOGLETRANSLATE($B567,""en"",""lus""),$B567)","=IFERROR(GOOGLETRANSLATE($B567,""en"",""or""),$B567)","=IFERROR(GOOGLETRANSLATE($B567,""en"",""pa""),$B567)","=IFERROR(GOOGLETRANSLATE($B567,""en"",""ne""),$B567)","=IFERROR(GOOGLETRANSLATE($B567,""en"",""bn""),$B567)","=IFERROR(GOOGLETRANSLATE($B567,""en"",""ks""),$B567)",=$B567
ui_0567,Violence or dangerous content,"=IFERROR(GOOGLETRANSLATE($B568,""en"",""as""),$B568)","=IFERROR(GOOGLETRANSLATE($B568,""en"",""gom""),$B568)","=IFERROR(GOOGLETRANSLATE($B568,""en"",""gu""),$B568)","=IFERROR(GOOGLETRANSLATE($B568,""en"",""mr""),$B568)","=IFERROR(GOOGLETRANSLATE($B568,""en"",""mni-Mtei""),$B568)","=IFERROR(GOOGLETRANSLATE($B568,""en"",""lus""),$B568)","=IFERROR(GOOGLETRANSLATE($B568,""en"",""or""),$B568)","=IFERROR(GOOGLETRANSLATE($B568,""en"",""pa""),$B568)","=IFERROR(GOOGLETRANSLATE($B568,""en"",""ne""),$B568)","=IFERROR(GOOGLETRANSLATE($B568,""en"",""bn""),$B568)","=IFERROR(GOOGLETRANSLATE($B568,""en"",""ks""),$B568)",=$B568
ui_0568,Watch the full ad to unlock Telugu fonts,"=IFERROR(GOOGLETRANSLATE($B569,""en"",""as""),$B569)","=IFERROR(GOOGLETRANSLATE($B569,""en"",""gom""),$B569)","=IFERROR(GOOGLETRANSLATE($B569,""en"",""gu""),$B569)","=IFERROR(GOOGLETRANSLATE($B569,""en"",""mr""),$B569)","=IFERROR(GOOGLETRANSLATE($B569,""en"",""mni-Mtei""),$B569)","=IFERROR(GOOGLETRANSLATE($B569,""en"",""lus""),$B569)","=IFERROR(GOOGLETRANSLATE($B569,""en"",""or""),$B569)","=IFERROR(GOOGLETRANSLATE($B569,""en"",""pa""),$B569)","=IFERROR(GOOGLETRANSLATE($B569,""en"",""ne""),$B569)","=IFERROR(GOOGLETRANSLATE($B569,""en"",""bn""),$B569)","=IFERROR(GOOGLETRANSLATE($B569,""en"",""ks""),$B569)",=$B569
ui_0569,Watch the full ad to use Remove BG,"=IFERROR(GOOGLETRANSLATE($B570,""en"",""as""),$B570)","=IFERROR(GOOGLETRANSLATE($B570,""en"",""gom""),$B570)","=IFERROR(GOOGLETRANSLATE($B570,""en"",""gu""),$B570)","=IFERROR(GOOGLETRANSLATE($B570,""en"",""mr""),$B570)","=IFERROR(GOOGLETRANSLATE($B570,""en"",""mni-Mtei""),$B570)","=IFERROR(GOOGLETRANSLATE($B570,""en"",""lus""),$B570)","=IFERROR(GOOGLETRANSLATE($B570,""en"",""or""),$B570)","=IFERROR(GOOGLETRANSLATE($B570,""en"",""pa""),$B570)","=IFERROR(GOOGLETRANSLATE($B570,""en"",""ne""),$B570)","=IFERROR(GOOGLETRANSLATE($B570,""en"",""bn""),$B570)","=IFERROR(GOOGLETRANSLATE($B570,""en"",""ks""),$B570)",=$B570
ui_0570,"We collect your email address, name, Firebase UID, Google Sign-In details, profile photo, logo, poster profile details, business name, WhatsApp number, selected State/Union Territory, selected app language, selected political party categories, notification token, subscription status, referral code, referral attribution details, and billing information needed for purchase verification.","=IFERROR(GOOGLETRANSLATE($B571,""en"",""as""),$B571)","=IFERROR(GOOGLETRANSLATE($B571,""en"",""gom""),$B571)","=IFERROR(GOOGLETRANSLATE($B571,""en"",""gu""),$B571)","=IFERROR(GOOGLETRANSLATE($B571,""en"",""mr""),$B571)","=IFERROR(GOOGLETRANSLATE($B571,""en"",""mni-Mtei""),$B571)","=IFERROR(GOOGLETRANSLATE($B571,""en"",""lus""),$B571)","=IFERROR(GOOGLETRANSLATE($B571,""en"",""or""),$B571)","=IFERROR(GOOGLETRANSLATE($B571,""en"",""pa""),$B571)","=IFERROR(GOOGLETRANSLATE($B571,""en"",""ne""),$B571)","=IFERROR(GOOGLETRANSLATE($B571,""en"",""bn""),$B571)","=IFERROR(GOOGLETRANSLATE($B571,""en"",""ks""),$B571)",=$B571
ui_0571,"We do not sell personal data. Data may be shared only with essential service providers, lawful authorities, or where reasonably necessary for billing, moderation, fraud prevention, security, or legal compliance.","=IFERROR(GOOGLETRANSLATE($B572,""en"",""as""),$B572)","=IFERROR(GOOGLETRANSLATE($B572,""en"",""gom""),$B572)","=IFERROR(GOOGLETRANSLATE($B572,""en"",""gu""),$B572)","=IFERROR(GOOGLETRANSLATE($B572,""en"",""mr""),$B572)","=IFERROR(GOOGLETRANSLATE($B572,""en"",""mni-Mtei""),$B572)","=IFERROR(GOOGLETRANSLATE($B572,""en"",""lus""),$B572)","=IFERROR(GOOGLETRANSLATE($B572,""en"",""or""),$B572)","=IFERROR(GOOGLETRANSLATE($B572,""en"",""pa""),$B572)","=IFERROR(GOOGLETRANSLATE($B572,""en"",""ne""),$B572)","=IFERROR(GOOGLETRANSLATE($B572,""en"",""bn""),$B572)","=IFERROR(GOOGLETRANSLATE($B572,""en"",""ks""),$B572)",=$B572
ui_0572,"We use this data for login, account security, region-based language selection, showing relevant poster categories, poster personalization, save and export flows, notification delivery, subscription verification, purchase restoration, referral rewards, abuse prevention, and customer support.","=IFERROR(GOOGLETRANSLATE($B573,""en"",""as""),$B573)","=IFERROR(GOOGLETRANSLATE($B573,""en"",""gom""),$B573)","=IFERROR(GOOGLETRANSLATE($B573,""en"",""gu""),$B573)","=IFERROR(GOOGLETRANSLATE($B573,""en"",""mr""),$B573)","=IFERROR(GOOGLETRANSLATE($B573,""en"",""mni-Mtei""),$B573)","=IFERROR(GOOGLETRANSLATE($B573,""en"",""lus""),$B573)","=IFERROR(GOOGLETRANSLATE($B573,""en"",""or""),$B573)","=IFERROR(GOOGLETRANSLATE($B573,""en"",""pa""),$B573)","=IFERROR(GOOGLETRANSLATE($B573,""en"",""ne""),$B573)","=IFERROR(GOOGLETRANSLATE($B573,""en"",""bn""),$B573)","=IFERROR(GOOGLETRANSLATE($B573,""en"",""ks""),$B573)",=$B573
ui_0573,Welcome to Mana Poster Ai,"=IFERROR(GOOGLETRANSLATE($B574,""en"",""as""),$B574)","=IFERROR(GOOGLETRANSLATE($B574,""en"",""gom""),$B574)","=IFERROR(GOOGLETRANSLATE($B574,""en"",""gu""),$B574)","=IFERROR(GOOGLETRANSLATE($B574,""en"",""mr""),$B574)","=IFERROR(GOOGLETRANSLATE($B574,""en"",""mni-Mtei""),$B574)","=IFERROR(GOOGLETRANSLATE($B574,""en"",""lus""),$B574)","=IFERROR(GOOGLETRANSLATE($B574,""en"",""or""),$B574)","=IFERROR(GOOGLETRANSLATE($B574,""en"",""pa""),$B574)","=IFERROR(GOOGLETRANSLATE($B574,""en"",""ne""),$B574)","=IFERROR(GOOGLETRANSLATE($B574,""en"",""bn""),$B574)","=IFERROR(GOOGLETRANSLATE($B574,""en"",""ks""),$B574)",=$B574
ui_0574,What this app does,"=IFERROR(GOOGLETRANSLATE($B575,""en"",""as""),$B575)","=IFERROR(GOOGLETRANSLATE($B575,""en"",""gom""),$B575)","=IFERROR(GOOGLETRANSLATE($B575,""en"",""gu""),$B575)","=IFERROR(GOOGLETRANSLATE($B575,""en"",""mr""),$B575)","=IFERROR(GOOGLETRANSLATE($B575,""en"",""mni-Mtei""),$B575)","=IFERROR(GOOGLETRANSLATE($B575,""en"",""lus""),$B575)","=IFERROR(GOOGLETRANSLATE($B575,""en"",""or""),$B575)","=IFERROR(GOOGLETRANSLATE($B575,""en"",""pa""),$B575)","=IFERROR(GOOGLETRANSLATE($B575,""en"",""ne""),$B575)","=IFERROR(GOOGLETRANSLATE($B575,""en"",""bn""),$B575)","=IFERROR(GOOGLETRANSLATE($B575,""en"",""ks""),$B575)",=$B575
ui_0575,What We Collect,"=IFERROR(GOOGLETRANSLATE($B576,""en"",""as""),$B576)","=IFERROR(GOOGLETRANSLATE($B576,""en"",""gom""),$B576)","=IFERROR(GOOGLETRANSLATE($B576,""en"",""gu""),$B576)","=IFERROR(GOOGLETRANSLATE($B576,""en"",""mr""),$B576)","=IFERROR(GOOGLETRANSLATE($B576,""en"",""mni-Mtei""),$B576)","=IFERROR(GOOGLETRANSLATE($B576,""en"",""lus""),$B576)","=IFERROR(GOOGLETRANSLATE($B576,""en"",""or""),$B576)","=IFERROR(GOOGLETRANSLATE($B576,""en"",""pa""),$B576)","=IFERROR(GOOGLETRANSLATE($B576,""en"",""ne""),$B576)","=IFERROR(GOOGLETRANSLATE($B576,""en"",""bn""),$B576)","=IFERROR(GOOGLETRANSLATE($B576,""en"",""ks""),$B576)",=$B576
ui_0576,"When a status is uploaded, it is stored temporarily in the backend and shown to same-region/religion users; active uploads are limited to 5 text statuses and 2 image/image + caption statuses in 24 hours; other users can reply/comment, and the owner can swipe up to view replies.","=IFERROR(GOOGLETRANSLATE($B577,""en"",""as""),$B577)","=IFERROR(GOOGLETRANSLATE($B577,""en"",""gom""),$B577)","=IFERROR(GOOGLETRANSLATE($B577,""en"",""gu""),$B577)","=IFERROR(GOOGLETRANSLATE($B577,""en"",""mr""),$B577)","=IFERROR(GOOGLETRANSLATE($B577,""en"",""mni-Mtei""),$B577)","=IFERROR(GOOGLETRANSLATE($B577,""en"",""lus""),$B577)","=IFERROR(GOOGLETRANSLATE($B577,""en"",""or""),$B577)","=IFERROR(GOOGLETRANSLATE($B577,""en"",""pa""),$B577)","=IFERROR(GOOGLETRANSLATE($B577,""en"",""ne""),$B577)","=IFERROR(GOOGLETRANSLATE($B577,""en"",""bn""),$B577)","=IFERROR(GOOGLETRANSLATE($B577,""en"",""ks""),$B577)",=$B577
ui_0577,"When you select a State or Union Territory, the app may apply the primary language for that region. Your selected region, language, and political party category preferences may be saved locally and synced with your signed-in account. These choices are used for home categories, dashboard upload matching, personalization, and support. You can update these choices from settings/profile.","=IFERROR(GOOGLETRANSLATE($B578,""en"",""as""),$B578)","=IFERROR(GOOGLETRANSLATE($B578,""en"",""gom""),$B578)","=IFERROR(GOOGLETRANSLATE($B578,""en"",""gu""),$B578)","=IFERROR(GOOGLETRANSLATE($B578,""en"",""mr""),$B578)","=IFERROR(GOOGLETRANSLATE($B578,""en"",""mni-Mtei""),$B578)","=IFERROR(GOOGLETRANSLATE($B578,""en"",""lus""),$B578)","=IFERROR(GOOGLETRANSLATE($B578,""en"",""or""),$B578)","=IFERROR(GOOGLETRANSLATE($B578,""en"",""pa""),$B578)","=IFERROR(GOOGLETRANSLATE($B578,""en"",""ne""),$B578)","=IFERROR(GOOGLETRANSLATE($B578,""en"",""bn""),$B578)","=IFERROR(GOOGLETRANSLATE($B578,""en"",""ks""),$B578)",=$B578
ui_0578,White,"=IFERROR(GOOGLETRANSLATE($B579,""en"",""as""),$B579)","=IFERROR(GOOGLETRANSLATE($B579,""en"",""gom""),$B579)","=IFERROR(GOOGLETRANSLATE($B579,""en"",""gu""),$B579)","=IFERROR(GOOGLETRANSLATE($B579,""en"",""mr""),$B579)","=IFERROR(GOOGLETRANSLATE($B579,""en"",""mni-Mtei""),$B579)","=IFERROR(GOOGLETRANSLATE($B579,""en"",""lus""),$B579)","=IFERROR(GOOGLETRANSLATE($B579,""en"",""or""),$B579)","=IFERROR(GOOGLETRANSLATE($B579,""en"",""pa""),$B579)","=IFERROR(GOOGLETRANSLATE($B579,""en"",""ne""),$B579)","=IFERROR(GOOGLETRANSLATE($B579,""en"",""bn""),$B579)","=IFERROR(GOOGLETRANSLATE($B579,""en"",""ks""),$B579)",=$B579
ui_0579,Who it is for,"=IFERROR(GOOGLETRANSLATE($B580,""en"",""as""),$B580)","=IFERROR(GOOGLETRANSLATE($B580,""en"",""gom""),$B580)","=IFERROR(GOOGLETRANSLATE($B580,""en"",""gu""),$B580)","=IFERROR(GOOGLETRANSLATE($B580,""en"",""mr""),$B580)","=IFERROR(GOOGLETRANSLATE($B580,""en"",""mni-Mtei""),$B580)","=IFERROR(GOOGLETRANSLATE($B580,""en"",""lus""),$B580)","=IFERROR(GOOGLETRANSLATE($B580,""en"",""or""),$B580)","=IFERROR(GOOGLETRANSLATE($B580,""en"",""pa""),$B580)","=IFERROR(GOOGLETRANSLATE($B580,""en"",""ne""),$B580)","=IFERROR(GOOGLETRANSLATE($B580,""en"",""bn""),$B580)","=IFERROR(GOOGLETRANSLATE($B580,""en"",""ks""),$B580)",=$B580
ui_0580,Width,"=IFERROR(GOOGLETRANSLATE($B581,""en"",""as""),$B581)","=IFERROR(GOOGLETRANSLATE($B581,""en"",""gom""),$B581)","=IFERROR(GOOGLETRANSLATE($B581,""en"",""gu""),$B581)","=IFERROR(GOOGLETRANSLATE($B581,""en"",""mr""),$B581)","=IFERROR(GOOGLETRANSLATE($B581,""en"",""mni-Mtei""),$B581)","=IFERROR(GOOGLETRANSLATE($B581,""en"",""lus""),$B581)","=IFERROR(GOOGLETRANSLATE($B581,""en"",""or""),$B581)","=IFERROR(GOOGLETRANSLATE($B581,""en"",""pa""),$B581)","=IFERROR(GOOGLETRANSLATE($B581,""en"",""ne""),$B581)","=IFERROR(GOOGLETRANSLATE($B581,""en"",""bn""),$B581)","=IFERROR(GOOGLETRANSLATE($B581,""en"",""ks""),$B581)",=$B581
ui_0581,World First Aid Day,"=IFERROR(GOOGLETRANSLATE($B582,""en"",""as""),$B582)","=IFERROR(GOOGLETRANSLATE($B582,""en"",""gom""),$B582)","=IFERROR(GOOGLETRANSLATE($B582,""en"",""gu""),$B582)","=IFERROR(GOOGLETRANSLATE($B582,""en"",""mr""),$B582)","=IFERROR(GOOGLETRANSLATE($B582,""en"",""mni-Mtei""),$B582)","=IFERROR(GOOGLETRANSLATE($B582,""en"",""lus""),$B582)","=IFERROR(GOOGLETRANSLATE($B582,""en"",""or""),$B582)","=IFERROR(GOOGLETRANSLATE($B582,""en"",""pa""),$B582)","=IFERROR(GOOGLETRANSLATE($B582,""en"",""ne""),$B582)","=IFERROR(GOOGLETRANSLATE($B582,""en"",""bn""),$B582)","=IFERROR(GOOGLETRANSLATE($B582,""en"",""ks""),$B582)",=$B582
ui_0582,World Habitat Day,"=IFERROR(GOOGLETRANSLATE($B583,""en"",""as""),$B583)","=IFERROR(GOOGLETRANSLATE($B583,""en"",""gom""),$B583)","=IFERROR(GOOGLETRANSLATE($B583,""en"",""gu""),$B583)","=IFERROR(GOOGLETRANSLATE($B583,""en"",""mr""),$B583)","=IFERROR(GOOGLETRANSLATE($B583,""en"",""mni-Mtei""),$B583)","=IFERROR(GOOGLETRANSLATE($B583,""en"",""lus""),$B583)","=IFERROR(GOOGLETRANSLATE($B583,""en"",""or""),$B583)","=IFERROR(GOOGLETRANSLATE($B583,""en"",""pa""),$B583)","=IFERROR(GOOGLETRANSLATE($B583,""en"",""ne""),$B583)","=IFERROR(GOOGLETRANSLATE($B583,""en"",""bn""),$B583)","=IFERROR(GOOGLETRANSLATE($B583,""en"",""ks""),$B583)",=$B583
ui_0583,World Laughter Day,"=IFERROR(GOOGLETRANSLATE($B584,""en"",""as""),$B584)","=IFERROR(GOOGLETRANSLATE($B584,""en"",""gom""),$B584)","=IFERROR(GOOGLETRANSLATE($B584,""en"",""gu""),$B584)","=IFERROR(GOOGLETRANSLATE($B584,""en"",""mr""),$B584)","=IFERROR(GOOGLETRANSLATE($B584,""en"",""mni-Mtei""),$B584)","=IFERROR(GOOGLETRANSLATE($B584,""en"",""lus""),$B584)","=IFERROR(GOOGLETRANSLATE($B584,""en"",""or""),$B584)","=IFERROR(GOOGLETRANSLATE($B584,""en"",""pa""),$B584)","=IFERROR(GOOGLETRANSLATE($B584,""en"",""ne""),$B584)","=IFERROR(GOOGLETRANSLATE($B584,""en"",""bn""),$B584)","=IFERROR(GOOGLETRANSLATE($B584,""en"",""ks""),$B584)",=$B584
ui_0584,World Pangolin Day,"=IFERROR(GOOGLETRANSLATE($B585,""en"",""as""),$B585)","=IFERROR(GOOGLETRANSLATE($B585,""en"",""gom""),$B585)","=IFERROR(GOOGLETRANSLATE($B585,""en"",""gu""),$B585)","=IFERROR(GOOGLETRANSLATE($B585,""en"",""mr""),$B585)","=IFERROR(GOOGLETRANSLATE($B585,""en"",""mni-Mtei""),$B585)","=IFERROR(GOOGLETRANSLATE($B585,""en"",""lus""),$B585)","=IFERROR(GOOGLETRANSLATE($B585,""en"",""or""),$B585)","=IFERROR(GOOGLETRANSLATE($B585,""en"",""pa""),$B585)","=IFERROR(GOOGLETRANSLATE($B585,""en"",""ne""),$B585)","=IFERROR(GOOGLETRANSLATE($B585,""en"",""bn""),$B585)","=IFERROR(GOOGLETRANSLATE($B585,""en"",""ks""),$B585)",=$B585
ui_0585,World Rivers Day,"=IFERROR(GOOGLETRANSLATE($B586,""en"",""as""),$B586)","=IFERROR(GOOGLETRANSLATE($B586,""en"",""gom""),$B586)","=IFERROR(GOOGLETRANSLATE($B586,""en"",""gu""),$B586)","=IFERROR(GOOGLETRANSLATE($B586,""en"",""mr""),$B586)","=IFERROR(GOOGLETRANSLATE($B586,""en"",""mni-Mtei""),$B586)","=IFERROR(GOOGLETRANSLATE($B586,""en"",""lus""),$B586)","=IFERROR(GOOGLETRANSLATE($B586,""en"",""or""),$B586)","=IFERROR(GOOGLETRANSLATE($B586,""en"",""pa""),$B586)","=IFERROR(GOOGLETRANSLATE($B586,""en"",""ne""),$B586)","=IFERROR(GOOGLETRANSLATE($B586,""en"",""bn""),$B586)","=IFERROR(GOOGLETRANSLATE($B586,""en"",""ks""),$B586)",=$B586
ui_0586,Write your quote (optional),"=IFERROR(GOOGLETRANSLATE($B587,""en"",""as""),$B587)","=IFERROR(GOOGLETRANSLATE($B587,""en"",""gom""),$B587)","=IFERROR(GOOGLETRANSLATE($B587,""en"",""gu""),$B587)","=IFERROR(GOOGLETRANSLATE($B587,""en"",""mr""),$B587)","=IFERROR(GOOGLETRANSLATE($B587,""en"",""mni-Mtei""),$B587)","=IFERROR(GOOGLETRANSLATE($B587,""en"",""lus""),$B587)","=IFERROR(GOOGLETRANSLATE($B587,""en"",""or""),$B587)","=IFERROR(GOOGLETRANSLATE($B587,""en"",""pa""),$B587)","=IFERROR(GOOGLETRANSLATE($B587,""en"",""ne""),$B587)","=IFERROR(GOOGLETRANSLATE($B587,""en"",""bn""),$B587)","=IFERROR(GOOGLETRANSLATE($B587,""en"",""ks""),$B587)",=$B587
ui_0587,Write your quote or message here...,"=IFERROR(GOOGLETRANSLATE($B588,""en"",""as""),$B588)","=IFERROR(GOOGLETRANSLATE($B588,""en"",""gom""),$B588)","=IFERROR(GOOGLETRANSLATE($B588,""en"",""gu""),$B588)","=IFERROR(GOOGLETRANSLATE($B588,""en"",""mr""),$B588)","=IFERROR(GOOGLETRANSLATE($B588,""en"",""mni-Mtei""),$B588)","=IFERROR(GOOGLETRANSLATE($B588,""en"",""lus""),$B588)","=IFERROR(GOOGLETRANSLATE($B588,""en"",""or""),$B588)","=IFERROR(GOOGLETRANSLATE($B588,""en"",""pa""),$B588)","=IFERROR(GOOGLETRANSLATE($B588,""en"",""ne""),$B588)","=IFERROR(GOOGLETRANSLATE($B588,""en"",""bn""),$B588)","=IFERROR(GOOGLETRANSLATE($B588,""en"",""ks""),$B588)",=$B588
ui_0588,"Yes, export","=IFERROR(GOOGLETRANSLATE($B589,""en"",""as""),$B589)","=IFERROR(GOOGLETRANSLATE($B589,""en"",""gom""),$B589)","=IFERROR(GOOGLETRANSLATE($B589,""en"",""gu""),$B589)","=IFERROR(GOOGLETRANSLATE($B589,""en"",""mr""),$B589)","=IFERROR(GOOGLETRANSLATE($B589,""en"",""mni-Mtei""),$B589)","=IFERROR(GOOGLETRANSLATE($B589,""en"",""lus""),$B589)","=IFERROR(GOOGLETRANSLATE($B589,""en"",""or""),$B589)","=IFERROR(GOOGLETRANSLATE($B589,""en"",""pa""),$B589)","=IFERROR(GOOGLETRANSLATE($B589,""en"",""ne""),$B589)","=IFERROR(GOOGLETRANSLATE($B589,""en"",""bn""),$B589)","=IFERROR(GOOGLETRANSLATE($B589,""en"",""ks""),$B589)",=$B589
ui_0589,You can allow them later in settings.,"=IFERROR(GOOGLETRANSLATE($B590,""en"",""as""),$B590)","=IFERROR(GOOGLETRANSLATE($B590,""en"",""gom""),$B590)","=IFERROR(GOOGLETRANSLATE($B590,""en"",""gu""),$B590)","=IFERROR(GOOGLETRANSLATE($B590,""en"",""mr""),$B590)","=IFERROR(GOOGLETRANSLATE($B590,""en"",""mni-Mtei""),$B590)","=IFERROR(GOOGLETRANSLATE($B590,""en"",""lus""),$B590)","=IFERROR(GOOGLETRANSLATE($B590,""en"",""or""),$B590)","=IFERROR(GOOGLETRANSLATE($B590,""en"",""pa""),$B590)","=IFERROR(GOOGLETRANSLATE($B590,""en"",""ne""),$B590)","=IFERROR(GOOGLETRANSLATE($B590,""en"",""bn""),$B590)","=IFERROR(GOOGLETRANSLATE($B590,""en"",""ks""),$B590)",=$B590
ui_0590,You can enable permissions later from Settings as well.,"=IFERROR(GOOGLETRANSLATE($B591,""en"",""as""),$B591)","=IFERROR(GOOGLETRANSLATE($B591,""en"",""gom""),$B591)","=IFERROR(GOOGLETRANSLATE($B591,""en"",""gu""),$B591)","=IFERROR(GOOGLETRANSLATE($B591,""en"",""mr""),$B591)","=IFERROR(GOOGLETRANSLATE($B591,""en"",""mni-Mtei""),$B591)","=IFERROR(GOOGLETRANSLATE($B591,""en"",""lus""),$B591)","=IFERROR(GOOGLETRANSLATE($B591,""en"",""or""),$B591)","=IFERROR(GOOGLETRANSLATE($B591,""en"",""pa""),$B591)","=IFERROR(GOOGLETRANSLATE($B591,""en"",""ne""),$B591)","=IFERROR(GOOGLETRANSLATE($B591,""en"",""bn""),$B591)","=IFERROR(GOOGLETRANSLATE($B591,""en"",""ks""),$B591)",=$B591
ui_0591,"You can first save your name, photo, and business details in the profile section.","=IFERROR(GOOGLETRANSLATE($B592,""en"",""as""),$B592)","=IFERROR(GOOGLETRANSLATE($B592,""en"",""gom""),$B592)","=IFERROR(GOOGLETRANSLATE($B592,""en"",""gu""),$B592)","=IFERROR(GOOGLETRANSLATE($B592,""en"",""mr""),$B592)","=IFERROR(GOOGLETRANSLATE($B592,""en"",""mni-Mtei""),$B592)","=IFERROR(GOOGLETRANSLATE($B592,""en"",""lus""),$B592)","=IFERROR(GOOGLETRANSLATE($B592,""en"",""or""),$B592)","=IFERROR(GOOGLETRANSLATE($B592,""en"",""pa""),$B592)","=IFERROR(GOOGLETRANSLATE($B592,""en"",""ne""),$B592)","=IFERROR(GOOGLETRANSLATE($B592,""en"",""bn""),$B592)","=IFERROR(GOOGLETRANSLATE($B592,""en"",""ks""),$B592)",=$B592
ui_0592,You can submit your account deletion request here,"=IFERROR(GOOGLETRANSLATE($B593,""en"",""as""),$B593)","=IFERROR(GOOGLETRANSLATE($B593,""en"",""gom""),$B593)","=IFERROR(GOOGLETRANSLATE($B593,""en"",""gu""),$B593)","=IFERROR(GOOGLETRANSLATE($B593,""en"",""mr""),$B593)","=IFERROR(GOOGLETRANSLATE($B593,""en"",""mni-Mtei""),$B593)","=IFERROR(GOOGLETRANSLATE($B593,""en"",""lus""),$B593)","=IFERROR(GOOGLETRANSLATE($B593,""en"",""or""),$B593)","=IFERROR(GOOGLETRANSLATE($B593,""en"",""pa""),$B593)","=IFERROR(GOOGLETRANSLATE($B593,""en"",""ne""),$B593)","=IFERROR(GOOGLETRANSLATE($B593,""en"",""bn""),$B593)","=IFERROR(GOOGLETRANSLATE($B593,""en"",""ks""),$B593)",=$B593
ui_0593,You can upload only 2 image statuses in 24 hours. Delete an old image status to upload again.,"=IFERROR(GOOGLETRANSLATE($B594,""en"",""as""),$B594)","=IFERROR(GOOGLETRANSLATE($B594,""en"",""gom""),$B594)","=IFERROR(GOOGLETRANSLATE($B594,""en"",""gu""),$B594)","=IFERROR(GOOGLETRANSLATE($B594,""en"",""mr""),$B594)","=IFERROR(GOOGLETRANSLATE($B594,""en"",""mni-Mtei""),$B594)","=IFERROR(GOOGLETRANSLATE($B594,""en"",""lus""),$B594)","=IFERROR(GOOGLETRANSLATE($B594,""en"",""or""),$B594)","=IFERROR(GOOGLETRANSLATE($B594,""en"",""pa""),$B594)","=IFERROR(GOOGLETRANSLATE($B594,""en"",""ne""),$B594)","=IFERROR(GOOGLETRANSLATE($B594,""en"",""bn""),$B594)","=IFERROR(GOOGLETRANSLATE($B594,""en"",""ks""),$B594)",=$B594
ui_0594,You can upload only 5 text statuses in 24 hours. Delete an old text status to upload again.,"=IFERROR(GOOGLETRANSLATE($B595,""en"",""as""),$B595)","=IFERROR(GOOGLETRANSLATE($B595,""en"",""gom""),$B595)","=IFERROR(GOOGLETRANSLATE($B595,""en"",""gu""),$B595)","=IFERROR(GOOGLETRANSLATE($B595,""en"",""mr""),$B595)","=IFERROR(GOOGLETRANSLATE($B595,""en"",""mni-Mtei""),$B595)","=IFERROR(GOOGLETRANSLATE($B595,""en"",""lus""),$B595)","=IFERROR(GOOGLETRANSLATE($B595,""en"",""or""),$B595)","=IFERROR(GOOGLETRANSLATE($B595,""en"",""pa""),$B595)","=IFERROR(GOOGLETRANSLATE($B595,""en"",""ne""),$B595)","=IFERROR(GOOGLETRANSLATE($B595,""en"",""bn""),$B595)","=IFERROR(GOOGLETRANSLATE($B595,""en"",""ks""),$B595)",=$B595
ui_0595,"You must keep your login details secure. You must have the right to use any photos, quote text, status images, status captions, status replies/comments, videos, logos, or poster materials you upload. By submitting a quote or image, you give Mana Poster Ai non-exclusive permission to review, edit/customize, correct the category, and publish the resulting poster in the app. By uploading text/image/caption as a status, you give temporary permission to show it within the selected region/religion scope. By sending a status reply/comment, you give permission to show that reply/comment to the status owner and to process it for safety, moderation, and security purposes. Illegal, deceptive, hateful, obscene, threatening, harassing, privacy-violating, or infringing content is prohibited. Posters or videos shown to other users in the app are reviewed before publication; statuses/replies are short-lived but remain subject to policy and security review.","=IFERROR(GOOGLETRANSLATE($B596,""en"",""as""),$B596)","=IFERROR(GOOGLETRANSLATE($B596,""en"",""gom""),$B596)","=IFERROR(GOOGLETRANSLATE($B596,""en"",""gu""),$B596)","=IFERROR(GOOGLETRANSLATE($B596,""en"",""mr""),$B596)","=IFERROR(GOOGLETRANSLATE($B596,""en"",""mni-Mtei""),$B596)","=IFERROR(GOOGLETRANSLATE($B596,""en"",""lus""),$B596)","=IFERROR(GOOGLETRANSLATE($B596,""en"",""or""),$B596)","=IFERROR(GOOGLETRANSLATE($B596,""en"",""pa""),$B596)","=IFERROR(GOOGLETRANSLATE($B596,""en"",""ne""),$B596)","=IFERROR(GOOGLETRANSLATE($B596,""en"",""bn""),$B596)","=IFERROR(GOOGLETRANSLATE($B596,""en"",""ks""),$B596)",=$B596
ui_0596,Your afternoon poster is ready. Share it now.,"=IFERROR(GOOGLETRANSLATE($B597,""en"",""as""),$B597)","=IFERROR(GOOGLETRANSLATE($B597,""en"",""gom""),$B597)","=IFERROR(GOOGLETRANSLATE($B597,""en"",""gu""),$B597)","=IFERROR(GOOGLETRANSLATE($B597,""en"",""mr""),$B597)","=IFERROR(GOOGLETRANSLATE($B597,""en"",""mni-Mtei""),$B597)","=IFERROR(GOOGLETRANSLATE($B597,""en"",""lus""),$B597)","=IFERROR(GOOGLETRANSLATE($B597,""en"",""or""),$B597)","=IFERROR(GOOGLETRANSLATE($B597,""en"",""pa""),$B597)","=IFERROR(GOOGLETRANSLATE($B597,""en"",""ne""),$B597)","=IFERROR(GOOGLETRANSLATE($B597,""en"",""bn""),$B597)","=IFERROR(GOOGLETRANSLATE($B597,""en"",""ks""),$B597)",=$B597
ui_0597,Your Choices and Account Deletion,"=IFERROR(GOOGLETRANSLATE($B598,""en"",""as""),$B598)","=IFERROR(GOOGLETRANSLATE($B598,""en"",""gom""),$B598)","=IFERROR(GOOGLETRANSLATE($B598,""en"",""gu""),$B598)","=IFERROR(GOOGLETRANSLATE($B598,""en"",""mr""),$B598)","=IFERROR(GOOGLETRANSLATE($B598,""en"",""mni-Mtei""),$B598)","=IFERROR(GOOGLETRANSLATE($B598,""en"",""lus""),$B598)","=IFERROR(GOOGLETRANSLATE($B598,""en"",""or""),$B598)","=IFERROR(GOOGLETRANSLATE($B598,""en"",""pa""),$B598)","=IFERROR(GOOGLETRANSLATE($B598,""en"",""ne""),$B598)","=IFERROR(GOOGLETRANSLATE($B598,""en"",""bn""),$B598)","=IFERROR(GOOGLETRANSLATE($B598,""en"",""ks""),$B598)",=$B598
ui_0598,"Your login, poster profile, and subscription-related access records will be removed. This cannot be undone.","=IFERROR(GOOGLETRANSLATE($B599,""en"",""as""),$B599)","=IFERROR(GOOGLETRANSLATE($B599,""en"",""gom""),$B599)","=IFERROR(GOOGLETRANSLATE($B599,""en"",""gu""),$B599)","=IFERROR(GOOGLETRANSLATE($B599,""en"",""mr""),$B599)","=IFERROR(GOOGLETRANSLATE($B599,""en"",""mni-Mtei""),$B599)","=IFERROR(GOOGLETRANSLATE($B599,""en"",""lus""),$B599)","=IFERROR(GOOGLETRANSLATE($B599,""en"",""or""),$B599)","=IFERROR(GOOGLETRANSLATE($B599,""en"",""pa""),$B599)","=IFERROR(GOOGLETRANSLATE($B599,""en"",""ne""),$B599)","=IFERROR(GOOGLETRANSLATE($B599,""en"",""bn""),$B599)","=IFERROR(GOOGLETRANSLATE($B599,""en"",""ks""),$B599)",=$B599
ui_0599,Your membership is expiring soon,"=IFERROR(GOOGLETRANSLATE($B600,""en"",""as""),$B600)","=IFERROR(GOOGLETRANSLATE($B600,""en"",""gom""),$B600)","=IFERROR(GOOGLETRANSLATE($B600,""en"",""gu""),$B600)","=IFERROR(GOOGLETRANSLATE($B600,""en"",""mr""),$B600)","=IFERROR(GOOGLETRANSLATE($B600,""en"",""mni-Mtei""),$B600)","=IFERROR(GOOGLETRANSLATE($B600,""en"",""lus""),$B600)","=IFERROR(GOOGLETRANSLATE($B600,""en"",""or""),$B600)","=IFERROR(GOOGLETRANSLATE($B600,""en"",""pa""),$B600)","=IFERROR(GOOGLETRANSLATE($B600,""en"",""ne""),$B600)","=IFERROR(GOOGLETRANSLATE($B600,""en"",""bn""),$B600)","=IFERROR(GOOGLETRANSLATE($B600,""en"",""ks""),$B600)",=$B600
ui_0600,Your morning poster is ready. Share it now.,"=IFERROR(GOOGLETRANSLATE($B601,""en"",""as""),$B601)","=IFERROR(GOOGLETRANSLATE($B601,""en"",""gom""),$B601)","=IFERROR(GOOGLETRANSLATE($B601,""en"",""gu""),$B601)","=IFERROR(GOOGLETRANSLATE($B601,""en"",""mr""),$B601)","=IFERROR(GOOGLETRANSLATE($B601,""en"",""mni-Mtei""),$B601)","=IFERROR(GOOGLETRANSLATE($B601,""en"",""lus""),$B601)","=IFERROR(GOOGLETRANSLATE($B601,""en"",""or""),$B601)","=IFERROR(GOOGLETRANSLATE($B601,""en"",""pa""),$B601)","=IFERROR(GOOGLETRANSLATE($B601,""en"",""ne""),$B601)","=IFERROR(GOOGLETRANSLATE($B601,""en"",""bn""),$B601)","=IFERROR(GOOGLETRANSLATE($B601,""en"",""ks""),$B601)",=$B601
ui_0601,Your night poster is ready. Share it now.,"=IFERROR(GOOGLETRANSLATE($B602,""en"",""as""),$B602)","=IFERROR(GOOGLETRANSLATE($B602,""en"",""gom""),$B602)","=IFERROR(GOOGLETRANSLATE($B602,""en"",""gu""),$B602)","=IFERROR(GOOGLETRANSLATE($B602,""en"",""mr""),$B602)","=IFERROR(GOOGLETRANSLATE($B602,""en"",""mni-Mtei""),$B602)","=IFERROR(GOOGLETRANSLATE($B602,""en"",""lus""),$B602)","=IFERROR(GOOGLETRANSLATE($B602,""en"",""or""),$B602)","=IFERROR(GOOGLETRANSLATE($B602,""en"",""pa""),$B602)","=IFERROR(GOOGLETRANSLATE($B602,""en"",""ne""),$B602)","=IFERROR(GOOGLETRANSLATE($B602,""en"",""bn""),$B602)","=IFERROR(GOOGLETRANSLATE($B602,""en"",""ks""),$B602)",=$B602
ui_0602,Your plan details,"=IFERROR(GOOGLETRANSLATE($B603,""en"",""as""),$B603)","=IFERROR(GOOGLETRANSLATE($B603,""en"",""gom""),$B603)","=IFERROR(GOOGLETRANSLATE($B603,""en"",""gu""),$B603)","=IFERROR(GOOGLETRANSLATE($B603,""en"",""mr""),$B603)","=IFERROR(GOOGLETRANSLATE($B603,""en"",""mni-Mtei""),$B603)","=IFERROR(GOOGLETRANSLATE($B603,""en"",""lus""),$B603)","=IFERROR(GOOGLETRANSLATE($B603,""en"",""or""),$B603)","=IFERROR(GOOGLETRANSLATE($B603,""en"",""pa""),$B603)","=IFERROR(GOOGLETRANSLATE($B603,""en"",""ne""),$B603)","=IFERROR(GOOGLETRANSLATE($B603,""en"",""bn""),$B603)","=IFERROR(GOOGLETRANSLATE($B603,""en"",""ks""),$B603)",=$B603
ui_0603,Your plan ends within the next 3 days. Renew now to keep using posters without interruption.,"=IFERROR(GOOGLETRANSLATE($B604,""en"",""as""),$B604)","=IFERROR(GOOGLETRANSLATE($B604,""en"",""gom""),$B604)","=IFERROR(GOOGLETRANSLATE($B604,""en"",""gu""),$B604)","=IFERROR(GOOGLETRANSLATE($B604,""en"",""mr""),$B604)","=IFERROR(GOOGLETRANSLATE($B604,""en"",""mni-Mtei""),$B604)","=IFERROR(GOOGLETRANSLATE($B604,""en"",""lus""),$B604)","=IFERROR(GOOGLETRANSLATE($B604,""en"",""or""),$B604)","=IFERROR(GOOGLETRANSLATE($B604,""en"",""pa""),$B604)","=IFERROR(GOOGLETRANSLATE($B604,""en"",""ne""),$B604)","=IFERROR(GOOGLETRANSLATE($B604,""en"",""bn""),$B604)","=IFERROR(GOOGLETRANSLATE($B604,""en"",""ks""),$B604)",=$B604
ui_0604,Your posters are ready. Open now.,"=IFERROR(GOOGLETRANSLATE($B605,""en"",""as""),$B605)","=IFERROR(GOOGLETRANSLATE($B605,""en"",""gom""),$B605)","=IFERROR(GOOGLETRANSLATE($B605,""en"",""gu""),$B605)","=IFERROR(GOOGLETRANSLATE($B605,""en"",""mr""),$B605)","=IFERROR(GOOGLETRANSLATE($B605,""en"",""mni-Mtei""),$B605)","=IFERROR(GOOGLETRANSLATE($B605,""en"",""lus""),$B605)","=IFERROR(GOOGLETRANSLATE($B605,""en"",""or""),$B605)","=IFERROR(GOOGLETRANSLATE($B605,""en"",""pa""),$B605)","=IFERROR(GOOGLETRANSLATE($B605,""en"",""ne""),$B605)","=IFERROR(GOOGLETRANSLATE($B605,""en"",""bn""),$B605)","=IFERROR(GOOGLETRANSLATE($B605,""en"",""ks""),$B605)",=$B605
ui_0605,Your rating and review help more people discover the app.,"=IFERROR(GOOGLETRANSLATE($B606,""en"",""as""),$B606)","=IFERROR(GOOGLETRANSLATE($B606,""en"",""gom""),$B606)","=IFERROR(GOOGLETRANSLATE($B606,""en"",""gu""),$B606)","=IFERROR(GOOGLETRANSLATE($B606,""en"",""mr""),$B606)","=IFERROR(GOOGLETRANSLATE($B606,""en"",""mni-Mtei""),$B606)","=IFERROR(GOOGLETRANSLATE($B606,""en"",""lus""),$B606)","=IFERROR(GOOGLETRANSLATE($B606,""en"",""or""),$B606)","=IFERROR(GOOGLETRANSLATE($B606,""en"",""pa""),$B606)","=IFERROR(GOOGLETRANSLATE($B606,""en"",""ne""),$B606)","=IFERROR(GOOGLETRANSLATE($B606,""en"",""bn""),$B606)","=IFERROR(GOOGLETRANSLATE($B606,""en"",""ks""),$B606)",=$B606
ui_0606,Your subscription is confirmed. You can now create your posters with confidence.,"=IFERROR(GOOGLETRANSLATE($B607,""en"",""as""),$B607)","=IFERROR(GOOGLETRANSLATE($B607,""en"",""gom""),$B607)","=IFERROR(GOOGLETRANSLATE($B607,""en"",""gu""),$B607)","=IFERROR(GOOGLETRANSLATE($B607,""en"",""mr""),$B607)","=IFERROR(GOOGLETRANSLATE($B607,""en"",""mni-Mtei""),$B607)","=IFERROR(GOOGLETRANSLATE($B607,""en"",""lus""),$B607)","=IFERROR(GOOGLETRANSLATE($B607,""en"",""or""),$B607)","=IFERROR(GOOGLETRANSLATE($B607,""en"",""pa""),$B607)","=IFERROR(GOOGLETRANSLATE($B607,""en"",""ne""),$B607)","=IFERROR(GOOGLETRANSLATE($B607,""en"",""bn""),$B607)","=IFERROR(GOOGLETRANSLATE($B607,""en"",""ks""),$B607)",=$B607
